movieId,personId
tt0117438,nm0000165
tt0117500,nm0000881
tt0117509,nm0525303
tt0117571,nm0000127
tt0117589,nm0005139
tt0117631,nm0382956
tt0117665,nm0001469
tt0117666,nm0000671
tt0117705,nm0701592
tt0117731,nm0000408
tt0117765,nm0000921
tt0117802,nm0510731
tt0117887,nm0000158
tt0117913,nm0001708
tt0117918,nm0005421
tt0117951,nm0000965
tt0117998,nm0000957
tt0118548,nm0000142
tt0118571,nm0000583
tt0118583,nm0000466
tt0118607,nm0000229
tt0118615,nm0515891
tt0118617,nm0089940
tt0118617,nm0325776
tt0118655,nm0005366
tt0118688,nm0001708
tt0118689,nm0809321
tt0118694,nm0939182
tt0118715,nm0001054
tt0118715,nm0001053
tt0118749,nm0000759
tt0118771,nm0609236
tt0118789,nm0001252
tt0118799,nm0000905
tt0118842,nm0003620
tt0118843,nm0001437
tt0118849,nm0006498
tt0118880,nm0922346
tt0118883,nm0001149
tt0118884,nm0000709
tt0118887,nm0003506
tt0118928,nm0002044
tt0118929,nm0001639
tt0118954,nm0000095
tt0118971,nm0000431
tt0118972,nm0001587
tt0118998,nm0858525
tt0119008,nm0001565
tt0119051,nm0848414
tt0119081,nm0027271
tt0119094,nm0000247
tt0119099,nm0387706
tt0119116,nm0000108
tt0119137,nm0562645
tt0119164,nm0146341
tt0119167,nm0359734
tt0119173,nm0000631
tt0119174,nm0000399
tt0119177,nm0629272
tt0119190,nm0918873
tt0119217,nm0001814
tt0119223,nm0190859
tt0119229,nm0000786
tt0119256,nm0000759
tt0119282,nm0166256
tt0119282,nm0615780
tt0119303,nm0331532
tt0119345,nm0318947
tt0119349,nm0000487
tt0119395,nm0001994
tt0119396,nm0000233
tt0119468,nm0001219
tt0119488,nm0000436
tt0119528,nm0001723
tt0119558,nm0001490
tt0119567,nm0000229
tt0119643,nm0000976
tt0119654,nm0001756
tt0119675,nm0868219
tt0119698,nm0594503
tt0119707,nm0502954
tt0119715,nm0893659
tt0119738,nm0389591
tt0119807,nm0644203
tt0119822,nm0000985
tt0119874,nm0001460
tt0119925,nm0000126
tt0119978,nm0000338
tt0120032,nm0592400
tt0120053,nm0637518
tt0120082,nm0000127
tt0120102,nm0000269
tt0120148,nm0398185
tt0120157,nm0027271
tt0120177,nm0228147
tt0120179,nm0000957
tt0120184,nm0001469
tt0120188,nm0751102
tt0120201,nm0000682
tt0120324,nm0000600
tt0120338,nm0000116
tt0120347,nm0006854
tt0120363,nm0005124
tt0120363,nm0105169
tt0120363,nm0881279
tt0120382,nm0001837
tt0120399,nm0000231
tt0120434,nm0450387
tt0120461,nm0413875
tt0120484,nm0178997
tt0120586,nm0443411
tt0120587,nm0201509
tt0120587,nm0426333
tt0120587,nm0349183
tt0120591,nm0000881
tt0120601,nm0005069
tt0120611,nm0635759
tt0120616,nm0814085
tt0120623,nm0005124
tt0120623,nm0004056
tt0120630,nm0520485
tt0120630,nm0661910
tt0120631,nm0855035
tt0120632,nm0797869
tt0120647,nm0001460
tt0120655,nm0003620
tt0120657,nm0001532
tt0120660,nm0001716
tt0120663,nm0000040
tt0120667,nm1103162
tt0120669,nm0000416
tt0120679,nm0853380
tt0120681,nm0400436
tt0120681,nm0400441
tt0120685,nm0000386
tt0120686,nm0001060
tt0120689,nm0001104
tt0120693,nm0205542
tt0120694,nm0591171
tt0120731,nm0868153
tt0120735,nm0005363
tt0120737,nm0001392
tt0120738,nm0394280
tt0120744,nm0908824
tt0120746,nm0132709
tt0120749,nm0000887
tt0120755,nm0000247
tt0120762,nm0051643
tt0120762,nm0176905
tt0120768,nm0336620
tt0120770,nm0287198
tt0120780,nm0001752
tt0120783,nm0583600
tt0120784,nm0001338
tt0120787,nm0001112
tt0120789,nm0002657
tt0120791,nm0001162
tt0120794,nm0152312
tt0120794,nm9054338
tt0120794,nm0920425
tt0120804,nm0027271
tt0120812,nm0711840
tt0120815,nm0000229
tt0120828,nm0718645
tt0120832,nm0000361
tt0120844,nm0000408
tt0120855,nm0118333
tt0120855,nm0510674
tt0120863,nm0000517
tt0120873,nm0000829
tt0120877,nm0000118
tt0120885,nm0001469
tt0120888,nm0178997
tt0120889,nm0911910
tt0120890,nm0573796
tt0120891,nm0001756
tt0120902,nm0101385
tt0120903,nm0001741
tt0120907,nm0000343
tt0120912,nm0001756
tt0120913,nm0089940
tt0120913,nm0325776
tt0120915,nm0000184
tt0120917,nm0227540
tt0121164,nm0000318
tt0121164,nm0425843
tt0121765,nm0000184
tt0121766,nm0000184
tt0010323,nm0927468
tt0012349,nm0000122
tt0013442,nm0003638
tt0015324,nm0000036
tt0015648,nm0001178
tt0015864,nm0000122
tt0017136,nm0000485
tt0017925,nm0115669
tt0017925,nm0000036
tt0018455,nm0003638
tt0019254,nm0003433
tt0020629,nm0587277
tt0021749,nm0000122
tt0021814,nm0115218
tt0021814,nm0005713
tt0021884,nm0001843
tt0022100,nm0000485
tt0022913,nm0115218
tt0023969,nm0564970
tt0024216,nm0178260
tt0024216,nm0774325
tt0025316,nm0001008
tt0026029,nm0000033
tt0026138,nm0001843
tt0027977,nm0000122
tt0029583,nm0183183
tt0029583,nm0359457
tt0029583,nm0414144
tt0029583,nm0604392
tt0029583,nm0668998
tt0029583,nm0789313
tt0029843,nm0002031
tt0029843,nm0445033
tt0029947,nm0001328
tt0030341,nm0000033
tt0031381,nm0281808
tt0031679,nm0001008
tt0031971,nm0000406
tt0032138,nm0281808
tt0032138,nm0002030
tt0032138,nm0851537
tt0032138,nm0861703
tt0032138,nm0896542
tt0032455,nm0019282
tt0032455,nm0035899
tt0032455,nm1968474
tt0032455,nm0272568
tt0032455,nm0359457
tt0032455,nm0359610
tt0032455,nm0373429
tt0032455,nm0414144
tt0032455,nm0527217
tt0032455,nm0730860
tt0032455,nm0766402
tt0032455,nm0789313
tt0032551,nm0000406
tt0032553,nm0000122
tt0032599,nm0001328
tt0032904,nm0002030
tt0032910,nm0272568
tt0032910,nm0373429
tt0032910,nm0414144
tt0032910,nm0455741
tt0032910,nm0527217
tt0032910,nm0730860
tt0032910,nm0789313
tt0032976,nm0000033
tt0033467,nm0000080
tt0033563,nm0035899
tt0033563,nm0272568
tt0033563,nm0414144
tt0033563,nm0455741
tt0033563,nm0730860
tt0033563,nm0789313
tt0033870,nm0001379
tt0034492,nm0019282
tt0034492,nm0035899
tt0034492,nm0359457
tt0034492,nm0373871
tt0034492,nm0730860
tt0034492,nm0766402
tt0034492,nm0942687
tt0034492,nm0204190
tt0034492,nm0314671
tt0034583,nm0002031
tt0035423,nm0003506
tt0036342,nm0000033
tt0036613,nm0001008
tt0036775,nm0000697
tt0036868,nm0943758
tt0037008,nm0695937
tt0037008,nm0541149
tt0038109,nm0000033
tt0038355,nm0001328
tt0038650,nm0001008
tt0038787,nm0000033
tt0039628,nm0780833
tt0040522,nm0001120
tt0040746,nm0000033
tt0040897,nm0001379
tt0041959,nm0715346
tt0042192,nm0000581
tt0042332,nm0314671
tt0042332,nm0414144
tt0042332,nm0527217
tt0042546,nm0467396
tt0042876,nm0000041
tt0043014,nm0000697
tt0043265,nm0001379
tt0043274,nm0314671
tt0043274,nm0414144
tt0043274,nm0527217
tt0043274,nm0455741
tt0043456,nm0936404
tt0044079,nm0000033
tt0044081,nm0001415
tt0044706,nm0003593
tt0044741,nm0000041
tt0045152,nm0002045
tt0045152,nm0000037
tt0045793,nm0003593
tt0046183,nm0314671
tt0046183,nm0414144
tt0046183,nm0527217
tt0046183,nm0455741
tt0046250,nm0943758
tt0046268,nm0167241
tt0046359,nm0000697
tt0046438,nm0654868
tt0046911,nm0167241
tt0046912,nm0000033
tt0047296,nm0001415
tt0047396,nm0000033
tt0047437,nm0000697
tt0047478,nm0000041
tt0047528,nm0000019
tt0047673,nm0002031
tt0048028,nm0001415
tt0048280,nm0314671
tt0048280,nm0414144
tt0048280,nm0527217
tt0048280,nm0194018
tt0048424,nm0001452
tt0048545,nm0712947
tt0048728,nm0000033
tt0049223,nm0928208
tt0049366,nm0796923
tt0049406,nm0000040
tt0049470,nm0000033
tt0049730,nm0000406
tt0049833,nm0001124
tt0050083,nm0001486
tt0050212,nm0000180
tt0050613,nm0000041
tt0050783,nm0000019
tt0050825,nm0000040
tt0050976,nm0000005
tt0050986,nm0000005
tt0051201,nm0000697
tt0051459,nm0112218
tt0052311,nm0000080
tt0052357,nm0000033
tt0052561,nm0695937
tt0052618,nm0943758
tt0053125,nm0000033
tt0053198,nm0000076
tt0053221,nm0001328
tt0053285,nm0164203
tt0053285,nm0314671
tt0053285,nm0488981
tt0053285,nm0718627
tt0053285,nm0527217
tt0053291,nm0000697
tt0053472,nm0000419
tt0053604,nm0000697
tt0053779,nm0000019
tt0054047,nm0836328
tt0054215,nm0000033
tt0054331,nm0000040
tt0054698,nm0001175
tt0054953,nm0496746
tt0054997,nm0744035
tt0055031,nm0006452
tt0055254,nm0314671
tt0055254,nm0527217
tt0055254,nm0718627
tt0055614,nm0730385
tt0055614,nm0936404
tt0055630,nm0000041
tt0055928,nm0950109
tt0056058,nm0462030
tt0056172,nm0000180
tt0056193,nm0000040
tt0056197,nm0002175
tt0056197,nm0554249
tt0056197,nm0652631
tt0056197,nm0926919
tt0056197,nm0953123
tt0056217,nm0000406
tt0056218,nm0001239
tt0056592,nm0612322
tt0056687,nm0000736
tt0056801,nm0000019
tt0056869,nm0000033
tt0056923,nm0002045
tt0057012,nm0000040
tt0057076,nm0950109
tt0057115,nm0836328
tt0057193,nm0006452
tt0057413,nm0001175
tt0057546,nm0718627
tt0057546,nm0314671
tt0057546,nm0359457
tt0057565,nm0000041
tt0058150,nm0357891
tt0058182,nm0504513
tt0058329,nm0000033
tt0058331,nm0829038
tt0058385,nm0002030
tt0058461,nm0001466
tt0058946,nm0690597
tt0059113,nm0000180
tt0059578,nm0001466
tt0059646,nm0000591
tt0059742,nm0936404
tt0059800,nm0950109
tt0060107,nm0001789
tt0060176,nm0000774
tt0060196,nm0001466
tt0060827,nm0000005
tt0061184,nm0001566
tt0061395,nm0000320
tt0061418,nm0671957
tt0061512,nm0742341
tt0061578,nm0000736
tt0061722,nm0001566
tt0061735,nm0006452
tt0061811,nm0422484
tt0061852,nm0718627
tt0062229,nm0578483
tt0062512,nm0318150
tt0062622,nm0000040
tt0062765,nm0946811
tt0062803,nm0400731
tt0063350,nm0001681
tt0063442,nm0769874
tt0063462,nm0000316
tt0063522,nm0000591
tt0064115,nm0001351
tt0064116,nm0001466
tt0064276,nm0000454
tt0064505,nm0172772
tt0064665,nm0772259
tt0064757,nm0402597
tt0065126,nm0368871
tt0065207,nm0404606
tt0065214,nm0001603
tt0065421,nm0718627
tt0065462,nm0692872
tt0065938,nm0404606
tt0066026,nm0000265
tt0066206,nm0769874
tt0066434,nm0000184
tt0066921,nm0000040
tt0066995,nm0357891
tt0066999,nm0796923
tt0066999,nm0000142
tt0067093,nm0422484
tt0067116,nm0001243
tt0067185,nm0000797
tt0067328,nm0000953
tt0067800,nm0001603
tt0067992,nm0835799
tt0068182,nm0001348
tt0068327,nm0002080
tt0068361,nm0000320
tt0068473,nm0000958
tt0068611,nm0000033
tt0068646,nm0000338
tt0068699,nm0000142
tt0069113,nm0623768
tt0069281,nm0000581
tt0069293,nm0001789
tt0069704,nm0000184
tt0069762,nm0000517
tt0069947,nm0003593
tt0069995,nm0001676
tt0070034,nm0167195
tt0070047,nm0001243
tt0070328,nm0357891
tt0070355,nm0692872
tt0070379,nm0000217
tt0070510,nm0000953
tt0070511,nm0769874
tt0070608,nm0718627
tt0070608,nm0359457
tt0070666,nm0001486
tt0070723,nm0281507
tt0070735,nm0001351
tt0070849,nm0000934
tt0070909,nm0000341
tt0070917,nm0362736
tt0071129,nm0000019
tt0071222,nm0163706
tt0071230,nm0000316
tt0071315,nm0000591
tt0071360,nm0000338
tt0071562,nm0000338
tt0071615,nm0423524
tt0071807,nm0357891
tt0071853,nm0000416
tt0071853,nm0001402
tt0071877,nm0001486
tt0072271,nm0001361
tt0072308,nm0347086
tt0072431,nm0000316
tt0072443,nm0001789
tt0072684,nm0000040
tt0072890,nm0001486
tt0073195,nm0000229
tt0073341,nm0001379
tt0073486,nm0001232
tt0073629,nm0788940
tt0073650,nm0001596
tt0073707,nm0802693
tt0073802,nm0001628
tt0074119,nm0001587
tt0074156,nm0000118
tt0074285,nm0000361
tt0074483,nm0267309
tt0074486,nm0000186
tt0074811,nm0000591
tt0074812,nm0027183
tt0074860,nm0772259
tt0074896,nm0002160
tt0074958,nm0001486
tt0075005,nm0001149
tt0075029,nm0000142
tt0075148,nm0000814
tt0075314,nm0000217
tt0075686,nm0000095
tt0075784,nm0000277
tt0075860,nm0000229
tt0076618,nm0522028
tt0076618,nm0718627
tt0076618,nm0828245
tt0076666,nm0000824
tt0076729,nm0624102
tt0076752,nm0318150
tt0076759,nm0000184
tt0076786,nm0000783
tt0077402,nm0001681
tt0077405,nm0000517
tt0077416,nm0001047
tt0077631,nm0459170
tt0077651,nm0000118
tt0077745,nm0442241
tt0077766,nm0844358
tt0077928,nm0000570
tt0077975,nm0000484
tt0078346,nm0001149
tt0078748,nm0000631
tt0078788,nm0000338
tt0078841,nm0000797
tt0078935,nm0219959
tt0079116,nm0796923
tt0079367,nm0005348
tt0079417,nm0000914
tt0079470,nm0001402
tt0079501,nm0004306
tt0079522,nm0000095
tt0079574,nm0318150
tt0079817,nm0000230
tt0079944,nm0001789
tt0079945,nm0936404
tt0080120,nm0001353
tt0080339,nm0000720
tt0080339,nm0001878
tt0080339,nm0958387
tt0080453,nm0459170
tt0080455,nm0000484
tt0080487,nm0000601
tt0080661,nm0000361
tt0080678,nm0000186
tt0080684,nm0449984
tt0080745,nm0388198
tt0080749,nm0000118
tt0080761,nm0192446
tt0080801,nm0371059
tt0081283,nm0000602
tt0081398,nm0000217
tt0081455,nm0000343
tt0081505,nm0000040
tt0081573,nm0504513
tt0081573,nm0001149
tt0081633,nm0000416
tt0082010,nm0000484
tt0082085,nm0000361
tt0082096,nm0000583
tt0082158,nm0399853
tt0082186,nm0204471
tt0082198,nm0587518
tt0082340,nm0000118
tt0082348,nm0000958
tt0082398,nm0322515
tt0082406,nm0075859
tt0082406,nm0723704
tt0082406,nm0828245
tt0082406,nm0359457
tt0082406,nm0718627
tt0082418,nm0591171
tt0082495,nm0742819
tt0082517,nm0000316
tt0082694,nm0004306
tt0082933,nm0958558
tt0082971,nm0000229
tt0083131,nm0718645
tt0083511,nm0001353
tt0083530,nm0277946
tt0083564,nm0001379
tt0083658,nm0000631
tt0083767,nm0001681
tt0083791,nm0001345
tt0083791,nm0000568
tt0083866,nm0000229
tt0083907,nm0000600
tt0083922,nm0000005
tt0083929,nm0002132
tt0083944,nm0467646
tt0083972,nm0591171
tt0083987,nm0000277
tt0084434,nm0000431
tt0084503,nm0000570
tt0084516,nm0001361
tt0084602,nm0000230
tt0084707,nm0001587
tt0084726,nm0583292
tt0084787,nm0000118
tt0084805,nm0001628
tt0084827,nm0513974
tt0084855,nm0001486
tt0085333,nm0000118
tt0085334,nm0163706
tt0085382,nm0853546
tt0085407,nm0000343
tt0085549,nm0001490
tt0085636,nm0908890
tt0085750,nm0023469
tt0085794,nm0000217
tt0085959,nm0001402
tt0085995,nm0000601
tt0086006,nm0449984
tt0086034,nm0322515
tt0086066,nm0000338
tt0086190,nm0549658
tt0086197,nm0442241
tt0086200,nm0001887
tt0086250,nm0000361
tt0086383,nm0000142
tt0086393,nm0504513
tt0086425,nm0000985
tt0086465,nm0000484
tt0086541,nm0000343
tt0086567,nm0000824
tt0086837,nm0001382
tt0086879,nm0001232
tt0086960,nm0000976
tt0086979,nm0001054
tt0086979,nm0001053
tt0087050,nm0452607
tt0087078,nm0281507
tt0087182,nm0000186
tt0087277,nm0006889
tt0087298,nm0957263
tt0087332,nm0718645
tt0087363,nm0001102
tt0087469,nm0000229
tt0087538,nm0000814
tt0087544,nm0594503
tt0087553,nm0423646
tt0087781,nm0001469
tt0087800,nm0000127
tt0087803,nm0705535
tt0087843,nm0001466
tt0087884,nm0000694
tt0087928,nm0933505
tt0087985,nm0587518
tt0088000,nm0437596
tt0088011,nm0000709
tt0088128,nm0000455
tt0088161,nm0000165
tt0088170,nm0000559
tt0088172,nm0000118
tt0088247,nm0000116
tt0088258,nm0001661
tt0088286,nm0000720
tt0088286,nm0001878
tt0088286,nm0958387
tt0088323,nm0000583
tt0088680,nm0000217
tt0088763,nm0000709
tt0088794,nm0390822
tt0088846,nm0000416
tt0088847,nm0000455
tt0088930,nm0528718
tt0088933,nm0000165
tt0088939,nm0000229
tt0088944,nm0504495
tt0088993,nm0001681
tt0089092,nm0000583
tt0089155,nm0006916
tt0089175,nm0276169
tt0089218,nm0001149
tt0089370,nm0853546
tt0089457,nm0001149
tt0089469,nm0000631
tt0089530,nm0004306
tt0089530,nm0644695
tt0089670,nm0002132
tt0089686,nm0794791
tt0089755,nm0001628
tt0089767,nm0000142
tt0089791,nm0000318
tt0089822,nm0661577
tt0089822,nm0797526
tt0089853,nm0000095
tt0089880,nm0181902
tt0089881,nm0000041
tt0089885,nm0002340
tt0089907,nm0639321
tt0089927,nm0000230
tt0090022,nm0001410
tt0090056,nm0000484
tt0090060,nm0001708
tt0090142,nm0199722
tt0090264,nm0322515
tt0090305,nm0000455
tt0090329,nm0001837
tt0090555,nm0265363
tt0090605,nm0000116
tt0090633,nm0089940
tt0090728,nm0000118
tt0090756,nm0000186
tt0090859,nm0181902
tt0090863,nm0000217
tt0090967,nm0000464
tt0091042,nm0000455
tt0091059,nm0459170
tt0091064,nm0000343
tt0091080,nm0572951
tt0091129,nm0006916
tt0091149,nm0166256
tt0091149,nm0560329
tt0091149,nm0585150
tt0091149,nm0615780
tt0091167,nm0000095
tt0091187,nm0000142
tt0091203,nm0611683
tt0091209,nm0363553
tt0091217,nm0000770
tt0091225,nm0404754
tt0091251,nm0459552
tt0091326,nm0000814
tt0091369,nm0001345
tt0091419,nm0000568
tt0091474,nm0000520
tt0091530,nm0423646
tt0091541,nm0000907
tt0091605,nm0000269
tt0091763,nm0000231
tt0091777,nm0661577
tt0091790,nm0222043
tt0091867,nm0412465
tt0091949,nm0000824
tt0092005,nm0001661
tt0092007,nm0000559
tt0092067,nm0594503
tt0092086,nm0000484
tt0092099,nm0001716
tt0092493,nm0180257
tt0092513,nm0001060
tt0092563,nm0000570
tt0092610,nm0001392
tt0092644,nm0001716
tt0092675,nm0036582
tt0092890,nm0001915
tt0092965,nm0000229
tt0092991,nm0000600
tt0093010,nm0001490
tt0093058,nm0000040
tt0093105,nm0001469
tt0093177,nm0000850
tt0093191,nm0000694
tt0093260,nm0001102
tt0093300,nm0765121
tt0093389,nm0000934
tt0093409,nm0001149
tt0093428,nm0322515
tt0093437,nm0001708
tt0093565,nm0422484
tt0093629,nm0751080
tt0093640,nm0002044
tt0093692,nm0324875
tt0093693,nm0005190
tt0093748,nm0000455
tt0093773,nm0001532
tt0093777,nm0000118
tt0093779,nm0001661
tt0093822,nm0001054
tt0093822,nm0001053
tt0093870,nm0000682
tt0093894,nm0001274
tt0094012,nm0000316
tt0094074,nm0002089
tt0094137,nm0000559
tt0094226,nm0000361
tt0094291,nm0000231
tt0094332,nm0004306
tt0094336,nm0732430
tt0094625,nm0960028
tt0094721,nm0000318
tt0094737,nm0001508
tt0094812,nm0005421
tt0094862,nm0276169
tt0094889,nm0002044
tt0094898,nm0000484
tt0094947,nm0001241
tt0094963,nm0887174
tt0094964,nm0000343
tt0095016,nm0001532
tt0095031,nm0000568
tt0095159,nm0187769
tt0095159,nm0000092
tt0095174,nm0000591
tt0095250,nm0000108
tt0095253,nm0222043
tt0095271,nm0514546
tt0095294,nm0709752
tt0095327,nm0847223
tt0095444,nm0158014
tt0095489,nm0089940
tt0095497,nm0000217
tt0095631,nm0000976
tt0095647,nm0000570
tt0095675,nm0000264
tt0095705,nm0001878
tt0095742,nm0001317
tt0095765,nm0868153
tt0095776,nm0780117
tt0095953,nm0001469
tt0095956,nm0003423
tt0095963,nm0001353
tt0096061,nm0001149
tt0096163,nm0806293
tt0096256,nm0000118
tt0096283,nm0594503
tt0096320,nm0718645
tt0096438,nm0000709
tt0096446,nm0000165
tt0096463,nm0001566
tt0096487,nm0128883
tt0096734,nm0001102
tt0096754,nm0000116
tt0096764,nm0000416
tt0096787,nm0089940
tt0096787,nm0325776
tt0096787,nm0473941
tt0096874,nm0000709
tt0096895,nm0000318
tt0096928,nm0378893
tt0096933,nm0000631
tt0096969,nm0000231
tt0097027,nm0000361
tt0097123,nm0000095
tt0097165,nm0001837
tt0097202,nm0000247
tt0097216,nm0000490
tt0097239,nm0000915
tt0097351,nm0004675
tt0097428,nm0718645
tt0097441,nm0001880
tt0097474,nm0652860
tt0097493,nm0499724
tt0097523,nm0002653
tt0097576,nm0000229
tt0097647,nm0000814
tt0097659,nm0228262
tt0097659,nm0175730
tt0097733,nm0001149
tt0097742,nm0322515
tt0097757,nm0166256
tt0097757,nm0615780
tt0097778,nm0002132
tt0097814,nm0594503
tt0097815,nm0911486
tt0097937,nm0006487
tt0097958,nm0154819
tt0097981,nm0394280
tt0098067,nm0000165
tt0098084,nm0005116
tt0098206,nm0380705
tt0098258,nm0001081
tt0098282,nm0002137
tt0098382,nm0000638
tt0098384,nm0006889
tt0098439,nm0464846
tt0098536,nm0006854
tt0098554,nm0000455
tt0098621,nm0000362
tt0098627,nm0467646
tt0098635,nm0001661
tt0098724,nm0001752
tt0099052,nm0550881
tt0099077,nm0001508
tt0099088,nm0000709
tt0099141,nm0000824
tt0099253,nm0480843
tt0099329,nm0000691
tt0099348,nm0000126
tt0099365,nm0000600
tt0099371,nm0001716
tt0099422,nm0000886
tt0099423,nm0001317
tt0099487,nm0000318
tt0099582,nm0001708
tt0099653,nm0958387
tt0099674,nm0000338
tt0099685,nm0000217
tt0099700,nm0001102
tt0099785,nm0001060
tt0099810,nm0001532
tt0099871,nm0001490
tt0099938,nm0718645
tt0100050,nm0002132
tt0100150,nm0001054
tt0100150,nm0001053
tt0100157,nm0001661
tt0100263,nm0000108
tt0100403,nm0394280
tt0100404,nm0001587
tt0100405,nm0005190
tt0100477,nm0125186
tt0100477,nm0300265
tt0100502,nm0449984
tt0100507,nm0000814
tt0100758,nm0006625
tt0100802,nm0000682
tt0100814,nm0881038
tt0100935,nm0000186
tt0100944,nm0001676
tt0101272,nm0001756
tt0101393,nm0000165
tt0101410,nm0001054
tt0101410,nm0001053
tt0101414,nm0873779
tt0101414,nm0936374
tt0101452,nm0382072
tt0101507,nm0005436
tt0101540,nm0000217
tt0101587,nm0881038
tt0101700,nm0001988
tt0101700,nm0000466
tt0101761,nm0000231
tt0101765,nm0001425
tt0101862,nm0796124
tt0101889,nm0000416
tt0101917,nm0003080
tt0101921,nm0000816
tt0102034,nm0611683
tt0102057,nm0000229
tt0102059,nm0000720
tt0102070,nm0499724
tt0102138,nm0000231
tt0102266,nm0001716
tt0102492,nm0956052
tt0102494,nm0001814
tt0102510,nm0001878
tt0102511,nm0000343
tt0102536,nm0000464
tt0102685,nm0000941
tt0102798,nm0721817
tt0102803,nm0002653
tt0102926,nm0001129
tt0102945,nm0747849
tt0102975,nm0583292
tt0103060,nm0696309
tt0103064,nm0000116
tt0103074,nm0000631
tt0103241,nm0000568
tt0103639,nm0166256
tt0103639,nm0615780
tt0103644,nm0000399
tt0103759,nm0001206
tt0103772,nm0000682
tt0103776,nm0000318
tt0103786,nm0505152
tt0103855,nm0413875
tt0103873,nm0001392
tt0103874,nm0000338
tt0103893,nm0476900
tt0103919,nm0741262
tt0103939,nm0000277
tt0103956,nm0070474
tt0104036,nm0001403
tt0104070,nm0000709
tt0104231,nm0000165
tt0104257,nm0001661
tt0104291,nm0591171
tt0104348,nm0001226
tt0104389,nm0000436
tt0104431,nm0001060
tt0104652,nm0594503
tt0104684,nm0000247
tt0104691,nm0000520
tt0104694,nm0001508
tt0104714,nm0001149
tt0104797,nm0000490
tt0104815,nm0001675
tt0104868,nm0378893
tt0104940,nm0005008
tt0104952,nm0528718
tt0105046,nm0000641
tt0105104,nm0393661
tt0105112,nm0637518
tt0105151,nm0000265
tt0105236,nm0000233
tt0105265,nm0000602
tt0105323,nm0000976
tt0105417,nm0001915
tt0105435,nm0004675
tt0105665,nm0000186
tt0105690,nm0001112
tt0105695,nm0000142
tt0105698,nm0000386
tt0105793,nm0790715
tt0105812,nm0005421
tt0106220,nm0001756
tt0106226,nm0000217
tt0106246,nm0550881
tt0106308,nm0000600
tt0106364,nm0022828
tt0106364,nm0456631
tt0106364,nm0667469
tt0106364,nm0722713
tt0106364,nm0705779
tt0106364,nm0863622
tt0106387,nm0154819
tt0106489,nm0000134
tt0106519,nm0000361
tt0106582,nm0001317
tt0106598,nm0006625
tt0106611,nm0005509
tt0106673,nm0718645
tt0106677,nm0000500
tt0106697,nm0104193
tt0106701,nm0145309
tt0106856,nm0001708
tt0106918,nm0001628
tt0106965,nm0934578
tt0106977,nm0001112
tt0107048,nm0000601
tt0107050,nm0677953
tt0107076,nm0000247
tt0107120,nm0650905
tt0107131,nm0242271
tt0107144,nm0000720
tt0107206,nm0000583
tt0107207,nm0006487
tt0107211,nm0001490
tt0107290,nm0000229
tt0107302,nm0784061
tt0107362,nm0001532
tt0107554,nm0400436
tt0107554,nm0400441
tt0107614,nm0001060
tt0107616,nm0000110
tt0107659,nm0704164
tt0107688,nm0783139
tt0107798,nm0001587
tt0107808,nm0000142
tt0107818,nm0001129
tt0107822,nm0001005
tt0107943,nm0412465
tt0107969,nm0442241
tt0107977,nm0000316
tt0107978,nm0215269
tt0108002,nm0000770
tt0108037,nm0262693
tt0108052,nm0000229
tt0108147,nm0004886
tt0108160,nm0001188
tt0108255,nm0417708
tt0108255,nm0608084
tt0108330,nm0001994
tt0108333,nm0378893
tt0108358,nm0181902
tt0108394,nm0001425
tt0108399,nm0001716
tt0108525,nm0839660
tt0108550,nm0002120
tt0109040,nm0001723
tt0109045,nm0254632
tt0109068,nm0499724
tt0109117,nm0764316
tt0109190,nm0425957
tt0109254,nm0000484
tt0109424,nm0939182
tt0109444,nm0637518
tt0109445,nm0003620
tt0109446,nm0001708
tt0109506,nm0001639
tt0109635,nm0001469
tt0109642,nm0000431
tt0109686,nm0268380
tt0109686,nm0125803
tt0109707,nm0000318
tt0109813,nm0505152
tt0109830,nm0000709
tt0109831,nm0001565
tt0109836,nm0000110
tt0110005,nm0001392
tt0110074,nm0001054
tt0110074,nm0001053
tt0110148,nm0001403
tt0110216,nm0718645
tt0110322,nm0001880
tt0110357,nm0021249
tt0110357,nm0591450
tt0110366,nm0790715
tt0110367,nm0000788
tt0110413,nm0000108
tt0110475,nm0751080
tt0110478,nm0001149
tt0110527,nm0562645
tt0110622,nm0781842
tt0110632,nm0000231
tt0110912,nm0000233
tt0110932,nm0000602
tt0110950,nm0001774
tt0110989,nm0677953
tt0110997,nm0000436
tt0111070,nm0664756
tt0111149,nm0000965
tt0111161,nm0001104
tt0111255,nm0515891
tt0111257,nm0000957
tt0111280,nm0141222
tt0111282,nm0000386
tt0111301,nm0211823
tt0111438,nm0001382
tt0111495,nm0001425
tt0111503,nm0000116
tt0111507,nm0001425
tt0111512,nm0514906
tt0111512,nm0000329
tt0111686,nm0000127
tt0111742,nm0001566
tt0111756,nm0001410
tt0112281,nm0644203
tt0112346,nm0001661
tt0112384,nm0000165
tt0112401,nm0001149
tt0112431,nm0003088
tt0112442,nm0000881
tt0112453,nm0920425
tt0112461,nm0436284
tt0112462,nm0001708
tt0112471,nm0000500
tt0112508,nm0205542
tt0112573,nm0000154
tt0112579,nm0000142
tt0112641,nm0000217
tt0112642,nm0797869
tt0112682,nm0001988
tt0112682,nm0000466
tt0112697,nm0002132
tt0112715,nm0550881
tt0112722,nm0000750
tt0112740,nm0001716
tt0112792,nm0808807
tt0112817,nm0000464
tt0112818,nm0000209
tt0112851,nm0001675
tt0112864,nm0001532
tt0112870,nm0159147
tt0112883,nm0505230
tt0112913,nm0939182
tt0112950,nm0610496
tt0113071,nm0958387
tt0113101,nm0025978
tt0113101,nm0734319
tt0113101,nm0001675
tt0113101,nm0000233
tt0113117,nm0001410
tt0113118,nm0336620
tt0113161,nm0001756
tt0113189,nm0132709
tt0113198,nm0510674
tt0113243,nm0812200
tt0113247,nm0440913
tt0113277,nm0000520
tt0113409,nm0000118
tt0113481,nm0519434
tt0113492,nm0134176
tt0113497,nm0002653
tt0113540,nm0164187
tt0113568,nm0651900
tt0113627,nm0001214
tt0113749,nm0003620
tt0113824,nm0464911
tt0113855,nm0027271
tt0113957,nm0005563
tt0114069,nm0000583
tt0114148,nm0300265
tt0114148,nm0325196
tt0114214,nm0000600
tt0114369,nm0000399
tt0114388,nm0000487
tt0114436,nm0000682
tt0114508,nm0002044
tt0114558,nm0000941
tt0114681,nm0001814
tt0114694,nm0781842
tt0114709,nm0005124
tt0114746,nm0000416
tt0114781,nm0614276
tt0114787,nm0001437
tt0114814,nm0001741
tt0114898,nm0721817
tt0114924,nm0005509
tt0115433,nm0378893
tt0115641,nm1070945
tt0115641,nm0221133
tt0115641,nm0438394
tt0115641,nm1301264
tt0115641,nm0431918
tt0115685,nm0001566
tt0115734,nm0027572
tt0115736,nm0905154
tt0115736,nm0905152
tt0115751,nm0001885
tt0115759,nm0000247
tt0115798,nm0001774
tt0115857,nm0001112
tt0115956,nm0001880
tt0115963,nm0281598
tt0115964,nm0000343
tt0116040,nm0003418
tt0116126,nm0054077
tt0116136,nm0003418
tt0116209,nm0005237
tt0116213,nm0751080
tt0116225,nm0000118
tt0116231,nm0877078
tt0116253,nm0000829
tt0116277,nm0001716
tt0116282,nm0001054
tt0116282,nm0001053
tt0116287,nm0001226
tt0116313,nm0933505
tt0116365,nm0001392
tt0116367,nm0001675
tt0116409,nm0394280
tt0116483,nm0240797
tt0116583,nm0873779
tt0116583,nm0936374
tt0116629,nm0000386
tt0116669,nm0000338
tt0116683,nm0783139
tt0116695,nm0001081
tt0116705,nm0505152
tt0116778,nm0125803
tt0116778,nm0268380
tt0116830,nm0001353
tt0116908,nm0001317
tt0116922,nm0000186
tt0116996,nm0000318
tt0117008,nm0000362
tt0117060,nm0000361
tt0117218,nm0001723
tt0117247,nm0001355
tt0117318,nm0001232
tt0117333,nm0005509
tt0117381,nm0387706
tt0117407,nm0716347
tt0122151,nm0001149
tt0122690,nm0001239
tt0122718,nm0001102
tt0122933,nm0000601
tt0123755,nm0622112
tt0123964,nm0001130
tt0124198,nm0000916
tt0124298,nm0933505
tt0124315,nm0002120
tt0124718,nm0000490
tt0125022,nm0592400
tt0125439,nm0585011
tt0125659,nm0024622
tt0125664,nm0001232
tt0126029,nm0011470
tt0126029,nm0421776
tt0126886,nm0668247
tt0127536,nm0001408
tt0127723,nm0253323
tt0127723,nm0438226
tt0128442,nm0001093
tt0128445,nm0027572
tt0128853,nm0001188
tt0129167,nm0083348
tt0129290,nm0001723
tt0129387,nm0125803
tt0129387,nm0268380
tt0130018,nm0134176
tt0130623,nm0500343
tt0130623,nm0957798
tt0130827,nm0878756
tt0131325,nm0000568
tt0131857,nm0001878
tt0132347,nm0882330
tt0132477,nm0002653
tt0133093,nm0905154
tt0133093,nm0905152
tt0133152,nm0000318
tt0133240,nm0166256
tt0133240,nm0615780
tt0133751,nm0001675
tt0133952,nm0001880
tt0134084,nm0000127
tt0134119,nm0005237
tt0134273,nm0001708
tt0134847,nm0878638
tt0137363,nm0671210
tt0137494,nm0000750
tt0137523,nm0000399
tt0138097,nm0006960
tt0138304,nm0712444
tt0138510,nm0281869
tt0138524,nm0001054
tt0138524,nm0001053
tt0138704,nm0004716
tt0138749,nm0074426
tt0138749,nm0666802
tt0138749,nm0005076
tt0139134,nm0474955
tt0139239,nm0510731
tt0139414,nm0591171
tt0139654,nm0298807
tt0139699,nm0005367
tt0139809,nm0750857
tt0140352,nm0000520
tt0140888,nm0758574
tt0141369,nm0446109
tt0141926,nm0609236
tt0142342,nm0240797
tt0142688,nm0000591
tt0143145,nm0000776
tt0144084,nm0366004
tt0144117,nm0240627
tt0144120,nm0950553
tt0144214,nm0922346
tt0144528,nm0781842
tt0145487,nm0000600
tt0145531,nm0906548
tt0145660,nm0005366
tt0145681,nm0637518
tt0146309,nm0002044
tt0146316,nm0922346
tt0146336,nm0087595
tt0146675,nm0001382
tt0146838,nm0000231
tt0146882,nm0001241
tt0146984,nm0000602
tt0147612,nm0001754
tt0147800,nm0432627
tt0149261,nm0001317
tt0150377,nm0000915
tt0150662,nm0600546
tt0151137,nm0000108
tt0151738,nm0331532
tt0151804,nm0431918
tt0152930,nm0000091
tt0154420,nm0899121
tt0154506,nm0634240
tt0155267,nm0001532
tt0155975,nm0001814
tt0156887,nm0464804
tt0158983,nm0005295
tt0159097,nm0001068
tt0159273,nm0601382
tt0159365,nm0005237
tt0160127,nm0629334
tt0160797,nm0001243
tt0160862,nm0410769
tt0161081,nm0000709
tt0162222,nm0000709
tt0162346,nm0959062
tt0162650,nm0005436
tt0162661,nm0000318
tt0163025,nm0002653
tt0163187,nm0005190
tt0163651,nm0919369
tt0163978,nm0000965
tt0163988,nm0000217
tt0164052,nm0000682
tt0164181,nm0462895
tt0164184,nm0004675
tt0164334,nm0848414
tt0164912,nm0591450
tt0165798,nm0000464
tt0165929,nm0005647
tt0165982,nm1369708
tt0165982,nm0426333
tt0166813,nm0038432
tt0166813,nm0177170
tt0166896,nm0000186
tt0166924,nm0000186
tt0167190,nm0868219
tt0167260,nm0001392
tt0167261,nm0001392
tt0167404,nm0796117
tt0168629,nm0001885
tt0169102,nm0332950
tt0169547,nm0005222
tt0169858,nm0030417
tt0169858,nm0875453
tt0170016,nm0000165
tt0171363,nm0000957
tt0171433,nm0001570
tt0171804,nm0005303
tt0172156,nm0000881
tt0172493,nm0003506
tt0172495,nm0000631
tt0172684,nm0424103
tt0173840,nm0756983
tt0173840,nm1012102
tt0174856,nm0422484
tt0175142,nm0005540
tt0175880,nm0000759
tt0177789,nm0661751
tt0177971,nm0000583
tt0178868,nm0620378
tt0179116,nm0044803
tt15255288,nm1275670
tt15255876,nm3621304
tt15257160,nm0946734
tt1527186,nm0001885
tt1527788,nm2556572
tt1527793,nm0661791
tt1528071,nm0014960
tt1528100,nm0000631
tt1528854,nm1890845
tt15314262,nm0043742
tt1531663,nm3656297
tt1532503,nm0590122
tt15325794,nm1470993
tt15326988,nm0002077
tt15327088,nm6142895
tt1535108,nm0088955
tt1535109,nm0339030
tt15354916,nm5961051
tt1536044,nm0931095
tt1536537,nm2482088
tt1538403,nm0958969
tt15398776,nm0634240
tt1540011,nm1417392
tt1540133,nm0567620
tt1542344,nm0000965
tt15428134,nm0386246
tt1547234,nm0462895
tt15474916,nm6475689
tt1549572,nm2648685
tt1549920,nm0453518
tt15501640,nm2391751
tt1555149,nm0655683
tt15552142,nm5031882
tt15552142,nm3961122
tt15574124,nm2197777
tt1559547,nm0481418
tt1560220,nm0281508
tt1560747,nm0000759
tt1562871,nm1025280
tt1562872,nm0015295
tt1563738,nm0771054
tt1564367,nm0240797
tt1564585,nm0833779
tt1564585,nm0833780
tt15654328,nm7992231
tt15671028,nm1969144
tt1567437,nm2277869
tt1567609,nm0344496
tt15679400,nm0796117
tt1568338,nm1300606
tt1568346,nm0000399
tt1568911,nm0000229
tt1568921,nm0948488
tt2752772,nm1164602
tt27534307,nm1220140
tt27543632,nm0082450
tt2758880,nm0149196
tt2763304,nm0000965
tt2771200,nm0174374
tt2771372,nm0859432
tt27714581,nm1258686
tt27714946,nm0674020
tt27719898,nm9955426
tt27744786,nm2134474
tt27847051,nm2207625
tt2788710,nm1698571
tt2788710,nm0736622
tt2788732,nm1108007
tt27911000,nm2093171
tt27989067,nm2669564
tt27989067,nm1223910
tt27989067,nm2279430
tt27989067,nm1234298
tt2798920,nm0307497
tt28015403,nm1399714
tt28015403,nm1456816
tt2802144,nm0891216
tt2802154,nm1168657
tt28037987,nm1887138
tt28075881,nm15165811
tt2820852,nm1490123
tt2823054,nm2021516
tt4139124,nm1534595
tt4139588,nm0959774
tt4154664,nm1349818
tt4154664,nm0281396
tt4154756,nm0751577
tt4154756,nm0751648
tt4154796,nm0751577
tt4154796,nm0751648
tt4158096,nm1296554
tt4160708,nm1793079
tt4169250,nm3109770
tt4172430,nm0000881
tt4176826,nm1177494
tt4178092,nm0249291
tt4190530,nm1193346
tt4196776,nm0339030
tt4209788,nm0815070
tt4218572,nm2588606
tt4225622,nm0629334
tt4226388,nm0771923
tt4244994,nm0000631
tt4244998,nm0400436
tt4263482,nm3211470
tt4273800,nm2105585
tt4276820,nm0359387
tt4281724,nm2093171
tt4287320,nm1242054
tt4302938,nm1325899
tt4332232,nm0026442
tt4361050,nm1093039
tt4364194,nm2436566
tt4364194,nm1916835
tt4385888,nm0590122
tt4387040,nm1329166
tt4425200,nm0821432
tt4430212,nm1723225
tt4438848,nm0831557
tt4443658,nm2577199
tt4463894,nm1103162
tt4465564,nm0001226
tt4468740,nm1653753
tt4477536,nm0001226
tt4481414,nm1989536
tt4481514,nm1157527
tt4495098,nm0088955
tt4500922,nm1226871
tt4501244,nm0357453
tt4513674,nm0000095
tt4513678,nm0718646
tt4520988,nm0118333
tt4520988,nm1601644
tt4530422,nm1170339
tt4532826,nm1163264
tt4540710,nm0006960
tt4547056,nm1142073
tt4550098,nm1053530
tt4555426,nm0942504
tt4560436,nm0000916
tt4566758,nm0138927
tt4572514,nm0000916
tt4575576,nm0286975
tt4589218,nm0849747
tt4595186,nm0054954
tt4595882,nm1716636
tt4614584,nm0020491
tt4622512,nm0206760
tt4622512,nm0267512
tt4624424,nm0831557
tt4624424,nm0842339
tt4627382,nm0161834
tt4630562,nm0336620
tt4633690,nm0006846
tt4633694,nm2130108
tt4633694,nm0709056
tt4633694,nm0745247
tt4649466,nm0891216
tt4651520,nm0524190
tt4651520,nm0601859
tt1161864,nm0405632
tt1164999,nm0327944
tt11655202,nm0421314
tt11655566,nm3255797
tt11657662,nm3391600
tt1166100,nm1436693
tt11671006,nm0400850
tt1170358,nm0001392
tt1172049,nm0885249
tt1172233,nm0000106
tt1172570,nm0716347
tt1172991,nm0920274
tt1172994,nm1488800
tt1174732,nm0771054
tt1175491,nm0000231
tt11755740,nm2596725
tt1175709,nm1285613
tt1176740,nm0005222
tt1178663,nm0000095
tt1179034,nm0603628
tt1179056,nm1207904
tt1179891,nm0527261
tt1179904,nm2305431
tt1179933,nm0870469
tt11813216,nm1732981
tt1181791,nm1247462
tt1182345,nm1512910
tt1182937,nm0159147
tt11851548,nm0068587
tt1185416,nm0425756
tt1185616,nm0284369
tt1185834,nm1396048
tt11858890,nm2284484
tt1186367,nm0574625
tt11866324,nm0870469
tt1186830,nm0024622
tt1187043,nm0386246
tt1187064,nm1247462
tt1188729,nm0023355
tt1188996,nm0424103
tt1189073,nm0000264
tt1189340,nm1026778
tt1190080,nm0000386
tt1190536,nm0761715
tt1190539,nm2947553
tt11909878,nm0281945
tt1191111,nm0637615
tt1192628,nm0893659
tt1193138,nm0718646
tt1193631,nm0160840
tt1194173,nm0006904
tt1195478,nm0831557
tt1196141,nm0294457
tt11976134,nm1460159
tt1197624,nm0336620
tt1197628,nm2095817
tt12001534,nm0001060
tt12003946,nm2482088
tt12004038,nm3013234
tt1201167,nm0031976
tt1201607,nm0946734
tt1723121,nm1098493
tt1723811,nm2588606
tt1726592,nm0423626
tt1726669,nm0001243
tt1727388,nm0269542
tt1727388,nm0711110
tt1727770,nm0001402
tt1727776,nm0484907
tt1727824,nm0001741
tt17279496,nm0307497
tt1731141,nm0004303
tt17351924,nm2193504
tt1735898,nm2782185
tt1740707,nm0004217
tt1741273,nm0712753
tt1742334,nm0043742
tt1745960,nm2676052
tt1748122,nm0027572
tt1748179,nm0181579
tt1748227,nm1729303
tt17526714,nm0267287
tt17527468,nm7681231
tt1753383,nm0002120
tt1754656,nm0651706
tt1757678,nm0000116
tt1758692,nm2035886
tt1758810,nm0019247
tt1758830,nm0031976
tt1763303,nm0440459
tt1764183,nm1906430
tt1764234,nm0231596
tt1764651,nm0922346
tt17663992,nm2366012
tt17663992,nm2419470
tt1767354,nm0814085
tt1772240,nm1018426
tt1772264,nm0026442
tt1772341,nm0601781
tt1778304,nm1160962
tt1778304,nm1413364
tt1781769,nm0942504
tt1781922,nm0235719
tt1783232,nm1147588
tt1790809,nm1461392
tt1790809,nm1650283
tt1790864,nm1226871
tt1790885,nm0000941
tt1790886,nm0005366
tt1791528,nm0000759
tt1791682,nm0000876
tt1798188,nm2066439
tt1798684,nm0298807
tt1798709,nm0005069
tt1800241,nm0751102
tt1800246,nm3230448
tt1800302,nm0300866
tt1800741,nm1228976
tt1809398,nm0001401
tt1815862,nm0796117
tt1817273,nm0161834
tt1821480,nm1223910
tt1821549,nm0668247
tt1821694,nm0661751
tt1823672,nm0088955
tt1825157,nm1547964
tt1825683,nm3363032
tt18259086,nm1733778
tt1827487,nm0149196
tt1832382,nm1410815
tt1833673,nm1715502
tt1837709,nm0326040
tt1838556,nm0931251
tt1839492,nm0206760
tt1839492,nm0267512
tt1839596,nm1665004
tt1840309,nm1139726
tt1840417,nm0460206
tt1840417,nm1600872
tt18411490,nm1834891
tt18412256,nm1793079
tt1843866,nm0751577
tt1843866,nm0751648
tt3040964,nm0269463
tt3042408,nm2171633
tt3045616,nm0462895
tt30472557,nm4181283
tt3062096,nm0000165
tt3063516,nm0871860
tt3064298,nm1414582
tt3065204,nm1490123
tt3072482,nm5820154
tt3076658,nm3363032
tt3079380,nm0082450
tt3083016,nm8609388
tt30840798,nm0027572
tt3086442,nm3868633
tt3086442,nm1072411
tt30955489,nm2497546
tt30988739,nm0001752
tt3099498,nm0003620
tt31036941,nm2284484
tt3104988,nm0160840
tt31050594,nm0067457
tt3110958,nm0160840
tt31176520,nm4170048
tt31184028,nm5479260
tt3118452,nm5278146
tt3118452,nm5278427
tt31193180,nm3363032
tt31227572,nm0870469
tt31434639,nm0307497
tt31434639,nm4918648
tt3152624,nm0031976
tt3155298,nm0668350
tt5294550,nm0000631
tt5304992,nm0768957
tt5308322,nm0484907
tt5311514,nm1396121
tt5323662,nm2210720
tt5362988,nm0792263
tt5363618,nm2942187
tt5397194,nm0629272
tt5431890,nm0004303
tt5433138,nm0510912
tt5433140,nm0504642
tt5439796,nm0001752
tt5442430,nm1174251
tt5461944,nm2285536
tt5462602,nm0795290
tt5463162,nm0500610
tt5478478,nm0178376
tt5500218,nm1170339
tt5503686,nm1032521
tt5519340,nm0043742
tt5525650,nm1720336
tt5535276,nm0177896
tt5536736,nm0000876
tt5537002,nm0000217
tt5541240,nm0637497
tt5563334,nm0174374
tt5571734,nm2287772
tt5580036,nm0318916
tt5580390,nm0868219
tt5592248,nm0001068
tt5606664,nm1093039
tt5610554,nm0718646
tt5613484,nm1706767
tt5638642,nm1410159
tt5649144,nm0048918
tt5657846,nm1890845
tt5657856,nm0951975
tt5672290,nm6674331
tt5688932,nm1108556
tt5691670,nm1379002
tt5697572,nm0393799
tt5700672,nm3613566
tt5710514,nm0086301
tt5715874,nm0487166
tt5719748,nm0596407
tt5726086,nm0733263
tt5726616,nm0345174
tt5727208,nm1509478
tt5727208,nm1343394
tt5742374,nm0708903
tt5758778,nm1098493
tt5774060,nm1827931
tt5774450,nm2379331
tt5774450,nm2377436
tt5774450,nm2375643
tt5776858,nm0000759
tt5783956,nm1847738
tt5813916,nm3809021
tt5814060,nm2379028
tt5814534,nm2939767
tt5814534,nm0702863
tt5834262,nm1510800
tt5834426,nm0000386
tt5390504,nm0000941
tt0420223,nm0286975
tt0420294,nm0509448
tt0420332,nm0007181
tt0421054,nm0001716
tt0421073,nm0043742
tt0421082,nm0179221
tt0421206,nm0423333
tt0421238,nm0384825
tt0421239,nm0000127
tt0421715,nm0000399
tt0422720,nm0001068
tt0423294,nm0105169
tt0423294,nm0118333
tt0423866,nm1104118
tt0423977,nm0689343
tt0424095,nm0101047
tt0424095,nm0271402
tt0424136,nm1720541
tt0424345,nm0003620
tt0424993,nm0177637
tt0425061,nm0781842
tt0425112,nm0942367
tt0425123,nm0914132
tt0425210,nm0006476
tt0425413,nm0001710
tt0425637,nm0000247
tt0426592,nm0563301
tt0426883,nm0001024
tt0426931,nm0792202
tt0427152,nm0005366
tt0427229,nm0223359
tt0427309,nm0000243
tt0427312,nm0001348
tt0427327,nm0788202
tt0427392,nm0386570
tt0427470,nm0291082
tt0427944,nm0718646
tt0428803,nm0415207
tt0429493,nm0138620
tt0430105,nm0005436
tt0430304,nm0005540
tt0430308,nm0006487
tt0430357,nm0000520
tt0430922,nm0906476
tt0431021,nm0097079
tt0431197,nm0000916
tt0431308,nm0481418
tt0432021,nm0611683
tt0432283,nm0027572
tt0432348,nm1135423
tt0433035,nm0506613
tt0433362,nm1294961
tt0433362,nm1294962
tt0433383,nm0000123
tt0433386,nm1234345
tt0433387,nm0043742
tt0433400,nm0474955
tt0434409,nm0574625
tt0435625,nm0551076
tt0435651,nm0637518
tt0435705,nm0848414
tt0435761,nm0881279
tt0436339,nm0947087
tt0436697,nm0001241
tt0437086,nm0001675
tt0437863,nm0240797
tt0438097,nm0757858
tt0438488,nm0629334
tt0439572,nm0615592
tt0439815,nm0348181
tt0440803,nm1802294
tt0440803,nm1059740
tt0440963,nm0339030
tt0441773,nm0651706
tt0441773,nm0828970
tt0441909,nm0000264
tt0442933,nm0000709
tt0443272,nm0000229
tt0443274,nm0871428
tt0443453,nm0153078
tt0443465,nm0262635
tt0443473,nm0007045
tt0443489,nm0174374
tt0443536,nm0249897
tt0443536,nm0250410
tt0443536,nm0498555
tt0443543,nm1139726
tt0443632,nm0424800
tt0443649,nm0000386
tt0443680,nm0231596
tt0443701,nm0004810
tt0443706,nm0000399
tt0445922,nm0853380
tt0445934,nm0330347
tt0445934,nm0817447
tt0445990,nm0179697
tt0446029,nm0942367
tt0446059,nm0950553
tt0446755,nm0192845
tt0448011,nm0001639
tt0448115,nm2497546
tt0448134,nm0000965
tt0448157,nm0000916
tt0448694,nm1844237
tt0449010,nm0266777
tt0449059,nm0206760
tt0449059,nm0267512
tt0449088,nm0893659
tt0449089,nm0001756
tt0449467,nm0327944
tt0450188,nm0196860
tt0450232,nm0001149
tt0450259,nm0001880
tt0450278,nm0744834
tt0450314,nm0591994
tt0450345,nm0001438
tt0450385,nm0405632
tt0451079,nm0371755
tt0451079,nm0553942
tt0451094,nm0661791
tt0451279,nm0420941
tt0452594,nm0715636
tt0452598,nm0788202
tt0452608,nm0027271
tt0452623,nm0000255
tt0452625,nm0375068
tt0452637,nm0796117
tt0452694,nm0777881
tt0452702,nm0030735
tt0453451,nm0070436
tt0453467,nm0001716
tt0453556,nm1083489
tt0453562,nm0001338
tt0454841,nm0014960
tt0454848,nm0000490
tt0454876,nm0000487
tt0454921,nm0610831
tt0454945,nm0275698
tt0455407,nm0252135
tt0455499,nm0384722
tt0455538,nm0004332
tt0455590,nm0531817
tt0455760,nm1490123
tt0455824,nm0525303
tt0455857,nm0922346
tt0455944,nm0298807
tt0455967,nm0858525
tt0456144,nm0386246
tt0456554,nm0329650
tt0457400,nm0797869
tt0457430,nm0868219
tt0457433,nm0001226
tt0457510,nm0381478
tt0457513,nm0000095
tt0457939,nm0583600
tt0458339,nm0002653
tt0458352,nm0291205
tt0458481,nm0588340
tt0458481,nm0001675
tt0458525,nm0004303
tt0460740,nm1193346
tt0460780,nm0093051
tt0460791,nm0802248
tt0460829,nm0000186
tt0460989,nm0516360
tt0461770,nm0510674
tt0462200,nm0108132
tt0462322,nm0001675
tt0462322,nm0744834
tt0462322,nm0000233
tt0462322,nm0942367
tt0462322,nm0957772
tt0462465,nm0564586
tt0462499,nm0000230
tt0462504,nm0001348
tt0462538,nm0798899
tt0462590,nm0281945
tt0463034,nm0751577
tt0463034,nm0751648
tt0463854,nm0294379
tt0463985,nm0510912
tt0463998,nm0481418
tt0464141,nm1291105
tt0464154,nm0014960
tt0465234,nm0005509
tt0465494,nm1164755
tt0465538,nm0006904
tt0465551,nm0264236
tt0465580,nm0006476
tt0465602,nm0205157
tt0465624,nm0718645
tt0466342,nm0783536
tt0466342,nm0294997
tt0466909,nm0601382
tt0467197,nm0601382
tt0467200,nm0149491
tt0467406,nm0718646
tt0468489,nm0281396
tt0468492,nm0094435
tt0468569,nm0634240
tt0469494,nm0000759
tt0469641,nm0000231
tt0470752,nm0307497
tt0471042,nm0711840
tt0472033,nm0009942
tt0472043,nm0000154
tt0472062,nm0001566
tt0472160,nm0657372
tt0472181,nm0331532
tt0472399,nm0922346
tt0473075,nm0001565
tt0473308,nm0791248
tt0473705,nm0531817
tt0475276,nm0339030
tt0475290,nm0001053
tt0475290,nm0001054
tt0475394,nm0138620
tt0475944,nm0001317
tt0476735,nm1463981
tt0476964,nm0001403
tt0477051,nm0005367
tt0477071,nm0946327
tt0477080,nm0001716
tt0477139,nm1058247
tt0477302,nm0197636
tt0477347,nm0506613
tt0477348,nm0001053
tt0477348,nm0001054
tt0478087,nm0525659
tt0478134,nm0353673
tt0478304,nm0000517
tt0478311,nm0031976
tt0478970,nm0715636
tt0479143,nm0000230
tt0479884,nm0004410
tt0479884,nm0962729
tt0479952,nm0201509
tt0479952,nm0569891
tt0479997,nm0784061
tt0480025,nm0276349
tt0480242,nm0373282
tt0480249,nm1349376
tt0480255,nm1234893
tt0480669,nm1443023
tt0480687,nm0125803
tt0480687,nm0268380
tt0481141,nm0382956
tt0481369,nm0001708
tt0481499,nm0210320
tt0481499,nm0761498
tt0481536,nm1375358
tt0481536,nm1376383
tt0482571,nm0634240
tt0482572,nm0640334
tt0482606,nm1052162
tt0483607,nm0551076
tt0485947,nm0233757
tt0486551,nm0151540
tt0486576,nm1103162
tt0486583,nm0229694
tt0486655,nm0891216
tt0486822,nm0142286
tt0486946,nm0065608
tt0488120,nm0387706
tt0489049,nm1381100
tt0489099,nm0510731
tt0489237,nm0075849
tt0489237,nm0700301
tt0489270,nm1135423
tt0490086,nm0001705
tt0490204,nm0082802
tt0490215,nm0000217
tt0491152,nm0339004
tt0492044,nm1433996
tt0492956,nm0275698
tt0493405,nm1009277
tt0493430,nm0871860
tt0493464,nm0067457
tt0494238,nm0812200
tt0496806,nm0001752
tt0497116,nm0346550
tt0497465,nm0000095
tt0498353,nm0744834
tt0498380,nm0000142
tt0498399,nm0336695
tt0499097,nm1356588
tt0499448,nm0011470
tt0499549,nm0000116
tt0499556,nm0041161
tt1846589,nm1804518
tt1850397,nm0887452
tt1850457,nm0601337
tt1853728,nm0000233
tt1853739,nm1417392
tt1854564,nm0294457
tt1855199,nm0043742
tt1855325,nm0027271
tt1856101,nm0898288
tt1859650,nm0000095
tt1860213,nm0563243
tt1860242,nm0359387
tt1860353,nm1659741
tt1860357,nm0000916
tt1862079,nm1119880
tt1865505,nm1119079
tt1869716,nm2610231
tt1872181,nm1989536
tt1872194,nm0229694
tt1877830,nm0716257
tt1877832,nm0001741
tt1878870,nm2609807
tt18925334,nm1488800
tt1893256,nm1140275
tt1895587,nm0565336
tt1896747,nm0075528
tt1899353,nm2153088
tt1904996,nm0000431
tt1905041,nm0510912
tt1907668,nm0000709
tt1911644,nm0026442
tt1911658,nm0201509
tt1911658,nm0971239
tt1912398,nm0001281
tt1915581,nm0001752
tt1920849,nm2853516
tt1921064,nm0027271
tt1922777,nm0220600
tt1924396,nm0868153
tt1924429,nm0000965
tt1924435,nm0339004
tt1931435,nm0951698
tt1931533,nm1732981
tt1935179,nm2158772
tt1935859,nm0000318
tt1937149,nm1079062
tt1937390,nm0001885
tt1939659,nm0005303
tt19500164,nm2939767
tt19500164,nm0702863
tt1950186,nm0003506
tt1951261,nm0680846
tt1951264,nm1349376
tt1951265,nm1349376
tt1951266,nm1349376
tt1954470,nm0440604
tt1956620,nm0440458
tt1959490,nm0004716
tt1959563,nm0400850
tt1961175,nm0191147
tt19637052,nm3819217
tt1964418,nm0083348
tt1966604,nm1717925
tt1967545,nm0718646
tt1971325,nm2688320
tt1972571,nm0179221
tt1972591,nm0005363
tt1972779,nm0001355
tt3165612,nm2853516
tt3168230,nm0174374
tt3169706,nm0911334
tt3170832,nm1049433
tt31712434,nm1436693
tt3174376,nm1093039
tt3183660,nm0946734
tt31868189,nm1760830
tt3195644,nm1191481
tt31973693,nm0005366
tt3201640,nm1587778
tt3203606,nm0005366
tt3203616,nm0565336
tt3205376,nm3304468
tt32141377,nm4804442
tt32149847,nm0484907
tt3215824,nm0792263
tt3224458,nm1716636
tt32246771,nm4053334
tt32246771,nm4073140
tt3228774,nm0318916
tt3235888,nm1379002
tt32376165,nm0000941
tt32430579,nm1717925
tt5848272,nm1601882
tt5848272,nm0601781
tt5862312,nm0687042
tt5865326,nm0001752
tt5884052,nm1224299
tt5884796,nm0724938
tt5886046,nm0733263
tt5918982,nm0188722
tt5932728,nm1731154
tt5950044,nm0348181
tt5962210,nm0818485
tt5968394,nm1012501
tt5971474,nm0551128
tt5988370,nm1760911
tt6048922,nm0773689
tt6053438,nm0001707
tt6079516,nm1726691
tt6105098,nm0269463
tt6111574,nm0942504
tt6133466,nm2618764
tt6139732,nm0005363
tt6146586,nm0821432
tt6148156,nm2566836
tt6148156,nm2575525
tt6155172,nm0190859
tt6166392,nm1653753
tt6189022,nm0006846
tt6208148,nm1989536
tt6212478,nm1717925
tt6214928,nm1991847
tt6217306,nm2153088
tt6246322,nm2140186
tt6259380,nm3728712
tt6263850,nm0506613
tt6264654,nm0506613
tt6265828,nm1108007
tt6266538,nm0570912
tt6277462,nm2209781
tt6292852,nm3078140
tt6294822,nm0000229
tt6306064,nm0466349
tt6320628,nm1218281
tt6333060,nm2406731
tt6334354,nm0348181
tt6343314,nm4023702
tt6359956,nm0524190
tt6359956,nm0601859
tt6394270,nm0005366
tt6398184,nm0257554
tt6402468,nm0861826
tt6412452,nm0001053
tt6412452,nm0001054
tt1080016,nm0757858
tt1080016,nm0862211
tt10811166,nm1892252
tt1082807,nm0572562
tt1082868,nm0235719
tt1083452,nm0002077
tt10838180,nm0905154
tt1084950,nm0001129
tt10855768,nm4946908
tt10855768,nm4148345
tt1086064,nm0661751
tt1086772,nm0178997
tt10872600,nm1218281
tt10886166,nm1705578
tt10886166,nm1372836
tt10888594,nm0222150
tt1091191,nm0000916
tt1091722,nm0609549
tt10919380,nm0484907
tt1092026,nm0609549
tt1093357,nm0329755
tt1093370,nm1665004
tt1093908,nm0389591
tt10944760,nm4469445
tt1095217,nm0001348
tt10954600,nm0715636
tt10954652,nm0796117
tt10954984,nm1443502
tt1098327,nm0939128
tt1099212,nm0362566
tt10999120,nm1890845
tt1100089,nm0587955
tt11003218,nm3968825
tt11024272,nm0629334
tt1103153,nm0525659
tt11032374,nm1417038
tt1104001,nm2676052
tt11045422,nm1018493
tt11057302,nm1237416
tt11083552,nm0005363
tt1109624,nm1653753
tt1111422,nm0001716
tt11116912,nm1012385
tt11127680,nm0053028
tt11138512,nm3211470
tt11145118,nm0430107
tt1114740,nm0139867
tt11152168,nm1024677
tt11161474,nm0610960
tt1116184,nm0871860
tt1117385,nm0006846
tt1119646,nm0680846
tt1974419,nm0716347
tt1976009,nm0006476
tt19770238,nm3834799
tt1979320,nm0000165
tt1979376,nm2155757
tt1979388,nm0812307
tt1980209,nm0000881
tt1980929,nm0138809
tt1981115,nm0851930
tt1981128,nm0002041
tt1981677,nm0601337
tt19847976,nm0160840
tt1985949,nm0443505
tt1985949,nm0717678
tt1985966,nm0970606
tt1985966,nm2329165
tt19864802,nm1827931
tt1987680,nm1139726
tt1990314,nm1500577
tt1991245,nm0662086
tt2002718,nm0001675
tt2004420,nm0831557
tt2005151,nm0680846
tt2005374,nm1960428
tt2013293,nm0594503
tt2015381,nm0348181
tt2017020,nm0331532
tt2017038,nm1170855
tt20215234,nm0074163
tt20215968,nm0000500
tt20221436,nm0002191
tt2023587,nm0615592
tt2024432,nm1164861
tt2024469,nm1429471
tt2024544,nm2588606
tt2025690,nm0318916
tt2034800,nm0955443
tt2039338,nm0649117
tt2039393,nm1012501
tt2042568,nm0001053
tt2042568,nm0001054
tt2049403,nm0000318
tt2051879,nm0179542
tt2053425,nm0002191
tt2053463,nm0001752
tt2057392,nm0004303
tt2058673,nm0179697
tt2066051,nm0002077
tt2076220,nm0136021
tt2076822,nm0510731
tt2080374,nm0000965
tt2082197,nm1397301
tt2083383,nm0520749
tt2084970,nm0878763
tt20850406,nm2380725
tt2091935,nm2161247
tt2094766,nm0997291
tt3262342,nm3699790
tt3262342,nm1364790
tt3263904,nm0000142
tt32642706,nm0138620
tt3272066,nm2847370
tt3281548,nm1950086
tt32820897,nm1417038
tt32820897,nm2137662
tt32897959,nm2193504
tt3289956,nm0004217
tt3291150,nm0915304
tt32916440,nm1343394
tt3300542,nm0619836
tt33014583,nm2336554
tt3312830,nm0815204
tt3315342,nm0003506
tt3316948,nm1294036
tt3316960,nm0322144
tt3316960,nm0922903
tt3322364,nm1481618
tt3322420,nm2134474
tt3322940,nm0502954
tt33244668,nm3230448
tt3332064,nm0942504
tt7014006,nm3102998
tt7040874,nm0082450
tt7043012,nm0319659
tt7057496,nm1203013
tt7060344,nm6442107
tt7068946,nm0640334
tt7069210,nm1980431
tt7097896,nm0785227
tt7125860,nm1503575
tt7126948,nm0420941
tt7130300,nm1404307
tt7131622,nm0000233
tt7139936,nm0000095
tt7144666,nm0220600
tt7146812,nm0768959
tt7153766,nm0001752
tt7160372,nm0322242
tt7181546,nm0936482
tt7282468,nm0496969
tt7286456,nm0680846
tt7315484,nm0502954
tt7322224,nm1128037
tt7347846,nm3868633
tt7347846,nm1072411
tt7349662,nm0000490
tt7349950,nm0615592
tt7374948,nm0451274
tt7395114,nm1290515
tt7401588,nm1890845
tt7405458,nm0286975
tt7431594,nm1150656
tt7456310,nm0000108
tt10083340,nm0080220
tt1010048,nm0000965
tt1010048,nm0849164
tt1013743,nm0003506
tt1013752,nm0510912
tt1013753,nm0001814
tt1014759,nm0000318
tt1014763,nm1174251
tt10151854,nm2497546
tt10155932,nm0134224
tt10160976,nm1980431
tt1016150,nm0074163
tt10168670,nm0345174
tt10172266,nm5870715
tt1017451,nm0797455
tt1017460,nm0622112
tt10189514,nm1464314
tt1019452,nm0001053
tt1019452,nm0001054
tt1020072,nm1148550
tt1020530,nm1220140
tt1020558,nm0551076
tt1022603,nm1989536
tt1023111,nm0905592
tt1023114,nm0001837
tt1023481,nm0160840
tt1024255,nm0601680
tt1024648,nm0000255
tt1024943,nm0007134
tt1025100,nm0000487
tt10272386,nm1725469
tt10275534,nm1167933
tt1027718,nm0000231
tt10280276,nm0223522
tt10280276,nm7507669
tt10280296,nm1999473
tt1028528,nm0000233
tt1028532,nm0002120
tt10288566,nm0899121
tt1029234,nm1052791
tt10293406,nm0001005
tt1029360,nm1481493
tt10295212,nm3315387
tt10298810,nm0533691
tt10298840,nm2320658
tt10298840,nm5945690
tt10304142,nm0751102
tt1032755,nm0005363
tt1032846,nm0612816
tt1033575,nm0668247
tt1033643,nm0891114
tt1034032,nm0004410
tt1034032,nm0962729
tt10342730,nm1135423
tt1034303,nm0001880
tt1034314,nm1993322
tt1034331,nm0000816
tt1034389,nm0531817
tt1034415,nm0345174
tt10350922,nm0706485
tt10350922,nm2040704
tt10365998,nm0188722
tt10366206,nm0821432
tt10366460,nm1571761
tt10370710,nm1258686
tt10374610,nm1349376
tt1037705,nm0400436
tt1037705,nm0400441
tt1038686,nm0829820
tt1038919,nm0855035
tt1038988,nm0049371
tt1038988,nm0687042
tt10403420,nm2093171
tt1392170,nm0002657
tt1392190,nm0004306
tt1392214,nm0898288
tt13927994,nm6073824
tt13957560,nm0318916
tt1396218,nm0914132
tt1396484,nm0615592
tt1397280,nm0576298
tt1397514,nm0679031
tt1398426,nm0336620
tt1399103,nm0000881
tt1399683,nm0335138
tt1401152,nm1429471
tt1402488,nm0004306
tt1402488,nm0248495
tt1402488,nm1668276
tt1403177,nm1127632
tt1403865,nm0001053
tt1403865,nm0001054
tt14039582,nm3152327
tt1403981,nm0002339
tt1408101,nm0009190
tt1408253,nm1103162
tt1409024,nm0001756
tt1410063,nm0955443
tt14107334,nm0942367
tt14107554,nm2262547
tt14109724,nm0662530
tt1411238,nm0718645
tt1411250,nm0878638
tt14114802,nm2441699
tt1411697,nm0680846
tt14123284,nm2153088
tt1412386,nm0006960
tt1413492,nm3350420
tt14138650,nm0178376
tt1414382,nm0275698
tt1416801,nm0378144
tt1418377,nm0064181
tt14205554,nm2282774
tt14205554,nm3133422
tt14208870,nm0000229
tt14209916,nm0006969
tt14230388,nm0027572
tt14230458,nm0487166
tt1424381,nm0030735
tt1424432,nm0438090
tt14253846,nm0846369
tt14257582,nm1218281
tt1428538,nm2482088
tt1430132,nm0003506
tt1430607,nm0809877
tt1430607,nm0176905
tt1430626,nm0520485
tt1430626,nm0627920
tt1431045,nm1783265
tt1433108,nm0863387
tt14331144,nm4810022
tt1433811,nm0748066
tt1436045,nm0586281
tt21807222,nm0340436
tt21823606,nm0251986
tt2184339,nm0218621
tt21867434,nm4798740
tt2191701,nm0240797
tt2193215,nm0000631
tt21942866,nm5589501
tt2194499,nm0193485
tt2199571,nm1429471
tt22022452,nm1626375
tt2203939,nm0001024
tt22041854,nm0001068
tt22048412,nm1488800
tt2205697,nm1837748
tt2209418,nm0000500
tt2209764,nm0002892
tt2222042,nm3462290
tt2223990,nm0718645
tt2224026,nm0426333
tt2226417,nm1490123
tt2226597,nm0009463
tt2229499,nm0330687
tt22297828,nm3675099
tt2231253,nm0922346
tt2231461,nm0679031
tt2234003,nm0567620
tt2234155,nm0506613
tt2235695,nm1296554
tt22375054,nm2356768
tt2239822,nm0000108
tt22408160,nm0487166
tt2241351,nm0000149
tt2243537,nm1639277
tt2245084,nm2320658
tt2245084,nm0930261
tt2250912,nm1218281
tt2262227,nm1509613
tt2265171,nm2153088
tt2265398,nm1846132
tt2267968,nm1868917
tt2267968,nm0950775
tt2267998,nm0000399
tt2268016,nm0414423
tt22687790,nm0000110
tt2273657,nm3734458
tt2274648,nm0551076
tt2277860,nm0004056
tt2277860,nm0533691
tt2278388,nm0027572
tt2278871,nm0444244
tt3498820,nm0751577
tt3498820,nm0751648
tt3501632,nm0169806
tt3513498,nm0593610
tt3513500,nm1676223
tt3513548,nm0000142
tt3521126,nm0290556
tt3521164,nm0166256
tt3521164,nm0615780
tt3521164,nm2320658
tt3521164,nm0930261
tt3522806,nm0304541
tt35291758,nm0711840
tt3530002,nm1349522
tt3531824,nm1160962
tt3531824,nm1413364
tt3532216,nm0510731
tt3544112,nm0138809
tt3553442,nm0275629
tt3553442,nm0720135
tt3553976,nm0743671
tt3554046,nm0002700
tt3566834,nm0381478
tt3567288,nm0796117
tt3569230,nm0001338
tt3581652,nm0000229
tt3605418,nm0744834
tt3606752,nm0270263
tt3606756,nm0083348
tt7504726,nm0761498
tt7510222,nm0719208
tt7510222,nm0216133
tt7533152,nm0252230
tt7549996,nm3734458
tt7550000,nm1160962
tt7550000,nm1413364
tt7556122,nm0697656
tt7557108,nm3819217
tt7599146,nm1920049
tt7638348,nm0138620
tt7653254,nm0000876
tt7657566,nm0000110
tt7668842,nm0149131
tt7668870,nm3792134
tt7713068,nm4014166
tt7734218,nm0236226
tt7737528,nm1031639
tt7737786,nm0006846
tt7737800,nm0447695
tt7740496,nm0868219
tt7752126,nm0946521
tt7766378,nm0751577
tt7766378,nm0751648
tt7772580,nm0791672
tt7775622,nm3011011
tt7775622,nm1888091
tt7784604,nm4170048
tt7798634,nm2366012
tt7798634,nm2419470
tt7825208,nm0609944
tt7838252,nm6073824
tt7846844,nm0102873
tt7886848,nm0080315
tt7888964,nm5820154
tt7939766,nm0442109
tt7958736,nm0853238
tt7959026,nm0000142
tt7975244,nm0440458
tt0179626,nm0381273
tt0180073,nm0442241
tt0180093,nm0004716
tt0181316,nm0562645
tt0181536,nm0001814
tt0181689,nm0000229
tt0181852,nm0609236
tt0181865,nm0001752
tt0181875,nm0001081
tt0181984,nm0950226
tt0182789,nm0001060
tt0183505,nm0125803
tt0183505,nm0268380
tt0183523,nm0000361
tt0183649,nm0001708
tt0183790,nm0001338
tt0183869,nm0470443
tt0184894,nm0223359
tt0185014,nm0000436
tt0185125,nm0000264
tt0185183,nm0002337
tt0185371,nm0540532
tt0185431,nm0109359
tt0185937,nm0617130
tt0185937,nm0844896
tt0186151,nm0387706
tt0186566,nm0000142
tt0187078,nm0784061
tt0187393,nm0000386
tt0187738,nm0868219
tt0190138,nm0528718
tt0190332,nm0000487
tt0190590,nm0001054
tt0190590,nm0001053
tt0190865,nm0132709
tt0191397,nm0222043
tt0191754,nm0858525
tt0195685,nm0001752
tt0195714,nm0939128
tt0196229,nm0001774
tt0198781,nm0230032
tt0198781,nm0798899
tt0198781,nm0881279
tt0199753,nm0388817
tt0200465,nm0002044
tt0200550,nm0573589
tt0203009,nm0525303
tt0203019,nm0863387
tt0203119,nm0322242
tt0204946,nm0715636
tt0205000,nm0593610
tt0206275,nm0141961
tt0206314,nm0001093
tt0206634,nm0190859
tt0207201,nm0583600
tt0208003,nm0331532
tt0208092,nm0005363
tt0209144,nm0634240
tt0209163,nm0814085
tt0209475,nm0788202
tt0209958,nm0802248
tt0210070,nm0269502
tt0210945,nm0945026
tt0211443,nm0410494
tt0211915,nm0000466
tt0211933,nm1703612
tt0212338,nm0005366
tt0212346,nm0677953
tt0212712,nm0939182
tt0212720,nm0000229
tt0212985,nm0000631
tt0213149,nm0000881
tt0213847,nm0868153
tt0215129,nm0680846
tt0215750,nm0000269
tt0216216,nm0006854
tt0217505,nm0000217
tt0217869,nm0796117
tt0218839,nm0001302
tt0218922,nm0188165
tt0218967,nm0711840
tt0219699,nm0000600
tt0219965,nm0001469
tt0220506,nm0742819
tt0221027,nm0001130
tt0223897,nm0001460
tt0227445,nm0000568
tt0227538,nm0001675
tt0227984,nm0950553
tt0228333,nm0000118
tt0228750,nm0000431
tt0228786,nm0440913
tt0230011,nm0873779
tt0230011,nm0936374
tt0230030,nm0000601
tt0230600,nm0024622
tt0230838,nm0640466
tt0232500,nm0003418
tt0233142,nm0509028
tt0233469,nm0001112
tt0234215,nm0905154
tt0234215,nm0905152
tt0235198,nm0586281
tt0236493,nm0893659
tt0237534,nm0304521
tt0237572,nm0000576
tt0238380,nm0934483
tt0238546,nm0753382
tt0238936,nm0080220
tt0239395,nm0349183
tt0240468,nm0644203
tt0240515,nm0338381
tt0240772,nm0001752
tt0240890,nm0155093
tt0241303,nm0002120
tt0241527,nm0001060
tt0242423,nm0500444
tt0242519,nm0698184
tt0242653,nm0905154
tt0242653,nm0905152
tt0243017,nm0000500
tt0243133,nm0001054
tt0243133,nm0001053
tt0243155,nm0536632
tt0243585,nm0591450
tt0243655,nm0906476
tt0243736,nm0499724
tt0244244,nm0784061
tt0245429,nm0594503
tt0245562,nm0000247
tt0245574,nm0190859
tt0245674,nm0065284
tt0245686,nm0330140
tt0245712,nm0327944
tt0245803,nm0402995
tt0245844,nm0721817
tt0246460,nm0848414
tt0246578,nm0446819
tt0247586,nm0081433
tt0247638,nm0005190
tt0247745,nm0151540
tt0248126,nm0424103
tt0248667,nm0000520
tt0249462,nm0197636
tt0250223,nm0149260
tt0250258,nm0386570
tt0250494,nm0525659
tt0250687,nm0958387
tt0250797,nm0001490
tt0251075,nm0718645
tt0251114,nm0387706
tt0251127,nm0677953
tt0251160,nm0001024
tt0251736,nm0957772
tt0252076,nm0911061
tt0252866,nm0736930
tt0253474,nm0000591
tt0253556,nm0101385
tt0253754,nm0000829
tt0253867,nm0474955
tt0254686,nm0359734
tt0255798,nm0339004
tt0256009,nm0868219
tt0256380,nm0125803
tt0256380,nm0268380
tt0256415,nm0855035
tt0257044,nm0005222
tt0257076,nm0424800
tt0257106,nm0005540
tt0257360,nm0668247
tt0257756,nm0002083
tt0258000,nm0000399
tt0258153,nm0629272
tt0258463,nm0510731
tt0259324,nm0425756
tt0259446,nm0959034
tt0259711,nm0001081
tt0260866,nm0001219
tt0261392,nm0003620
tt0261983,nm0026442
tt0263488,nm0759207
tt0263757,nm0945026
tt0264395,nm0001532
tt0264464,nm0000229
tt0264472,nm0585011
tt0264616,nm0000200
tt0264935,nm0775447
tt0265029,nm0005387
tt0265086,nm0000631
tt0265208,nm0339004
tt0265349,nm0671210
tt0265459,nm0738796
tt0265666,nm0027572
tt0266308,nm0297935
tt0266465,nm0336620
tt0266489,nm0000362
tt0266543,nm0004056
tt0266543,nm0881279
tt0266697,nm0000233
tt0266915,nm0711840
tt0266987,nm0001716
tt0267626,nm0000941
tt0267804,nm0939128
tt0267913,nm0331532
tt0268126,nm0005069
tt0268380,nm0917188
tt0268380,nm0757858
tt0268695,nm0920425
tt0268978,nm0000165
tt0268995,nm0001104
tt0269347,nm0001243
tt0270288,nm0000123
tt0271027,nm0619599
tt0271367,nm0253819
tt0271668,nm0240797
tt0272020,nm0527109
tt0272152,nm0812200
tt0272338,nm0000759
tt0273923,nm0440458
tt0274166,nm0398185
tt0274558,nm0197636
tt0274812,nm0787601
tt0275277,nm0913860
tt0275277,nm1988172
tt0275491,nm0000264
tt0275847,nm0213450
tt0275847,nm0761498
tt0276751,nm0919363
tt0276751,nm0919369
tt0276919,nm0001885
tt0277027,nm0625458
tt0277296,nm0751080
tt0277371,nm0302778
tt0277434,nm0908824
tt0278435,nm0000776
tt0278488,nm0245888
tt0278504,nm0634240
tt0280486,nm0001708
tt0280590,nm0109359
tt0280609,nm0551076
tt0280707,nm0000265
tt0281358,nm0788202
tt0281686,nm0181741
tt0283111,nm0065608
tt0283509,nm0849786
tt0284490,nm0223359
tt0284837,nm0617042
tt0285492,nm0782900
tt0285531,nm0001410
tt0285742,nm0286975
tt0285823,nm0001675
tt0286106,nm0796117
tt0286112,nm0159507
tt0286244,nm0158984
tt0286499,nm0149446
tt0286716,nm0000487
tt0286788,nm0330140
tt0287467,nm0000264
tt0287717,nm0001675
tt0287978,nm0425756
tt0288477,nm0065284
tt0289043,nm0000965
tt0289765,nm0711840
tt0289848,nm0000601
tt0289879,nm0107774
tt0289879,nm0344259
tt0289992,nm0000570
tt0290002,nm0005366
tt0290095,nm1019493
tt0290334,nm0001741
tt0290673,nm0637615
tt0292490,nm1027719
tt0292506,nm0002044
tt0292644,nm0000812
tt0292963,nm0001486
tt0293429,nm2585406
tt0293508,nm0001708
tt0293564,nm0711840
tt0293662,nm0504642
tt0293662,nm0477035
tt0293715,nm1030706
tt0294870,nm0001060
tt0295178,nm0005366
tt0295297,nm0001060
tt0295700,nm0003343
tt0295701,nm0003418
tt0296042,nm0586281
tt0296572,nm0878638
tt0297181,nm0858525
tt0297284,nm0001317
tt0297884,nm0001331
tt0298130,nm0893659
tt0298148,nm0011470
tt0298148,nm0038432
tt0298148,nm0970447
tt0298203,nm0000436
tt0298814,nm0000750
tt0299658,nm0551128
tt0299930,nm0000976
tt0299977,nm0955443
tt0300051,nm0003620
tt0300140,nm0600546
tt0300471,nm0229694
tt0300556,nm0001149
tt0301357,nm0065615
tt0301470,nm0759207
tt0302640,nm0103744
tt0302886,nm0680846
tt0303816,nm0744834
tt0304141,nm0190859
tt0304415,nm0001565
tt0304669,nm0501185
tt0305206,nm0075849
tt0305206,nm0700301
tt0305224,nm0781842
tt0305357,nm0629334
tt0305711,nm0506613
tt0306047,nm0001878
tt0307453,nm0074426
tt0307453,nm0421776
tt0307453,nm1224299
tt0307479,nm0001752
tt0307901,nm0000490
tt0307987,nm0959062
tt0308644,nm0286975
tt0309377,nm0000142
tt0309593,nm0254786
tt0309698,nm0003506
tt0309987,nm0000934
tt0310775,nm0661791
tt0310793,nm0601619
tt0311113,nm0001837
tt0311289,nm0001112
tt0311429,nm0635759
tt0312004,nm0101508
tt0312004,nm0661910
tt0312528,nm0919514
tt0313443,nm0002083
tt0313542,nm0001219
tt0313737,nm0492909
tt0314331,nm0193485
tt0314353,nm0298807
tt0315327,nm0001723
tt0315733,nm0327944
tt0315983,nm1166926
tt0316356,nm0000126
tt0316396,nm0389591
tt0316654,nm0000600
tt0317198,nm0452319
tt0317219,nm0005124
tt0317219,nm0710020
tt0317248,nm0576987
tt0317248,nm0526199
tt0317303,nm0139867
tt0317648,nm0002653
tt0317705,nm0083348
tt0317740,nm0336620
tt0317919,nm0009190
tt0318462,nm0758574
tt0318627,nm0936838
tt0318649,nm0252135
tt0319061,nm0000318
tt0319262,nm0000386
tt0319343,nm0269463
tt0320661,nm0000631
tt0320691,nm0936482
tt0322259,nm0005436
tt0322330,nm0914132
tt0322802,nm0871860
tt0324133,nm0654830
tt0324216,nm1197971
tt0324554,nm0006476
tt0325703,nm0000957
tt0325710,nm0001880
tt0325805,nm0000631
tt0325980,nm0893659
tt0327056,nm0000142
tt0327084,nm0426333
tt0327084,nm0456732
tt0327137,nm0564827
tt0327162,nm0000568
tt0327247,nm0222043
tt0327437,nm0178997
tt0327554,nm0685759
tt0327597,nm0783139
tt0327679,nm0641373
tt0327850,nm0000916
tt0328107,nm0001716
tt0328538,nm0362566
tt0328589,nm0920108
tt0328828,nm0245888
tt0328880,nm0086431
tt0328880,nm1074107
tt0329101,nm0950553
tt0329575,nm0002657
tt0329774,nm0848414
tt0330373,nm0001565
tt0330793,nm0378144
tt0331632,nm0331532
tt0331811,nm1009775
tt0332280,nm0001024
tt0332375,nm0200380
tt0332379,nm0000500
tt0332452,nm0000583
tt0333766,nm0103785
tt0333780,nm0379237
tt0335119,nm0916424
tt0335245,nm0001053
tt0335245,nm0001054
tt0335266,nm0001068
tt0335345,nm0000154
tt0335438,nm0680846
tt0337563,nm0935095
tt0337741,nm0583600
tt0337921,nm0254786
tt0337978,nm0936482
tt0338013,nm0327273
tt0338094,nm0591450
tt0338095,nm0014960
tt0338337,nm0000247
tt0338348,nm0000709
tt0338459,nm0001675
tt0338466,nm0125803
tt0338466,nm0268380
tt0338526,nm0814085
tt0338564,nm0490487
tt0338564,nm0538320
tt0338751,nm0000217
tt0339291,nm0797869
tt0340163,nm0802807
tt0340377,nm0565336
tt0340855,nm0420941
tt0342258,nm0504642
tt0343135,nm0357453
tt0343660,nm0781842
tt0343737,nm0000134
tt0343818,nm0001639
tt0344510,nm0000466
tt0345950,nm0384864
tt0345950,nm0651706
tt0346156,nm0175775
tt0346491,nm0000231
tt0347048,nm0015359
tt0347149,nm0594503
tt0347304,nm0012541
tt0347618,nm1293863
tt0348150,nm0001741
tt0348333,nm1301035
tt0348836,nm0440913
tt0349205,nm0506613
tt0349683,nm0298807
tt0349710,nm0751221
tt0349825,nm0640334
tt0349903,nm0001752
tt0350258,nm0000431
tt0351283,nm0201509
tt0351283,nm0569891
tt0351977,nm0106230
tt0352248,nm0000165
tt0353969,nm0094435
tt0354899,nm0327273
tt0355295,nm0000416
tt0355702,nm0362566
tt0356150,nm0769840
tt0356150,nm0073688
tt0356150,nm0541635
tt0356470,nm0743093
tt0356618,nm0747849
tt0356634,nm0382072
tt0356680,nm0080120
tt0356721,nm0751102
tt0356910,nm0510731
tt0357277,nm0101385
tt0357413,nm0570912
tt0358082,nm0917188
tt0358082,nm0757858
tt0358135,nm0155093
tt0358273,nm0003506
tt0359013,nm0275286
tt0359950,nm0001774
tt0360201,nm0518644
tt0360486,nm1349376
tt0360717,nm0001392
tt0361596,nm0601619
tt0361748,nm0000233
tt0361862,nm0026442
tt0362120,nm0001878
tt0362165,nm0349183
tt0362225,nm0133899
tt0362227,nm0000229
tt0362269,nm0174374
tt0362270,nm0027572
tt0362478,nm0446819
tt0363163,nm0386570
tt0363226,nm0001429
tt0363547,nm0811583
tt0363589,nm0001814
tt0363771,nm0011470
tt0363988,nm0462895
tt0364045,nm0142286
tt0364385,nm1234345
tt0364517,nm1077168
tt0364569,nm0661791
tt0364725,nm1098493
tt0364751,nm0109359
tt0364970,nm0440913
tt0365376,nm0453518
tt0365686,nm0005363
tt0365737,nm0300866
tt0365748,nm0942367
tt0365830,nm0528381
tt0365907,nm0291082
tt0366548,nm0004306
tt0366548,nm0171253
tt0366548,nm0606688
tt0366551,nm0500444
tt0366627,nm0562266
tt0367089,nm0000876
tt0367110,nm0332950
tt0367479,nm0711840
tt0367594,nm0000318
tt0367652,nm1600805
tt0367882,nm0000229
tt0367959,nm0916424
tt0368008,nm0001129
tt0368226,nm1382072
tt0368447,nm0796117
tt0368709,nm0001081
tt0368794,nm0001331
tt0368891,nm0005509
tt0368909,nm1272773
tt0368933,nm0005190
tt0369339,nm0000520
tt0369436,nm1164861
tt0369441,nm0661751
tt0369610,nm1119880
tt0369702,nm0024622
tt0369735,nm0525659
tt0370032,nm0934483
tt0370263,nm0027271
tt0370986,nm0000777
tt0371246,nm0000985
tt0371257,nm0286975
tt0371606,nm0227540
tt0371724,nm1134029
tt0371746,nm0269463
tt0372183,nm0339030
tt0372532,nm0453270
tt0372588,nm0005295
tt0372784,nm0634240
tt0372824,nm0056725
tt0373051,nm0108094
tt0373074,nm0159507
tt0373469,nm0000948
tt0373883,nm0957772
tt0373889,nm0946734
tt0373926,nm0001628
tt0374102,nm0448900
tt0374536,nm0001188
tt0374546,nm1104118
tt0374887,nm0386246
tt0374900,nm0381478
tt0375063,nm0668247
tt0375154,nm0721817
tt0375173,nm0796124
tt0375210,nm0768249
tt0375679,nm0353673
tt0375912,nm0891216
tt0376136,nm0732430
tt0376541,nm0001566
tt0376994,nm0711840
tt0377062,nm0601382
tt0377092,nm0914132
tt0377109,nm0620378
tt0377471,nm0336620
tt0377818,nm0151540
tt0377981,nm0038432
tt0378109,nm0007082
tt0378194,nm0000233
tt0379217,nm0000464
tt0379725,nm0587955
tt0379786,nm0923736
tt0380389,nm0134176
tt0380510,nm0001392
tt0381061,nm0132709
tt0381681,nm0000500
tt0381707,nm0005540
tt0381849,nm0003506
tt0382077,nm0689852
tt0382625,nm0000165
tt0382628,nm0758574
tt0382932,nm0083348
tt0382932,nm0684342
tt0382992,nm0003418
tt0383028,nm0442109
tt0383216,nm0506613
tt0383574,nm0893659
tt0384116,nm0814716
tt0384537,nm0304521
tt0384680,nm0893659
tt0384793,nm0684336
tt0384806,nm1497918
tt0385002,nm0591994
tt0385004,nm0955443
tt0385267,nm0919369
tt0385307,nm0664756
tt0385700,nm0634602
tt0385700,nm1481959
tt0385726,nm1595280
tt0385752,nm0919363
tt0385880,nm1481493
tt0385887,nm0001570
tt0386032,nm0601619
tt0386117,nm0005069
tt0386140,nm0132709
tt0386588,nm0855035
tt0387131,nm0576987
tt0387564,nm1490123
tt0387575,nm0238841
tt0387808,nm0431918
tt0387877,nm0000361
tt0387898,nm0359734
tt0388125,nm0000436
tt0388419,nm0005387
tt0388473,nm0464804
tt0388473,nm1561203
tt0388482,nm0504642
tt0388795,nm0000487
tt0389557,nm0000682
tt0389722,nm1720541
tt0389790,nm9054338
tt0389790,nm0971239
tt0389860,nm0178997
tt0390022,nm0000916
tt0390384,nm1503403
tt0390521,nm1041597
tt0391198,nm1234345
tt0391304,nm0170719
tt0393109,nm0426059
tt0393162,nm0141961
tt0395169,nm0313623
tt0395584,nm0957772
tt0395699,nm0788202
tt0396171,nm0878756
tt0396269,nm0229694
tt0396555,nm0027459
tt0396752,nm0428600
tt0397065,nm1429471
tt0397078,nm0677953
tt0397101,nm0812200
tt0397313,nm0550881
tt0397535,nm0551128
tt0397892,nm0397174
tt0397892,nm0930261
tt0398017,nm0405632
tt0398165,nm0781842
tt0398286,nm1977355
tt0398286,nm0397174
tt0398375,nm0001661
tt0398712,nm0724938
tt0398808,nm0190780
tt0399146,nm0000343
tt0399201,nm0000881
tt0399295,nm0629272
tt0400497,nm1286340
tt0400717,nm0021249
tt0400717,nm0191717
tt0400717,nm0820934
tt0401383,nm0773603
tt0401445,nm0000631
tt0401711,nm0000801
tt0401711,nm0041474
tt0401711,nm0149446
tt0401711,nm0158984
tt0401711,nm0001053
tt0401711,nm0001054
tt0401711,nm0170043
tt0401711,nm0000127
tt0401711,nm0190859
tt0401711,nm0000367
tt0401711,nm0236313
tt0401711,nm0481418
tt0401711,nm0622112
tt0401711,nm0668247
tt0401711,nm0687913
tt0401711,nm0758574
tt0401711,nm0005628
tt0401711,nm0840485
tt0401711,nm0858680
tt0401711,nm0878756
tt0401711,nm0001814
tt0401729,nm0004056
tt0401792,nm0588340
tt0401792,nm0000233
tt0401792,nm0001675
tt0401855,nm0936482
tt0401997,nm0712753
tt0402022,nm0476201
tt0402399,nm0000517
tt0402894,nm0002120
tt0402910,nm0317638
tt0403358,nm0067457
tt0403508,nm0477129
tt0403702,nm0037708
tt0404030,nm0000630
tt0404032,nm0220600
tt0404203,nm0276062
tt0404390,nm0469694
tt0405094,nm0003697
tt0405159,nm0000142
tt0405296,nm0000500
tt0405325,nm0593610
tt0405422,nm0031976
tt0405508,nm1018493
tt0406375,nm0269463
tt0406759,nm1219963
tt0406759,nm0658837
tt0406816,nm0001112
tt0407304,nm0000229
tt0407887,nm0000217
tt0408236,nm0000318
tt0408306,nm0000229
tt0408345,nm0518644
tt0408790,nm0777881
tt0408839,nm0125803
tt0408839,nm0268380
tt0409182,nm0000583
tt0409459,nm0811583
tt0409847,nm0269463
tt0410297,nm0002159
tt0411061,nm0000816
tt0411477,nm0868219
tt0412019,nm0000464
tt0412080,nm0002044
tt0413099,nm0001723
tt0413267,nm1844237
tt0413267,nm0401203
tt0413300,nm0000600
tt0414055,nm0001408
tt0414387,nm0942504
tt0414852,nm0603628
tt0414982,nm0939128
tt0414993,nm0004716
tt0415306,nm0570912
tt0416044,nm0091076
tt0416236,nm0914132
tt0416315,nm0572562
tt0416320,nm0000095
tt0416449,nm0811583
tt0416508,nm0418982
tt0417148,nm0254786
tt0417217,nm0142286
tt0417741,nm0946734
tt0418279,nm0000881
tt0418455,nm0421314
tt0418689,nm0000142
tt0418763,nm0005222
tt0418819,nm0001681
tt0419677,nm0276349
tt0419706,nm0005647
tt0419887,nm0286975
tt1293847,nm0142286
tt1294226,nm1455688
tt1294688,nm1127653
tt1297919,nm1714255
tt1298644,nm1128050
tt1298649,nm1676223
tt1298650,nm0551128
tt1300851,nm0240627
tt1300854,nm0000948
tt1302006,nm0000217
tt1302011,nm0950775
tt13024674,nm0777788
tt1305806,nm0002728
tt1306980,nm1349522
tt1307068,nm1032521
tt1308729,nm0001353
tt1311067,nm0957772
tt1312221,nm0868219
tt1313092,nm2391575
tt1313104,nm2694309
tt13143964,nm0938471
tt1314655,nm0235719
tt1315981,nm1053530
tt1318514,nm1012501
tt13186482,nm1503575
tt1320244,nm0821844
tt1320253,nm0000230
tt1320261,nm1224299
tt1321509,nm0001438
tt1321510,nm0160840
tt1321511,nm0000490
tt1321860,nm0000149
tt1321870,nm0281508
tt1322269,nm0920274
tt1322312,nm0123379
tt1323045,nm1697112
tt1323594,nm1853544
tt1323594,nm0719208
tt13238346,nm10227660
tt1324999,nm0174374
tt1325004,nm1720541
tt1327194,nm0382956
tt13274016,nm3026537
tt1327773,nm0200005
tt13287846,nm0000631
tt13314558,nm0675102
tt13320622,nm1887480
tt13320622,nm1519639
tt13327038,nm3066492
tt1333125,nm0006969
tt1333125,nm0109359
tt1333125,nm0139867
tt1333125,nm0192090
tt1333125,nm2086105
tt1333125,nm0001162
tt1333125,nm0268380
tt1333125,nm1158962
tt1333125,nm2455747
tt1333125,nm0348181
tt1333125,nm0711840
tt1333125,nm1743387
tt1333125,nm0644022
tt1334260,nm0738796
tt1334512,nm0934864
tt13345606,nm2091846
tt13357520,nm5820154
tt1335975,nm0727754
tt1336608,nm0788202
tt13375076,nm1170339
tt2096672,nm0125803
tt2096672,nm0268380
tt2096673,nm0230032
tt2096673,nm0215455
tt20969586,nm1500577
tt2101341,nm0649117
tt2101441,nm0005101
tt2103254,nm1229520
tt2103281,nm0716257
tt2105044,nm2366012
tt2105044,nm1410159
tt2105044,nm2419470
tt2105044,nm2301412
tt2105044,nm1137264
tt2105044,nm4761826
tt2105044,nm1846132
tt2105044,nm2318753
tt2105044,nm1488800
tt2105044,nm1417392
tt2106361,nm0702797
tt21064584,nm1699934
tt2106476,nm0899121
tt2106651,nm0558873
tt2109184,nm1160962
tt2109184,nm1413364
tt2109248,nm0000881
tt21103218,nm0339030
tt2112124,nm1460159
tt2118624,nm0833889
tt21191806,nm1164861
tt21192142,nm0354091
tt2119532,nm0000154
tt2119543,nm0744834
tt2120120,nm0001060
tt2121382,nm1128037
tt21235248,nm1481493
tt2125435,nm1022455
tt2125608,nm0070594
tt2126355,nm0679031
tt2132285,nm0001068
tt21382296,nm1429471
tt2139881,nm1349522
tt2140203,nm0396074
tt2140373,nm0359387
tt2140379,nm0802248
tt2140479,nm0640334
tt2140619,nm0629658
tt21454134,nm2158772
tt21626284,nm1444479
tt21692408,nm0593610
tt21692408,nm7067057
tt2170299,nm0000867
tt2170439,nm1890845
tt2170593,nm0577647
tt2172934,nm0629334
tt2176013,nm0007181
tt2177771,nm0000123
tt2178470,nm2209781
tt2179116,nm3611349
tt2179136,nm0000142
tt2180339,nm0001490
tt2180411,nm0551128
tt3348730,nm1294961
tt3348730,nm1294962
tt3359350,nm0510731
tt3361792,nm1933648
tt3371366,nm0000881
tt3381008,nm0504642
tt3385516,nm0001741
tt3387520,nm0004217
tt3390572,nm0080235
tt3393786,nm0001880
tt3397884,nm0898288
tt3398268,nm0948488
tt33996113,nm2262547
tt3402138,nm1676223
tt3402236,nm0000110
tt3405236,nm1194320
tt3410834,nm0777881
tt3411444,nm0757858
tt3416532,nm1291105
tt3416742,nm1318596
tt3416742,nm0169806
tt3416828,nm0862211
tt3416828,nm1154886
tt3420504,nm0764601
tt3427252,nm3699074
tt3450958,nm0716257
tt3460252,nm0000233
tt3464902,nm0487166
tt3469046,nm0049633
tt3469046,nm1853544
tt3469046,nm3210494
tt3470600,nm1134029
tt3470600,nm2888554
tt3480822,nm0795153
tt3488710,nm0000709
tt3495026,nm1834891
tt6443346,nm1429471
tt6450804,nm1783265
tt6452574,nm0386246
tt6467266,nm1134029
tt6467266,nm2888554
tt6472976,nm1682573
tt6475714,nm0027271
tt6491178,nm0951975
tt6499752,nm1191481
tt6513120,nm0580351
tt6543652,nm0667734
tt6565702,nm1334526
tt6566576,nm4074404
tt6571548,nm1023919
tt6587046,nm0594503
tt6604188,nm1461392
tt6628394,nm1206844
tt6644200,nm1024677
tt6654210,nm0298807
tt6663582,nm2573005
tt6673612,nm0300866
tt6679794,nm0533284
tt6710474,nm3453283
tt6710474,nm3215397
tt6718170,nm1739338
tt6718170,nm2398585
tt6718170,nm2966857
tt6718170,nm6042133
tt6723592,nm0634240
tt6738136,nm0267287
tt6742252,nm7546166
tt6751668,nm0094435
tt6772802,nm0000165
tt6772950,nm0905592
tt6791096,nm0463359
tt6791096,nm0799050
tt6791350,nm0348181
tt6802400,nm0108132
tt6806448,nm0500610
tt6820256,nm1020835
tt6823368,nm0796117
tt6850820,nm0603628
tt6856242,nm0891216
tt6857112,nm1443502
tt6857376,nm0001770
tt6878306,nm0339030
tt6902676,nm3950520
tt6908274,nm1079062
tt6911608,nm0662530
tt6920084,nm1266897
tt6921996,nm1256143
tt6924650,nm0000386
tt6966692,nm0268380
tt6968614,nm0138927
tt6977338,nm1969144
tt6998518,nm0181903
tt0756683,nm0770942
tt0758730,nm0833779
tt0758730,nm0833780
tt0758746,nm1197971
tt0758752,nm0001880
tt0758758,nm0000576
tt0758766,nm0492909
tt0758774,nm0000631
tt0758794,nm0629334
tt0762073,nm0661791
tt0762107,nm0240797
tt0762125,nm3360961
tt0762125,nm3371961
tt0762125,nm3483756
tt0765010,nm0006487
tt0765120,nm0939182
tt0765429,nm0000631
tt0765443,nm0000343
tt0770703,nm0617042
tt0770752,nm0855035
tt0770828,nm0811583
tt0780504,nm0716347
tt0780511,nm0428600
tt0780521,nm0166256
tt0780521,nm0615780
tt0780536,nm1732981
tt0780571,nm0262595
tt0780653,nm0002653
tt0783233,nm0942504
tt0787474,nm0030253
tt0787474,nm0820934
tt0787475,nm1676223
tt0787524,nm0114226
tt0790628,nm0769135
tt0790636,nm0885249
tt0790686,nm0014960
tt0790724,nm0003160
tt0790736,nm0777881
tt0795351,nm0023355
tt0795368,nm0000568
tt0795421,nm1630273
tt0795461,nm0002700
tt0795461,nm0001878
tt0795493,nm0000095
tt0796366,nm0009190
tt0799934,nm0327273
tt0799949,nm0294997
tt0799949,nm0783536
tt0800039,nm0831557
tt0800069,nm1170286
tt0800080,nm0504642
tt0800241,nm0026442
tt0800308,nm0000438
tt0800320,nm0504642
tt0800325,nm0871860
tt0800369,nm0000110
tt0803096,nm1512910
tt0804461,nm1490123
tt0804497,nm1349818
tt0804497,nm0281396
tt0804522,nm0004303
tt0805564,nm0318916
tt0805570,nm0457565
tt0805647,nm0000709
tt0806203,nm0665041
tt0806203,nm1883612
tt0808151,nm0000165
tt0808279,nm0359734
tt0808399,nm0619762
tt0808399,nm0015359
tt0808399,nm0040939
tt0808399,nm0051157
tt0808399,nm0400441
tt0808399,nm0412517
tt0808399,nm0422638
tt0808399,nm0001408
tt0808399,nm0551358
tt0808399,nm0000204
tt0808399,nm0711840
tt0808417,nm1749112
tt0808417,nm2277869
tt0808506,nm0396074
tt0808510,nm0501185
tt0810819,nm0393799
tt0810913,nm0240797
tt0810922,nm0236226
tt0811080,nm0905154
tt0811080,nm0905152
tt0811138,nm0773605
tt0814022,nm0659380
tt0814022,nm0161152
tt0814255,nm0001060
tt0814314,nm0610831
tt0815236,nm1637768
tt0815241,nm0153078
tt0815244,nm0638271
tt0815245,nm0345294
tt0815245,nm0345307
tt0816442,nm1093053
tt0816462,nm1197971
tt0816692,nm0634240
tt0816711,nm0286975
tt0817177,nm0001661
tt0817230,nm0005190
tt0817538,nm0109359
tt0821640,nm0914132
tt0821642,nm0942504
tt0822832,nm0291205
tt0822847,nm0829820
tt0822854,nm0298807
tt1245526,nm0777881
tt12477480,nm0661791
tt1250777,nm0891216
tt12536294,nm1883257
tt1253863,nm1729171
tt1253864,nm0802248
tt1255953,nm0898288
tt1258197,nm0371955
tt12584954,nm1818032
tt1258972,nm0753526
tt12593682,nm0500610
tt1259521,nm1206844
tt1259528,nm0345615
tt1259571,nm0919363
tt12610390,nm0267497
tt1261945,nm0455078
tt1262416,nm0000127
tt1262426,nm0160840
tt1263670,nm0178376
tt1267297,nm0711840
tt12680684,nm0815204
tt1268799,nm0833889
tt1270262,nm0848414
tt1270761,nm2552536
tt1270797,nm0281508
tt1270798,nm0891216
tt1272878,nm0466349
tt1273235,nm3094978
tt12735488,nm5645455
tt12747748,nm1322753
tt12749596,nm3699074
tt12758060,nm1580671
tt1276104,nm0426059
tt1276419,nm1064048
tt1277953,nm0201509
tt1277953,nm0569891
tt1277953,nm0970447
tt1278340,nm2482088
tt12789558,nm0000110
tt1279935,nm0506613
tt12801262,nm1154836
tt1280558,nm3109770
tt1282140,nm0323239
tt12844910,nm1893457
tt1284575,nm0440458
tt1285016,nm0000399
tt1285241,nm1027719
tt1286537,nm0448422
tt1288558,nm1793079
tt12888462,nm11813828
tt12888462,nm1624755
tt1289401,nm0082450
tt1289403,nm0001565
tt1289406,nm2905562
tt12908150,nm1093039
tt1291150,nm0509448
tt1291570,nm4139472
tt12915716,nm3819854
tt1291584,nm0640334
tt12921446,nm0337773
tt1292566,nm0228542
tt1340138,nm0851930
tt13403046,nm6470216
tt13405778,nm0933940
tt1340800,nm0019247
tt1341167,nm0606439
tt1341188,nm0000985
tt1343092,nm0525303
tt1343097,nm0019242
tt13433802,nm3968825
tt1343727,nm0871428
tt13452446,nm0294379
tt1345836,nm0634240
tt1351685,nm0001741
tt13521006,nm4170048
tt1352824,nm0000382
tt1355630,nm0191712
tt1355631,nm1026778
tt1355644,nm0878763
tt1355683,nm0178376
tt13560574,nm1488800
tt13603966,nm2197777
tt1360860,nm1410815
tt13622970,nm3989471
tt13622970,nm2911364
tt13622970,nm2834849
tt13640696,nm3437361
tt1365050,nm1560977
tt13651794,nm0001331
tt13654226,nm0220600
tt1365519,nm1012385
tt1366344,nm0337773
tt13664684,nm6649966
tt13669038,nm0001631
tt1371111,nm0878756
tt1371111,nm0905154
tt1371111,nm0905152
tt1371150,nm0506613
tt1374989,nm0824882
tt1374992,nm0812626
tt13751694,nm9227039
tt1375666,nm0634240
tt1375670,nm0240797
tt1379182,nm0487166
tt13818368,nm1893457
tt13833688,nm0004716
tt13841850,nm0307497
tt1385826,nm1079776
tt1385867,nm0003620
tt1386588,nm0570912
tt1386697,nm0043742
tt1386703,nm0936482
tt1386932,nm0948159
tt1389072,nm0668247
tt1389096,nm0001770
tt1389137,nm0001081
tt1390411,nm0000165
tt2279373,nm1196684
tt2279373,nm0593610
tt2283336,nm0336620
tt2283362,nm0440458
tt2283748,nm1084488
tt22898462,nm1980431
tt2293640,nm0049633
tt2293640,nm1853544
tt2294449,nm0520488
tt2294449,nm0588087
tt2294629,nm0118333
tt2294629,nm1601644
tt2302755,nm0298807
tt2304933,nm2128335
tt2305051,nm0885249
tt2310332,nm0001392
tt2312718,nm0001219
tt23137390,nm2278537
tt23137904,nm0811583
tt2316204,nm0000631
tt2316411,nm0898288
tt2321549,nm0448768
tt2322441,nm0853374
tt2328900,nm6066050
tt23289160,nm0945724
tt2333784,nm0400850
tt2333804,nm0000416
tt2334649,nm3363032
tt2334873,nm0000095
tt2334879,nm0000386
tt2338151,nm0386246
tt2345737,nm2391575
tt2345759,nm0476064
tt23468450,nm0674020
tt2347569,nm0000876
tt2350496,nm3592235
tt23561236,nm6852255
tt2356180,nm1018493
tt2357129,nm0827750
tt2357291,nm0757858
tt2358891,nm0815204
tt2359024,nm1099918
tt2361317,nm0000255
tt2361509,nm0583600
tt2364841,nm1026778
tt2368619,nm1220140
tt2369135,nm0915304
tt2370248,nm2308774
tt2372222,nm0618898
tt2372222,nm14731124
tt2377322,nm0220600
tt2377938,nm3109770
tt2379713,nm0005222
tt2380307,nm0881279
tt2380307,nm2937122
tt2381111,nm1259871
tt2381249,nm0003160
tt2381941,nm0275629
tt2381941,nm0720135
tt2381991,nm1031639
tt2382009,nm0001885
tt2382320,nm1560977
tt2382396,nm0337773
tt23849204,nm0006765
tt2386490,nm0213450
tt2387433,nm0829820
tt2387499,nm0609549
tt2387559,nm0779433
tt2388715,nm1093039
tt2388771,nm0785227
tt2390361,nm0392237
tt2395427,nm0923736
tt2396589,nm2011696
tt2397535,nm1294961
tt2397535,nm1294962
tt2400463,nm0476201
tt2401878,nm2122478
tt2401878,nm0442109
tt2402157,nm0002044
tt2402927,nm0001331
tt2403021,nm0744834
tt2404233,nm0001639
tt2404311,nm0000108
tt2404425,nm0193508
tt2404435,nm0298807
tt2404461,nm1410815
tt2404463,nm0082450
tt2406566,nm0500610
tt3612616,nm0230859
tt3622592,nm1500577
tt3631112,nm0853238
tt3640424,nm0000709
tt36463894,nm0870469
tt36463894,nm1945519
tt3647498,nm0724938
tt3659388,nm0000631
tt3661210,nm1404307
tt3682448,nm0000229
tt3691740,nm0000229
tt3704428,nm0525303
tt3713166,nm0300174
tt3715320,nm0000095
tt3716530,nm0000682
tt3717252,nm0283816
tt3717490,nm2410311
tt3731562,nm3611349
tt7979580,nm5106831
tt7979580,nm6676487
tt7984734,nm3211470
tt7984766,nm2391575
tt7985704,nm0005363
tt7991608,nm1098493
tt8009428,nm1476102
tt8036976,nm0000600
tt8041270,nm1119880
tt8075192,nm0466153
tt8079248,nm0000965
tt8093700,nm0697656
tt8097030,nm7626019
tt8106534,nm0000881
tt8108198,nm1437189
tt8110232,nm0851930
tt8110330,nm2535507
tt8110640,nm0585344
tt8110652,nm0717603
tt8115900,nm2010048
tt8155288,nm0484907
tt8178634,nm1442514
tt8228288,nm2008067
tt8236336,nm1994243
tt8239946,nm9751348
tt8239946,nm1628153
tt8239946,nm4205110
tt8244784,nm0957505
tt8267604,nm1701024
tt8291224,nm2336554
tt8291806,nm0000264
tt8332922,nm1024677
tt8350360,nm2477891
tt8359848,nm0637615
tt8364368,nm0014960
tt8367814,nm0005363
tt8368368,nm4389150
tt8368406,nm2705923
tt8368408,nm4142927
tt8368512,nm4315078
tt8385148,nm0400850
tt8404614,nm0576987
tt8426926,nm1633551
tt12037194,nm0004306
tt12042730,nm0520488
tt12042730,nm0588087
tt1204342,nm0090386
tt1204975,nm0005509
tt1204977,nm0925482
tt1205489,nm0000142
tt1205535,nm0294505
tt1205537,nm0000110
tt1206543,nm0178376
tt1206885,nm0344496
tt1210042,nm0298807
tt1210166,nm0587955
tt1210819,nm0893659
tt1211837,nm0220600
tt1211956,nm0405632
tt1212419,nm0000142
tt1212428,nm0336695
tt1212436,nm0693561
tt1212450,nm0384825
tt1213641,nm3227090
tt1213644,nm0294997
tt1213644,nm0783536
tt1213648,nm1184258
tt1213663,nm0942367
tt1216475,nm0005124
tt1216475,nm0506977
tt1216487,nm0019242
tt1216491,nm0191147
tt1216492,nm0875793
tt1216496,nm0094435
tt1217209,nm0028764
tt1217209,nm0152312
tt1217209,nm0700760
tt1217613,nm0509448
tt1219289,nm1139726
tt1219342,nm0811583
tt1219827,nm2782185
tt1220198,nm1069989
tt1220634,nm0027271
tt1220719,nm0948159
tt1222817,nm0178997
tt1225822,nm0431918
tt12261776,nm1399714
tt12261776,nm1456816
tt12262116,nm0000165
tt1226229,nm0831557
tt1226273,nm0132709
tt12263384,nm1092087
tt1226753,nm0006960
tt1226774,nm0406334
tt1226837,nm0886976
tt1228705,nm0269463
tt1228987,nm0716257
tt1229238,nm0083348
tt1229340,nm0570912
tt1229822,nm1560977
tt12299608,nm0094435
tt12300742,nm0487166
tt1230414,nm0583600
tt1231580,nm0858525
tt1231583,nm0680846
tt1231587,nm0684336
tt1232200,nm1890845
tt1232776,nm0036349
tt1232829,nm0520488
tt1232829,nm0588087
tt1233227,nm0340436
tt1234548,nm0381416
tt1234719,nm0103187
tt1234721,nm0655683
tt1235124,nm0662529
tt1235166,nm0002191
tt1235522,nm0400441
tt12361974,nm0811583
tt1240982,nm0337773
tt12412888,nm1733778
tt1241317,nm1417392
tt1242422,nm0600409
tt1242432,nm0003458
tt1242460,nm0708903
tt1243957,nm0003697
tt1243974,nm0001081
tt1245112,nm0049371
tt1245112,nm0687042
tt1245492,nm1698571
tt1245492,nm0736622
tt16311594,nm2676052
tt1631867,nm0510731
tt1632708,nm0323239
tt1634106,nm1702145
tt1634122,nm0662529
tt16366836,nm0545150
tt1636826,nm1294036
tt1637688,nm0629272
tt1637706,nm0673400
tt1637725,nm0532235
tt1638002,nm0228542
tt1638355,nm0005363
tt1640459,nm2639032
tt16419074,nm0000255
tt16426418,nm0345174
tt16428256,nm1396121
tt16431870,nm0148116
tt1645080,nm1026883
tt1645089,nm2480587
tt1645170,nm0153078
tt1646971,nm0213450
tt1646987,nm0509448
tt1648179,nm0178997
tt1648190,nm1064048
tt1649418,nm0751648
tt1649418,nm0751577
tt1649419,nm1291105
tt1650062,nm0009190
tt1650554,nm0905592
tt16539454,nm1335875
tt1655389,nm0231596
tt1655420,nm0193508
tt1655441,nm1767218
tt1655442,nm0371890
tt1655460,nm0906476
tt1656190,nm0945026
tt1657507,nm0576298
tt1659337,nm0154716
tt1660648,nm0268380
tt1661199,nm0000110
tt1661382,nm0781842
tt1663202,nm0327944
tt1663662,nm0868219
tt1666186,nm0294997
tt1666186,nm0783536
tt1666801,nm1847738
tt1667353,nm0802248
tt1667889,nm0553942
tt1667889,nm0862211
tt1670345,nm0504642
tt1673434,nm0174374
tt1674771,nm0254120
tt1675192,nm2158772
tt1675434,nm0619923
tt1675434,nm0865918
tt1677720,nm0000229
tt1679335,nm0593610
tt1679335,nm0230666
tt1682180,nm0661791
tt1683526,nm0443411
tt1684562,nm0500610
tt1686821,nm0914132
tt1687901,nm1960322
tt1690953,nm1853544
tt1690953,nm0719208
tt1691916,nm1735543
tt1691917,nm0355806
tt1692486,nm0000591
tt1695843,nm2282177
tt1700841,nm0862911
tt1700841,nm0970447
tt17009710,nm2630323
tt1702439,nm0002120
tt1702443,nm0160840
tt17024450,nm0298807
tt1703199,nm4017355
tt1703199,nm3425513
tt1703199,nm4155547
tt1704573,nm0000500
tt1706593,nm2503633
tt1706620,nm0094435
tt1707386,nm0393799
tt1711425,nm0524190
tt1711425,nm0601859
tt1711525,nm0330347
tt1711525,nm0817447
tt1712261,nm0384825
tt1714206,nm1242054
tt1714915,nm0000464
tt1716772,nm1414582
tt29268110,nm6475689
tt2932536,nm1266897
tt2935476,nm0899121
tt2935510,nm0336695
tt2937696,nm0000500
tt2937898,nm1170855
tt2948356,nm0397174
tt2948356,nm0601781
tt2948356,nm1158544
tt2948372,nm0230032
tt2948372,nm5358492
tt2953050,nm1158544
tt2953050,nm0397174
tt2953050,nm4146781
tt29567915,nm0888743
tt29603959,nm3228270
tt29603959,nm1793586
tt29623480,nm0761498
tt29644189,nm0220600
tt2967224,nm0281945
tt2975578,nm0218621
tt2975590,nm0811583
tt29768334,nm3286079
tt2980516,nm1016428
tt2980592,nm1417392
tt2980648,nm0002120
tt2990140,nm0443505
tt2991224,nm0882203
tt30057084,nm0717603
tt3007512,nm0000128
tt3011894,nm1167933
tt30144839,nm0000759
tt3014866,nm1033517
tt30253473,nm10227660
tt4680182,nm1443023
tt4682266,nm1837748
tt4682786,nm0291205
tt4686844,nm0406334
tt4687108,nm0622112
tt4695012,nm4099092
tt4698684,nm0169806
tt4701182,nm1325899
tt4712810,nm0281508
tt4729430,nm0655053
tt4729430,nm3582089
tt4731136,nm0893659
tt4758646,nm2391575
tt4761112,nm0531817
tt4765284,nm2586324
tt4769836,nm0109359
tt4772188,nm6478535
tt4776998,nm0313623
tt4777008,nm1461392
tt4779682,nm0005509
tt4781612,nm2495732
tt4786282,nm2497546
tt4799050,nm3622659
tt4832640,nm1804614
tt4846232,nm1509478
tt4846232,nm1343394
tt4846340,nm0577647
tt4849438,nm1442514
tt4853102,nm0515005
tt4857264,nm1079062
tt4873118,nm0005363
tt4877122,nm1902232
tt4881806,nm1291105
tt4901306,nm0002645
tt4912910,nm0003160
tt4913966,nm1980431
tt4916630,nm2308774
tt4919268,nm4816401
tt4919268,nm4263190
tt4925292,nm1950086
tt4954522,nm4469445
tt4971344,nm0002191
tt4972582,nm0796117
tt4975722,nm1503575
tt4978420,nm0744834
tt4995790,nm1128037
tt4998632,nm0000881
tt5013056,nm0634240
tt5022702,nm1093039
tt5027774,nm1732981
tt5028340,nm0551128
tt5033998,nm0006969
tt5034838,nm1417392
tt5040012,nm3211470
tt5052448,nm1443502
tt5052474,nm1356588
tt5073642,nm0822582
tt5074352,nm4318159
tt5083738,nm0487166
tt5090568,nm4023702
tt5093026,nm1840064
tt5095030,nm0715636
tt5104604,nm0027572
tt5108870,nm1174251
tt5109280,nm2320658
tt5109280,nm2788015
tt5109280,nm2128363
tt5109280,nm0727960
tt5109784,nm0004716
tt5113040,nm0719208
tt5113040,nm3646390
tt5113044,nm0049633
tt5113044,nm1556070
tt5113044,nm3646390
tt5116302,nm0179697
tt5117670,nm0323239
tt5140878,nm2497546
tt5164214,nm0002657
tt5164432,nm0075528
tt5168192,nm0516360
tt5177088,nm1793079
tt5177120,nm0005363
tt5186714,nm1410815
tt5208252,nm0919363
tt5215952,nm2947553
tt5220122,nm0850733
tt5246700,nm1270033
tt5247022,nm0000464
tt9764362,nm0617042
tt9770150,nm2125482
tt9777644,nm0000490
tt9777666,nm0003021
tt9783600,nm2676052
tt9784798,nm3489851
tt9844522,nm0733263
tt9866072,nm0925870
tt9893250,nm2128335
tt9900782,nm7992231
tt1120985,nm0161834
tt1121096,nm0091076
tt11214558,nm1509478
tt11214590,nm0000631
tt1121931,nm0004410
tt1121931,nm0962729
tt11233960,nm3519173
tt1124035,nm0000123
tt1124037,nm0002657
tt11245972,nm2366012
tt11245972,nm2419470
tt11252248,nm1730221
tt11252248,nm1475594
tt1125849,nm0004716
tt1126590,nm0000318
tt1126591,nm0031078
tt1126618,nm0585011
tt11271038,nm0000759
tt1127180,nm0000600
tt11286314,nm0570912
tt11291274,nm3230448
tt1129442,nm0576298
tt1130080,nm0001752
tt11301886,nm1099918
tt11304740,nm0118333
tt11304740,nm3086932
tt1130884,nm0000217
tt11315808,nm0680846
tt1131729,nm0193485
tt1131734,nm0476201
tt1132620,nm0649117
tt1132626,nm0352524
tt1133985,nm0132709
tt1135084,nm0525141
tt1135487,nm0006904
tt1135503,nm0001188
tt11358390,nm0003021
tt1135985,nm1890845
tt1136608,nm0088955
tt1136617,nm0000399
tt1137450,nm0744834
tt11389872,nm1226871
tt1139328,nm0000591
tt1139668,nm0275286
tt1139797,nm0019247
tt11426232,nm0451274
tt1142977,nm0000318
tt1142988,nm0525659
tt1144884,nm0254786
tt11464826,nm2341611
tt11466222,nm0871860
tt1148204,nm1429471
tt1149362,nm0359734
tt1152398,nm1400426
tt1152836,nm0000520
tt1155056,nm0357453
tt1155076,nm0958969
tt11555492,nm4627221
tt1155592,nm1016428
tt11563598,nm0003506
tt1156398,nm0281508
tt11564570,nm0426059
tt1160419,nm0898288
tt1570728,nm0275629
tt1570728,nm0720135
tt1571222,nm0000343
tt1571234,nm0729514
tt1572315,nm0525141
tt1578275,nm0000165
tt15789038,nm0812307
tt15791034,nm1199107
tt1582507,nm0867127
tt1583420,nm0000158
tt1583421,nm0160840
tt1586265,nm0428600
tt1586752,nm0286975
tt1587310,nm0834902
tt1587707,nm2612991
tt1588170,nm0453518
tt1588173,nm1349522
tt1588334,nm0243231
tt1588334,nm0243233
tt1590193,nm1429471
tt1591095,nm1490123
tt1591479,nm0566788
tt1591479,nm0915304
tt1592525,nm1140492
tt1592525,nm1908892
tt1592873,nm0018132
tt15940132,nm0400850
tt1596343,nm0510912
tt1596345,nm0001880
tt1596346,nm0573732
tt1596350,nm0629334
tt1596363,nm0570912
tt1596365,nm1220140
tt15979666,nm0015295
tt1598778,nm0001752
tt1598822,nm0005190
tt1599348,nm1174251
tt1600195,nm0005436
tt1600196,nm1742427
tt1601913,nm0138620
tt1602613,nm0716347
tt1602620,nm0359734
tt1605630,nm1375358
tt1605630,nm1376383
tt1605717,nm1049433
tt1605783,nm0000095
tt1606378,nm0601382
tt1606389,nm1302591
tt1606392,nm0565336
tt1608290,nm0001774
tt1611224,nm0067457
tt1613750,nm1461392
tt1613750,nm1650283
tt1614989,nm0878763
tt1615065,nm0000231
tt1615147,nm1170855
tt1615160,nm0132709
tt1616195,nm0000142
tt1617661,nm0905154
tt1617661,nm0905152
tt1618434,nm1760830
tt1618442,nm0252135
tt1619029,nm1883257
tt1621045,nm1103162
tt1622547,nm0281508
tt1622979,nm0702797
tt1623205,nm0000600
tt1623288,nm2752098
tt1623288,nm0271402
tt1625346,nm0718646
tt1626146,nm0155093
tt16277242,nm1291105
tt1628841,nm0000386
tt1630029,nm0000116
tt16300962,nm1899608
tt2837574,nm1108007
tt28443655,nm3659547
tt2848292,nm0006969
tt2850386,nm3150455
tt2854926,nm1762961
tt28607951,nm0048918
tt2866360,nm0126096
tt2869728,nm1103162
tt2870612,nm0235719
tt2870648,nm0438090
tt2870756,nm0000095
tt2872718,nm0319659
tt2872732,nm0000108
tt2873282,nm1349376
tt2883512,nm0269463
tt2884018,nm0997291
tt2884206,nm2648685
tt2888046,nm0948159
tt28996126,nm3464186
tt2906216,nm0197855
tt2906216,nm0326246
tt2908446,nm0777881
tt2910814,nm1827931
tt2910904,nm0602104
tt2911666,nm0821432
tt3949660,nm1757777
tt3960412,nm1676223
tt3960412,nm1672246
tt3967856,nm0094435
tt3986820,nm1918140
tt3986820,nm1823264
tt4003440,nm0001885
tt4005402,nm0302780
tt4016934,nm0661791
tt4034228,nm0518836
tt4034354,nm3453283
tt4034354,nm3215397
tt4044364,nm0688636
tt4046784,nm1226871
tt4048272,nm0011752
tt4052882,nm1429471
tt4062536,nm1099918
tt4080728,nm0391502
tt4094724,nm0218621
tt4116284,nm0003021
tt4123430,nm0946734
tt4123432,nm0946734
tt4126476,nm1788310
tt4136084,nm0001241
tt9347730,nm4804442
tt9354842,nm0277342
tt9362722,nm1690966
tt9362722,nm5358492
tt9362722,nm1042511
tt9362930,nm3924049
tt9376612,nm2308774
tt9389998,nm1335875
tt9411972,nm3229507
tt9412098,nm0807687
tt9419884,nm0000600
tt9421570,nm0298807
tt9426210,nm1396121
tt9466114,nm0795290
tt9484998,nm3817317
tt9495224,nm1720541
tt9531772,nm1460159
tt9603208,nm0003160
tt9603212,nm0003160
tt9619798,nm2634746
tt9619824,nm0513554
tt9619824,nm1437652
tt9620288,nm3232264
tt9620292,nm2193504
tt9637132,nm1363374
tt9637132,nm13573468
tt9639470,nm0942367
tt9663764,nm1490123
tt9686708,nm0031976
tt9701940,nm4074404
tt9701942,nm4074404
tt9731534,nm1410159
tt1041829,nm0281945
tt10431500,nm3133017
tt1043726,nm0001317
tt1045658,nm0751102
tt1045772,nm0275629
tt1045772,nm0720135
tt1045778,nm0000601
tt1046173,nm0814085
tt1049413,nm0230032
tt1049413,nm0677037
tt10514222,nm0938045
tt1051904,nm1224299
tt1051906,nm1191481
tt10530176,nm8066994
tt1053424,nm0764601
tt1053810,nm0291205
tt10539608,nm0000123
tt10545296,nm1349376
tt1054606,nm0000416
tt10548174,nm0000965
tt1055292,nm0075528
tt1055369,nm0000881
tt10554232,nm0031342
tt1057500,nm0000142
tt10579952,nm7992231
tt1058017,nm0315041
tt1058017,nm2816668
tt1059786,nm0142286
tt1060277,nm0716257
tt10618286,nm0000399
tt10620868,nm4252203
tt10633456,nm1818032
tt1063669,nm0304541
tt10638522,nm4053334
tt10638522,nm4073140
tt10640346,nm3227090
tt10648342,nm0169806
tt1065073,nm0000500
tt10655524,nm1682573
tt10665338,nm0337773
tt10665342,nm0337773
tt1067106,nm0000709
tt1067583,nm1349376
tt10676048,nm4804442
tt10676052,nm0787687
tt1067774,nm0080120
tt10682266,nm0109359
tt1068242,nm0108132
tt1068680,nm0715636
tt1069238,nm0847690
tt10696784,nm5029795
tt10696896,nm0565336
tt10698680,nm6073824
tt1070874,nm0815070
tt1071875,nm0004410
tt1071875,nm0962729
tt1073105,nm1154184
tt10731256,nm1312575
tt1073498,nm0294997
tt1073498,nm0783536
tt1074638,nm0005222
tt10752004,nm2076099
tt1075417,nm0275698
tt1075747,nm0371755
tt1077258,nm0001675
tt1077368,nm0000318
tt1078588,nm0001024
tt1078912,nm0506613
tt1078940,nm0082526
tt1480656,nm0000343
tt1482459,nm0719208
tt1482459,nm0049633
tt14826022,nm1244069
tt1483013,nm2676052
tt14846026,nm1118351
tt14849194,nm0668247
tt14856980,nm0679031
tt1485796,nm1243905
tt14858658,nm2368789
tt1486185,nm0362566
tt1486192,nm0574625
tt1486834,nm0236226
tt1488555,nm0229694
tt1488589,nm0868219
tt1488589,nm0348993
tt1488606,nm1170855
tt1489887,nm1312575
tt1489889,nm1098493
tt1490017,nm0520488
tt1490017,nm0588087
tt14905854,nm2125482
tt1491044,nm1033517
tt1493274,nm0004716
tt14948432,nm0440458
tt1496025,nm0617523
tt1496025,nm0825407
tt14961016,nm0758574
tt14966898,nm1637876
tt14966898,nm1454108
tt14992922,nm3220744
tt14993250,nm0424103
tt1499658,nm1164861
tt14998742,nm0811583
tt15009428,nm0891216
tt1502397,nm4816401
tt1502397,nm4263190
tt1502404,nm0527261
tt1502407,nm0337773
tt1502712,nm2503633
tt1504320,nm0393799
tt1506999,nm0001752
tt15097216,nm4377096
tt1509767,nm0027271
tt1512235,nm0348181
tt1515091,nm0005363
tt1517260,nm0629272
tt1517268,nm1950086
tt1517451,nm0177896
tt15239678,nm0898288
tt1524137,nm0466349
tt1524930,nm0197855
tt1524930,nm0326246
tt26548265,nm9204865
tt26548265,nm18314533
tt26548265,nm18314534
tt26581740,nm1199107
tt26584495,nm1289733
tt2660888,nm0510912
tt26625693,nm0997291
tt2669336,nm1783713
tt2671706,nm0000243
tt26736843,nm10064730
tt26743210,nm0213450
tt2674426,nm4824763
tt26753003,nm0796117
tt2679042,nm5507490
tt2692250,nm0506613
tt2692904,nm1140275
tt26932223,nm0063357
tt2702724,nm1229520
tt27028399,nm1223294
tt2704998,nm0197855
tt2704998,nm0326246
tt27075958,nm0005363
tt2709692,nm0155528
tt2709692,nm0608714
tt2709768,nm0719208
tt27131358,nm1259871
tt2713180,nm0043742
tt2717822,nm0000520
tt2718492,nm0667734
tt2719848,nm0466349
tt2726560,nm0863387
tt2737050,nm0201094
tt2737050,nm0201095
tt2737304,nm0081540
tt27403986,nm0000142
tt27459160,nm8552307
tt27459160,nm13040033
tt27489557,nm2366012
tt27489557,nm2419470
tt27503384,nm0000694
tt3860916,nm3262170
tt3860916,nm3447602
tt3861390,nm0000318
tt3863552,nm1203138
tt3874544,nm0569891
tt3881784,nm0337773
tt3882082,nm0068587
tt3890160,nm0942367
tt3892172,nm0335138
tt3896198,nm0348181
tt3915174,nm3150455
tt3915174,nm2591093
tt3922818,nm0155093
tt8912936,nm2972864
tt8912936,nm0505946
tt8936646,nm1092087
tt8946378,nm0426059
tt8999762,nm1227232
tt9032400,nm2125482
tt9052870,nm4318159
tt9071322,nm0001331
tt9100054,nm0350454
tt9114286,nm3363032
tt9115530,nm0795290
tt9150192,nm0043742
tt9179430,nm7992231
tt9198364,nm0004306
tt9203694,nm1020835
tt9214772,nm2353862
tt9214832,nm2127315
tt9218128,nm0000631
tt9224104,nm1296554
tt9243804,nm1108007
tt9243946,nm0319213
tt9263550,nm0534856
tt9288046,nm0930261
tt0824747,nm0000142
tt0825232,nm0001661
tt0829150,nm2411495
tt0829482,nm0609549
tt0830515,nm0286975
tt0831387,nm2284484
tt0831887,nm0588340
tt0832266,nm0111845
tt0834001,nm0851281
tt0837562,nm0850733
tt0837563,nm1556116
tt0837563,nm1552637
tt0838221,nm0027572
tt0838232,nm0958969
tt0838283,nm0570912
tt0839980,nm0022768
tt0840361,nm0000255
tt0841046,nm0440458
tt0842926,nm0158966
tt0844286,nm0426059
tt0844471,nm0520488
tt0844471,nm0588087
tt0844479,nm1729303
tt0844708,nm1531934
tt0848228,nm0923736
tt0848537,nm0917188
tt0848557,nm0001681
tt0851578,nm0464804
tt0852713,nm0937748
tt0859163,nm0003418
tt0861689,nm0576987
tt0861739,nm0655683
tt0862467,nm0716347
tt0862846,nm0420422
tt0862856,nm1002424
tt0864761,nm1314116
tt0864835,nm0591450
tt0865556,nm0591450
tt0866439,nm0917992
tt0870111,nm0000165
tt0870154,nm1429471
tt0870984,nm0001885
tt0871510,nm0024912
tt0873886,nm0003620
tt0876563,nm0594503
tt0878804,nm0359387
tt0879870,nm0614682
tt0880578,nm0387706
tt0881320,nm0340958
tt0882977,nm0006846
tt0884328,nm0001104
tt0884732,nm1275670
tt0887261,nm1410159
tt0887883,nm0001053
tt0887883,nm0001054
tt0887912,nm0000941
tt0889573,nm0330347
tt0889573,nm0817447
tt0889583,nm0153078
tt0890870,nm1135423
tt0891527,nm0000602
tt0892318,nm0935095
tt0892769,nm0213450
tt0892769,nm0761498
tt0892782,nm1224299
tt0892782,nm0970447
tt0892791,nm0593610
tt0898367,nm0384825
tt0899043,nm0369949
tt0901476,nm0935095
tt0903624,nm0001392
tt0905372,nm0374048
tt0907657,nm0138809
tt0910936,nm0337773
tt0910970,nm0004056
tt0914798,nm0379179
tt0914863,nm0429963
tt0918927,nm0788234
tt0918940,nm0946734
tt0926084,nm0946734
tt0929425,nm0308520
tt0929632,nm0200005
tt0935075,nm0593463
tt0936501,nm0603628
tt0938283,nm0796117
tt0938330,nm1068186
tt0942385,nm0001774
tt0944835,nm0637518
tt0945513,nm1512910
tt0947798,nm0004716
tt0947802,nm0001438
tt0947810,nm0339030
tt0948470,nm1989536
tt0949731,nm0796117
tt0952640,nm0384722
tt0955308,nm0000631
tt0959337,nm0005222
tt0960144,nm0240797
tt0960731,nm0788202
tt0962726,nm0650905
tt0962736,nm0885249
tt0963178,nm0878756
tt0963794,nm2127650
tt0963966,nm0005509
tt0964517,nm0751102
tt0970179,nm0000217
tt0970411,nm1481493
tt0970416,nm0220600
tt0970452,nm1068186
tt0970866,nm0919369
tt0971209,nm0878638
tt0974015,nm0811583
tt0974661,nm0824882
tt0975645,nm0315065
tt0976051,nm0197636
tt0977855,nm0510731
tt0978762,nm0254178
tt0978764,nm0811583
tt0980970,nm0000776
tt0981227,nm0813164
tt0983193,nm0000229
tt0983213,nm1396121
tt0983946,nm0905592
tt0985694,nm0542450
tt0985694,nm0001675
tt0985699,nm0001741
tt0986233,nm2588606
tt0986263,nm0609236
tt0986264,nm0451148
tt0988045,nm0005363
tt0988047,nm0618680
tt0988595,nm0281945
tt0989757,nm0002120
tt0990407,nm0327273
tt0993840,nm0811583
tt0993842,nm0942504
tt0993846,nm0000217
tt0995039,nm0462895
tt0997152,nm0771228
tt1000774,nm0455078
tt1001508,nm0477129
tt1001520,nm0004217
tt1001526,nm0569891
tt10016180,nm0359387
tt10028196,nm2378914
tt10039344,nm2280148
tt10059518,nm0097517
tt1007028,nm0003620
tt1007029,nm1630273
tt14364480,nm0426059
tt1436562,nm0757858
tt14371878,nm0336620
tt1438176,nm0318916
tt1438254,nm0824882
tt1439572,nm0533284
tt1440129,nm0000916
tt1440292,nm1547964
tt1440728,nm0179221
tt1441326,nm1699934
tt1441395,nm0322242
tt1441952,nm0002120
tt14444726,nm0276062
tt1446192,nm0709056
tt1446714,nm0000631
tt1448754,nm0744834
tt1448755,nm1834213
tt1450321,nm1580671
tt14509110,nm3929259
tt14513804,nm1564809
tt1453405,nm0768959
tt14539740,nm1417392
tt1454029,nm0853238
tt1454468,nm0190859
tt1456635,nm0236226
tt1457767,nm1490123
tt14577874,nm1177612
tt1458175,nm0353673
tt1462041,nm0006487
tt1462758,nm0181579
tt1462764,nm0003506
tt1462769,nm0373282
tt14641788,nm0102873
tt1464335,nm0281508
tt1464540,nm0142286
tt1465522,nm0185848
tt1467304,nm1519353
tt1469304,nm1164861
tt1470023,nm1672246
tt1470827,nm2284484
tt1473832,nm0536632
tt1477076,nm0340436
tt1477834,nm1490123
tt1478338,nm0082450
tt1478964,nm0180428
tt24268454,nm2298107
tt24268454,nm1150959
tt2428170,nm2674307
tt2431286,nm0001241
tt2436386,nm2410311
tt2446042,nm0576298
tt2446980,nm0751102
tt2452042,nm0553942
tt2452244,nm0833889
tt2452386,nm0122427
tt2461150,nm0381478
tt2463208,nm0506613
tt2463288,nm0109359
tt2479478,nm0178997
tt2481498,nm0075666
tt2488496,nm0009190
tt2494362,nm0951975
tt24950660,nm3263357
tt2503944,nm0920274
tt2510894,nm0850733
tt2527336,nm0426059
tt2527338,nm0009190
tt2531344,nm0134224
tt2543164,nm0898288
tt2543472,nm0154716
tt2545118,nm1363250
tt2547584,nm0161834
tt2548396,nm1564809
tt2554274,nm0868219
tt2557478,nm0215299
tt2557490,nm0532235
tt2561572,nm1000113
tt2562232,nm0327944
tt2567026,nm0090386
tt2567712,nm0533284
tt2568862,nm0103785
tt2574698,nm1804614
tt2576852,nm0847223
tt2582496,nm0004234
tt2582782,nm0533284
tt2582802,nm3227090
tt2582846,nm1837748
tt2584384,nm0169806
tt2591814,nm1396121
tt2592614,nm0027271
tt26047818,nm0323239
tt2614684,nm1312919
tt2631186,nm1442514
tt26342662,nm2067421
tt2637276,nm0532235
tt26439764,nm6142895
tt26443597,nm1158544
tt26443597,nm0397174
tt26470109,nm2163762
tt2649554,nm2158772
tt3741700,nm1002424
tt3741834,nm0204628
tt3748172,nm1093039
tt3748528,nm2284484
tt3758172,nm0572562
tt3758542,nm0000520
tt3758814,nm0378144
tt3766354,nm0298807
tt3774114,nm0000231
tt3774694,nm0637615
tt3778644,nm0000165
tt3783958,nm3227090
tt3794354,nm1733778
tt3799232,nm1479803
tt3799694,nm0000948
tt3808342,nm1841577
tt3811906,nm1490123
tt3829266,nm0000948
tt3829920,nm2676052
tt3846674,nm0426287
tt3848892,nm3109770
tt3850214,nm0266622
tt3850590,nm1002424
tt8503618,nm2371802
tt8508734,nm3676311
tt8522006,nm0245112
tt8526872,nm0108132
tt8544498,nm0640334
tt8579674,nm0005222
tt8580274,nm0229694
tt8589698,nm6676487
tt8589698,nm5859016
tt8613070,nm1780037
tt8623904,nm0082450
tt8629748,nm0000916
tt8633478,nm3792134
tt8637428,nm2304675
tt8663516,nm2209002
tt8688634,nm1047532
tt8695030,nm0000464
tt8721424,nm0592135
tt8760708,nm2067421
tt8772262,nm4170048
tt8784956,nm0853238
tt8790086,nm1170855
tt8847712,nm0027572
tt8864596,nm2155757
