movieId,genreId
tt0993842,7
tt0995039,7
tt0997152,7
tt1000774,7
tt1001508,7
tt10016180,7
tt10028196,7
tt1007029,7
tt10083340,7
tt1010048,7
tt1013753,7
tt1014763,7
tt1219827,7
tt1220719,7
tt12262116,7
tt1226273,7
tt1226753,7
tt1226837,7
tt1228987,7
tt1229822,7
tt1230414,7
tt1231583,7
tt1232200,7
tt1232776,7
tt1235124,7
tt1235166,7
tt1235522,7
tt1462758,7
tt1462769,7
tt1470827,7
tt1473832,7
tt1872194,7
tt1877830,7
tt1878870,7
tt18925334,7
tt1893256,7
tt1895587,7
tt1907668,7
tt1911644,7
tt1912398,7
tt1915581,7
tt1921064,7
tt2543164,7
tt2543472,7
tt2545118,7
tt2547584,7
tt2554274,7
tt2561572,7
tt2562232,7
tt2567712,7
tt2574698,7
tt2576852,7
tt2582496,7
tt2582782,7
tt2582802,7
tt2582846,7
tt2584384,7
tt2591814,7
tt2614684,7
tt2631186,7
tt31176520,7
tt3118452,7
tt31193180,7
tt31434639,7
tt3622592,7
tt3631112,7
tt3640424,7
tt3647498,7
tt3659388,7
tt4190530,7
tt4209788,7
tt4218572,7
tt4226388,7
tt4244994,7
tt4244998,7
tt4263482,7
tt4273800,7
tt4276820,7
tt4287320,7
tt4332232,7
tt4361050,7
tt7068946,7
tt7125860,7
tt7130300,7
tt7131622,7
tt7153766,7
tt7160372,7
tt0993840,0
tt0993842,0
tt1001526,0
tt10059518,0
tt1013743,0
tt1013752,0
tt10151854,0
tt1219827,0
tt1220634,0
tt1220719,0
tt12261776,0
tt1226273,0
tt12263384,0
tt1228705,0
tt1229238,0
tt1232829,0
tt1234719,0
tt1234721,0
tt1235522,0
tt12361974,0
tt1462764,0
tt14641788,0
tt1464335,0
tt1464540,0
tt1469304,0
tt1470023,0
tt1477834,0
tt1478964,0
tt1872181,0
tt1877830,0
tt1877832,0
tt1893256,0
tt1899353,0
tt1904996,0
tt1905041,0
tt1911658,0
tt1921064,0
tt2557478,0
tt2574698,0
tt2592614,0
tt2614684,0
tt2631186,0
tt3110958,0
tt31193180,0
tt31227572,0
tt31434639,0
tt3640424,0
tt36463894,0
tt3647498,0
tt4190530,0
tt4196776,0
tt4302938,0
tt7068946,0
tt7097896,0
tt7126948,0
tt7181546,0
tt0993840,1
tt0993842,1
tt1001526,1
tt1013743,1
tt1014759,1
tt10151854,1
tt12261776,1
tt1226273,1
tt1229238,1
tt12299608,1
tt1231580,1
tt12361974,1
tt1462764,1
tt14641788,1
tt1464335,1
tt1464540,1
tt1470827,1
tt1477834,1
tt1478964,1
tt1872181,1
tt1877832,1
tt1911658,1
tt1921064,1
tt2557478,1
tt2567026,1
tt3110958,1
tt31227572,1
tt3622592,1
tt36463894,1
tt3659388,1
tt4244998,1
tt4302938,1
tt7097896,1
tt7126948,1
tt7146812,1
tt1001526,2
tt1231580,2
tt1911658,2
tt2567026,2
tt2576852,2
tt2591814,2
tt36463894,2
tt4302938,2
tt7146812,2
tt0993846,3
tt1007029,3
tt10083340,3
tt1013753,3
tt1220719,3
tt12262116,3
tt1226837,3
tt1895587,3
tt4209788,3
tt4273800,3
tt4276820,3
tt0993846,4
tt0995039,4
tt1000774,4
tt1001508,4
tt10028196,4
tt1007028,4
tt1013743,4
tt10151854,4
tt1222817,4
tt1225822,4
tt1226229,4
tt1226774,4
tt1229340,4
tt12299608,4
tt12300742,4
tt1230414,4
tt1231580,4
tt1231583,4
tt1231587,4
tt1232200,4
tt1232829,4
tt1234548,4
tt1462769,4
tt1465522,4
tt1469304,4
tt1470023,4
tt1473832,4
tt1478338,4
tt1478964,4
tt1878870,4
tt1896747,4
tt1912398,4
tt1915581,4
tt1920849,4
tt2557490,4
tt2561572,4
tt2562232,4
tt2568862,4
tt2582496,4
tt2584384,4
tt26047818,4
tt3110958,4
tt31176520,4
tt3622592,4
tt4225622,4
tt7131622,4
tt7139936,4
tt7146812,4
tt0993840,5
tt0993846,5
tt10016180,5
tt10083340,5
tt1010048,5
tt1014763,5
tt1219827,5
tt1225822,5
tt12263384,5
tt12300742,5
tt1232829,5
tt1234721,5
tt1235166,5
tt1235522,5
tt14641788,5
tt1469304,5
tt1872194,5
tt1877830,5
tt1893256,5
tt1895587,5
tt1899353,5
tt1904996,5
tt1912398,5
tt2561572,5
tt2567712,5
tt2568862,5
tt2582782,5
tt2614684,5
tt3631112,5
tt3647498,5
tt4209788,5
tt4218572,5
tt4226388,5
tt4273800,5
tt7068946,5
tt7097896,5
tt2545118,6
tt1014759,8
tt1222817,8
tt1462769,8
tt2543472,8
tt2567026,8
tt2576852,8
tt0995039,9
tt1001520,9
tt1014759,9
tt1222817,9
tt1228987,9
tt12299608,9
tt1235124,9
tt12361974,9
tt1477834,9
tt4263482,9
tt7126948,9
tt1013753,11
tt1014763,11
tt4190530,11
tt4244994,11
tt7160372,11
tt1001520,12
tt10039344,12
tt1220198,12
tt1220634,12
tt1228987,12
tt1233227,12
tt1465522,12
tt1467304,12
tt1477076,12
tt18925334,12
tt2548396,12
tt2554274,12
tt2592614,12
tt31184028,12
tt3118452,12
tt31193180,12
tt4225622,12
tt4263482,12
tt4281724,12
tt4361050,12
tt7069210,12
tt7144666,12
tt7153766,12
tt1226229,13
tt1915581,13
tt2582802,13
tt2574698,14
tt10016180,15
tt1220198,15
tt1229822,15
tt1233227,15
tt1235124,15
tt1462758,15
tt1477076,15
tt1872194,15
tt2543164,15
tt2554274,15
tt3118452,15
tt3631112,15
tt4287320,15
tt4332232,15
tt4361050,15
tt7069210,15
tt7130300,15
tt7144666,15
tt7153766,15
tt1000774,17
tt1001508,17
tt10028196,17
tt1007028,17
tt1010048,17
tt1225822,17
tt1229822,17
tt1230414,17
tt1470827,17
tt1473832,17
tt1878870,17
tt1896747,17
tt1920849,17
tt2547584,17
tt2582846,17
tt2591814,17
tt26047818,17
tt31184028,17
tt3640424,17
tt4226388,17
tt7125860,17
tt7139936,17
tt1220198,18
tt1220634,18
tt12261776,18
tt1228705,18
tt12300742,18
tt1231587,18
tt1234721,18
tt1462764,18
tt1464540,18
tt1872181,18
tt1877832,18
tt2543164,18
tt2548396,18
tt2557478,18
tt2592614,18
tt31227572,18
tt3659388,18
tt4287320,18
tt0997152,20
tt1001520,20
tt10039344,20
tt10059518,20
tt1013752,20
tt12262116,20
tt12263384,20
tt1226753,20
tt1229238,20
tt1233227,20
tt1462758,20
tt18925334,20
tt1899353,20
tt1904996,20
tt1905041,20
tt1907668,20
tt1911644,20
tt2545118,20
tt2548396,20
tt2567712,20
tt2582782,20
tt4196776,20
tt4218572,20
tt4244994,20
tt4332232,20
tt7069210,20
tt7130300,20
tt7144666,20
tt7181546,20
tt1234548,21
tt1234719,21
tt2584384,21
tt31434639,21
tt7160372,21
tt2557490,22
tt31176520,22
tt0758752,4
tt0758766,4
tt0762107,4
tt0762125,4
tt0770703,4
tt0770752,4
tt0780521,4
tt0780536,4
tt0787474,4
tt0787475,4
tt0790628,4
tt0790736,4
tt0795368,4
tt0795421,4
tt0795461,4
tt1240982,4
tt12412888,4
tt1243974,4
tt1245492,4
tt1245526,4
tt1250777,4
tt1482459,4
tt14826022,4
tt14849194,4
tt1486834,4
tt1488555,4
tt1489887,4
tt1489889,4
tt1493274,4
tt14948432,4
tt1839492,4
tt1850457,4
tt1859650,4
tt1860213,4
tt1860353,4
tt1862079,4
tt2431286,4
tt2452042,4
tt2452244,4
tt2452386,4
tt2461150,4
tt2463208,4
tt2463288,4
tt2479478,4
tt24950660,4
tt2503944,4
tt2510894,4
tt2531344,4
tt3079380,4
tt3083016,4
tt30840798,4
tt3099498,4
tt3104988,4
tt3606752,4
tt4364194,4
tt4385888,4
tt4438848,4
tt4443658,4
tt4463894,4
tt4468740,4
tt4481514,4
tt4501244,4
tt4513674,4
tt4513678,4
tt4520988,4
tt7322224,4
tt7349662,4
tt7374948,4
tt7401588,4
tt7405458,4
tt0756683,7
tt0758752,7
tt0758758,7
tt0758774,7
tt0758794,7
tt0762073,7
tt0765010,7
tt0765120,7
tt0765429,7
tt0765443,7
tt0780504,7
tt0780511,7
tt0780536,7
tt0780571,7
tt0780653,7
tt0783233,7
tt0787524,7
tt0790636,7
tt0795493,7
tt1241317,7
tt1242422,7
tt1242460,7
tt1243974,7
tt12477480,7
tt12536294,7
tt1253863,7
tt1253864,7
tt1480656,7
tt14849194,7
tt14856980,7
tt1485796,7
tt1486192,7
tt1488589,7
tt14905854,7
tt1491044,7
tt14961016,7
tt1832382,7
tt1837709,7
tt1838556,7
tt1839492,7
tt1839596,7
tt1840309,7
tt1840417,7
tt1853728,7
tt1853739,7
tt1855199,7
tt1856101,7
tt1860242,7
tt1860357,7
tt1862079,7
tt1865505,7
tt1869716,7
tt24268454,7
tt2431286,7
tt2436386,7
tt2446980,7
tt2452386,7
tt2481498,7
tt2494362,7
tt24950660,7
tt2503944,7
tt2531344,7
tt3076658,7
tt30955489,7
tt30988739,7
tt3104988,7
tt31050594,7
tt3612616,7
tt4364194,7
tt4385888,7
tt4387040,7
tt4430212,7
tt4465564,7
tt4477536,7
tt4481414,7
tt4495098,7
tt4513674,7
tt4532826,7
tt4540710,7
tt4547056,7
tt4550098,7
tt4555426,7
tt4566758,7
tt4572514,7
tt7282468,7
tt7286456,7
tt7315484,7
tt7322224,7
tt7347846,7
tt7349950,7
tt7395114,7
tt7401588,7
tt7405458,7
tt0758730,0
tt0758774,0
tt0770752,0
tt0770828,0
tt0780504,0
tt0790724,0
tt0790736,0
tt0796366,0
tt1240982,0
tt12412888,0
tt1242422,0
tt1243957,0
tt1245526,0
tt1250777,0
tt1253863,0
tt1253864,0
tt1483013,0
tt14846026,0
tt14856980,0
tt1488606,0
tt1489889,0
tt1490017,0
tt1493274,0
tt14948432,0
tt1496025,0
tt1833673,0
tt1838556,0
tt1840309,0
tt18411490,0
tt1843866,0
tt1846589,0
tt1855199,0
tt1855325,0
tt1856101,0
tt1860357,0
tt2446042,0
tt2463208,0
tt2479478,0
tt2488496,0
tt2527336,0
tt2527338,0
tt3072482,0
tt3076658,0
tt3079380,0
tt3083016,0
tt30840798,0
tt31036941,0
tt31050594,0
tt3606756,0
tt4425200,0
tt4463894,0
tt4495098,0
tt4500922,0
tt4530422,0
tt4532826,0
tt4547056,0
tt4560436,0
tt4566758,0
tt4572514,0
tt7431594,0
tt7456310,0
tt0758758,1
tt0762125,1
tt0770752,1
tt0770828,1
tt0780511,1
tt0780521,1
tt0787474,1
tt0790736,1
tt0796366,1
tt1240982,1
tt12412888,1
tt1482459,1
tt1483013,1
tt14856980,1
tt1488589,1
tt1488606,1
tt1490017,1
tt14948432,1
tt1840309,1
tt18411490,1
tt1843866,1
tt1854564,1
tt1860353,1
tt1862079,1
tt1865505,1
tt1869716,1
tt2452042,1
tt2463208,1
tt2479478,1
tt2488496,1
tt2510894,1
tt2527336,1
tt2527338,1
tt3072482,1
tt31036941,1
tt3606752,1
tt3606756,1
tt4364194,1
tt4468740,1
tt4495098,1
tt4500922,1
tt4513678,1
tt4520988,1
tt4532826,1
tt4547056,1
tt4566758,1
tt0762125,2
tt0780521,2
tt0787474,2
tt1482459,2
tt1488589,2
tt1490017,2
tt1860353,2
tt1865505,2
tt2452042,2
tt2510894,2
tt3606752,2
tt3606756,2
tt4520988,2
tt0758758,3
tt0765429,3
tt0787524,3
tt0790636,3
tt12536294,3
tt1485796,3
tt14905854,3
tt1491044,3
tt14961016,3
tt1860242,3
tt2431286,3
tt2446980,3
tt2461150,3
tt2481498,3
tt4555426,3
tt7349662,3
tt0765429,5
tt0765443,5
tt0780536,5
tt0780571,5
tt0795493,5
tt1241317,5
tt1242422,5
tt1245526,5
tt12477480,5
tt1250777,5
tt1480656,5
tt1486192,5
tt1489889,5
tt1491044,5
tt1493274,5
tt1833673,5
tt1838556,5
tt1855199,5
tt1860242,5
tt1869716,5
tt2446042,5
tt2461150,5
tt2481498,5
tt3083016,5
tt30840798,5
tt31050594,5
tt3605418,5
tt4425200,5
tt4430212,5
tt4463894,5
tt4481514,5
tt4560436,5
tt4572514,5
tt7286456,5
tt7349662,5
tt7395114,5
tt1854564,8
tt4468740,8
tt0756683,9
tt0762073,9
tt0780653,9
tt1241317,9
tt1245492,9
tt1253863,9
tt1253864,9
tt1486185,9
tt1488555,9
tt1496025,9
tt1837709,9
tt1839492,9
tt1854564,9
tt2452244,9
tt24950660,9
tt2527336,9
tt2527338,9
tt4513678,9
tt7349950,9
tt14905854,11
tt14961016,11
tt1860357,11
tt4387040,11
tt4555426,11
tt0758730,12
tt0758746,12
tt0762073,12
tt0780653,12
tt0790686,12
tt0795351,12
tt1242432,12
tt1245112,12
tt1486185,12
tt14966898,12
tt18412256,12
tt1853739,12
tt1855325,12
tt2428170,12
tt2494362,12
tt3086442,12
tt30955489,12
tt3099498,12
tt4443658,12
tt4530422,12
tt7315484,12
tt7347846,12
tt7349950,12
tt0758766,13
tt1839596,13
tt1859650,13
tt0795421,14
tt1485796,14
tt2452244,14
tt0756683,15
tt0758746,15
tt0780571,15
tt0783233,15
tt0790686,15
tt0795351,15
tt1242460,15
tt12477480,15
tt1480656,15
tt14858658,15
tt1486185,15
tt1486192,15
tt1837709,15
tt1840417,15
tt1850397,15
tt1853739,15
tt1856101,15
tt2436386,15
tt3086442,15
tt30955489,15
tt30988739,15
tt4430212,15
tt4465564,15
tt4477536,15
tt7282468,15
tt7347846,15
tt0758752,17
tt0758766,17
tt0762107,17
tt0765120,17
tt0770703,17
tt0783233,17
tt0795421,17
tt0795493,17
tt1243957,17
tt1243974,17
tt14826022,17
tt1486834,17
tt1839596,17
tt1840417,17
tt1850397,17
tt1859650,17
tt30988739,17
tt3104988,17
tt4465564,17
tt4477536,17
tt4513674,17
tt7374948,17
tt0758730,18
tt0770828,18
tt0796366,18
tt1245492,18
tt1483013,18
tt18412256,18
tt1843866,18
tt1855325,18
tt2436386,18
tt2488496,18
tt3072482,18
tt31036941,18
tt4500922,18
tt4530422,18
tt7315484,18
tt0758794,19
tt0787475,19
tt3076658,19
tt0758746,20
tt0758774,20
tt0765010,20
tt0765443,20
tt0790724,20
tt0795351,20
tt1242432,20
tt1242460,20
tt1243957,20
tt1245112,20
tt14846026,20
tt14858658,20
tt1488606,20
tt1496025,20
tt1833673,20
tt18411490,20
tt18412256,20
tt1846589,20
tt1850397,20
tt2428170,20
tt2446042,20
tt3086442,20
tt3605418,20
tt4425200,20
tt4443658,20
tt4550098,20
tt4560436,20
tt7282468,20
tt7286456,20
tt7395114,20
tt7431594,20
tt7456310,20
tt0765010,21
tt14846026,21
tt1853728,22
tt2494362,22
tt1016150,7
tt10168670,7
tt1017451,7
tt10189514,7
tt1019452,7
tt1020072,7
tt1020558,7
tt1022603,7
tt1023111,7
tt1023114,7
tt1023481,7
tt1024648,7
tt1024943,7
tt10272386,7
tt10275534,7
tt1027718,7
tt10280296,7
tt1028528,7
tt1028532,7
tt10288566,7
tt10293406,7
tt10295212,7
tt10304142,7
tt1255953,7
tt1259528,7
tt1259571,7
tt1261945,7
tt1263670,7
tt12680684,7
tt1270262,7
tt1517260,7
tt1517451,7
tt15239678,7
tt15255876,7
tt15257160,7
tt1527186,7
tt1527788,7
tt1527793,7
tt1528100,7
tt1531663,7
tt1971325,7
tt1972571,7
tt1972591,7
tt1972779,7
tt1976009,7
tt19770238,7
tt1979320,7
tt1980929,7
tt19847976,7
tt1987680,7
tt1990314,7
tt2005374,7
tt2674426,7
tt2692904,7
tt3201640,7
tt3203606,7
tt3203616,7
tt3205376,7
tt32149847,7
tt3215824,7
tt3661210,7
tt3682448,7
tt4575576,7
tt4595186,7
tt4614584,7
tt4622512,7
tt4627382,7
tt4633690,7
tt4680182,7
tt4682786,7
tt4686844,7
tt4695012,7
tt4698684,7
tt4731136,7
tt4758646,7
tt4761112,7
tt4776998,7
tt4777008,7
tt4781612,7
tt7504726,7
tt7533152,7
tt7549996,7
tt7557108,7
tt7599146,7
tt7653254,7
tt7657566,7
tt1020558,0
tt1023111,0
tt1024943,0
tt1025100,0
tt10275534,0
tt10280276,0
tt10295212,0
tt10298810,0
tt10298840,0
tt12584954,0
tt1258972,0
tt12593682,0
tt1259528,0
tt12610390,0
tt1267297,0
tt1270797,0
tt1270798,0
tt1515091,0
tt1517260,0
tt15239678,0
tt1524137,0
tt15255288,0
tt1527788,0
tt1528100,0
tt15314262,0
tt1971325,0
tt1972591,0
tt1979388,0
tt1980209,0
tt1981115,0
tt1981128,0
tt1985949,0
tt19864802,0
tt2002718,0
tt26743210,0
tt2679042,0
tt2704998,0
tt27075958,0
tt3201640,0
tt3215824,0
tt4630562,0
tt4633694,0
tt4649466,0
tt4682266,0
tt4701182,0
tt4769836,0
tt4776998,0
tt4779682,0
tt7550000,0
tt7556122,0
tt7638348,0
tt1023114,1
tt10298810,1
tt10298840,1
tt12584954,1
tt1259571,1
tt1267297,1
tt1268799,1
tt1270797,1
tt1515091,1
tt1517260,1
tt1517268,1
tt15239678,1
tt1524137,1
tt1524930,1
tt15255288,1
tt1528100,1
tt1972591,1
tt1979376,1
tt1979388,1
tt1981115,1
tt1985949,1
tt1985966,1
tt26743210,1
tt2679042,1
tt2692250,1
tt2704998,1
tt27075958,1
tt2709768,1
tt3205376,1
tt3691740,1
tt4575576,1
tt4624424,1
tt4633694,1
tt4649466,1
tt4698684,1
tt4701182,1
tt4729430,1
tt4769836,1
tt4772188,1
tt4776998,1
tt4777008,1
tt4779682,1
tt7504726,1
tt7510222,1
tt7638348,1
tt10298810,2
tt10298840,2
tt1979376,2
tt1979388,2
tt1985949,2
tt1985966,2
tt2709692,2
tt2709768,2
tt4624424,2
tt4633694,2
tt4729430,2
tt4772188,2
tt7510222,2
tt1017451,3
tt1020072,3
tt1024648,3
tt1028532,3
tt10295212,3
tt1270262,3
tt1979320,3
tt1980209,3
tt2005151,3
tt2005374,3
tt3203606,3
tt3661210,3
tt4595882,3
tt4622512,3
tt4627382,3
tt4761112,3
tt7533152,3
tt7549996,3
tt7599146,3
tt10155932,4
tt10172266,4
tt1019452,4
tt1022603,4
tt1024255,4
tt1024943,4
tt10280276,4
tt10288566,4
tt10304142,4
tt12593682,4
tt12610390,4
tt1261945,4
tt1268799,4
tt1517268,4
tt1524930,4
tt15255288,4
tt1527793,4
tt1528071,4
tt1528854,4
tt1531663,4
tt1979376,4
tt1980209,4
tt1980929,4
tt1981677,4
tt1985966,4
tt1987680,4
tt1990314,4
tt2002718,4
tt2004420,4
tt2005151,4
tt26743210,4
tt2692250,4
tt26932223,4
tt2702724,4
tt27028399,4
tt2704998,4
tt2709692,4
tt2709768,4
tt31973693,4
tt3203616,4
tt4575576,4
tt4595882,4
tt4622512,4
tt4624424,4
tt4649466,4
tt4651520,4
tt4680182,4
tt4686844,4
tt4698684,4
tt4729430,4
tt4758646,4
tt4765284,4
tt4769836,4
tt7510222,4
tt7638348,4
tt10275534,5
tt10280296,5
tt1258197,5
tt1259528,5
tt1524137,5
tt15255876,5
tt15257160,5
tt1527788,5
tt1527793,5
tt15314262,5
tt1972571,5
tt1990314,5
tt2002718,5
tt2005151,5
tt2005374,5
tt26753003,5
tt2679042,5
tt4595882,5
tt4627382,5
tt4630562,5
tt4633690,5
tt4712810,5
tt4781612,5
tt7550000,5
tt7599146,5
tt7657566,5
tt10155932,8
tt1028532,8
tt1528854,8
tt19847976,8
tt2692250,8
tt2709692,8
tt3691740,8
tt4772188,8
tt4777008,8
tt7504726,8
tt10155932,9
tt1029360,9
tt1259571,9
tt1262426,9
tt1267297,9
tt1270761,9
tt1517268,9
tt1528071,9
tt1981115,9
tt19847976,9
tt26932223,9
tt27075958,9
tt3203616,9
tt3691740,9
tt4680182,9
tt4731136,9
tt1016150,11
tt1020072,11
tt1020558,11
tt1023114,11
tt1024648,11
tt10280296,11
tt10304142,11
tt3661210,11
tt3682448,11
tt4686844,11
tt7533152,11
tt10160976,12
tt10168670,12
tt1017460,12
tt1020530,12
tt1029234,12
tt1029360,12
tt1259521,12
tt1262416,12
tt1270761,12
tt1528071,12
tt1974419,12
tt1976009,12
tt1991245,12
tt26753003,12
tt26932223,12
tt27028399,12
tt3195644,12
tt32141377,12
tt4589218,12
tt4682266,12
tt4687108,12
tt4695012,12
tt4731136,12
tt4779682,12
tt4786282,12
tt7557108,12
tt1017451,13
tt1023481,13
tt1263670,13
tt1517451,13
tt1980929,13
tt1981677,13
tt4614584,13
tt4765284,13
tt7549996,13
tt1262426,14
tt10160976,15
tt10272386,15
tt1255953,15
tt1258197,15
tt1259521,15
tt1262416,15
tt1515091,15
tt1991245,15
tt26753003,15
tt27028399,15
tt3195644,15
tt32149847,15
tt4589218,15
tt4595186,15
tt4682266,15
tt4687108,15
tt4695012,15
tt4781612,15
tt4786282,15
tt7557108,15
tt7657566,15
tt10168670,17
tt10172266,17
tt1022603,17
tt1023481,17
tt10280276,17
tt1261945,17
tt1262426,17
tt1263670,17
tt1517451,17
tt1972779,17
tt1981677,17
tt2674426,17
tt3205376,17
tt4614584,17
tt4682786,17
tt7653254,17
tt1017460,18
tt1025100,18
tt1270797,18
tt1270798,18
tt1527186,18
tt1971325,18
tt1976009,18
tt1981128,18
tt3201640,18
tt32141377,18
tt4687108,18
tt4701182,18
tt7550000,18
tt1023111,19
tt1979320,19
tt10160976,20
tt1020530,20
tt1025100,20
tt1028528,20
tt1029360,20
tt1258197,20
tt12584954,20
tt12593682,20
tt1259521,20
tt12610390,20
tt1270262,20
tt1270761,20
tt15255876,20
tt15314262,20
tt1972571,20
tt1974419,20
tt1981128,20
tt19864802,20
tt1991245,20
tt3195644,20
tt32141377,20
tt32149847,20
tt3215824,20
tt3682448,20
tt4589218,20
tt4595186,20
tt4630562,20
tt4633690,20
tt4712810,20
tt4761112,20
tt7556122,20
tt1016150,21
tt1255953,21
tt4758646,21
tt10293406,22
tt1100089,7
tt11003218,7
tt11045422,7
tt11116912,7
tt11127680,7
tt11138512,7
tt11145118,7
tt11152168,7
tt11161474,7
tt1343092,7
tt1343097,7
tt13433802,7
tt1345836,7
tt13521006,7
tt1352824,7
tt1355630,7
tt1355631,7
tt1355644,7
tt1355683,7
tt1583420,7
tt1586265,7
tt1587310,7
tt1588334,7
tt1592873,7
tt1596345,7
tt1596346,7
tt1596363,7
tt1596365,7
tt15979666,7
tt1598778,7
tt2132285,7
tt2140203,7
tt2140373,7
tt2140479,7
tt21454134,7
tt27503384,7
tt27534307,7
tt27543632,7
tt2758880,7
tt2763304,7
tt2771372,7
tt27714581,7
tt27719898,7
tt3262342,7
tt3263904,7
tt32642706,7
tt3783958,7
tt3808342,7
tt5208252,7
tt5215952,7
tt5246700,7
tt5247022,7
tt5294550,7
tt5311514,7
tt5323662,7
tt5362988,7
tt5363618,7
tt5390504,7
tt8075192,7
tt8093700,7
tt8110232,7
tt8110330,7
tt8178634,7
tt8236336,7
tt8239946,7
tt8267604,7
tt1103153,0
tt11032374,0
tt1104001,0
tt11057302,0
tt11083552,0
tt1111422,0
tt11116912,0
tt11138512,0
tt11145118,0
tt1114740,0
tt1116184,0
tt1343727,0
tt13452446,0
tt1345836,0
tt1351685,0
tt1583421,0
tt1586752,0
tt1588170,0
tt1588173,0
tt1590193,0
tt1591479,0
tt1592525,0
tt15940132,0
tt1596343,0
tt1596350,0
tt1599348,0
tt2126355,0
tt21382296,0
tt2140379,0
tt2140479,0
tt27489557,0
tt27719898,0
tt32642706,0
tt3794354,0
tt3799694,0
tt5246700,0
tt8093700,0
tt8106534,0
tt8110640,0
tt8178634,0
tt8244784,0
tt11032374,1
tt1104001,1
tt1109624,1
tt11116912,1
tt11138512,1
tt13452446,1
tt1351685,1
tt1583421,1
tt1587310,1
tt1591479,1
tt2126355,1
tt2771200,1
tt3794354,1
tt5220122,1
tt8097030,1
tt8115900,1
tt8178634,1
tt11032374,2
tt11152168,2
tt2140203,2
tt3262342,2
tt5220122,2
tt5311514,2
tt5323662,2
tt8097030,2
tt8115900,2
tt1100089,3
tt1355631,3
tt1355683,3
tt1586752,3
tt1596345,3
tt1596346,3
tt1596363,3
tt2132285,3
tt2140373,3
tt3263904,3
tt5208252,3
tt5294550,3
tt8236336,3
tt10999120,4
tt11024272,4
tt1103153,4
tt1109624,4
tt1114740,4
tt11152168,4
tt1116184,4
tt13521006,4
tt1355630,4
tt1583420,4
tt1586265,4
tt1587707,4
tt1588173,4
tt1588334,4
tt1592873,4
tt1596350,4
tt1596363,4
tt15979666,4
tt1598822,4
tt2139881,4
tt2140373,4
tt2140619,4
tt27489557,4
tt2763304,4
tt3783958,4
tt3794354,4
tt3799232,4
tt3799694,4
tt5220122,4
tt5247022,4
tt5304992,4
tt5308322,4
tt8079248,4
tt8097030,4
tt8108198,4
tt8110330,4
tt8110652,4
tt8115900,4
tt8155288,4
tt11083552,5
tt1111422,5
tt1114740,5
tt1343097,5
tt1343727,5
tt1345836,5
tt1355631,5
tt1355683,5
tt1586752,5
tt1587707,5
tt1596343,5
tt2132285,5
tt21382296,5
tt2140479,5
tt21454134,5
tt27489557,5
tt2763304,5
tt2771372,5
tt32642706,5
tt3799694,5
tt3811906,5
tt5294550,5
tt5362988,5
tt5390504,5
tt5397194,5
tt8075192,5
tt8108198,5
tt8110232,5
tt8110640,5
tt8236336,5
tt1116184,6
tt1587707,6
tt10999120,8
tt1109624,8
tt1587310,8
tt1596346,8
tt2140203,8
tt2771200,8
tt10999120,9
tt13452446,9
tt1351685,9
tt1355630,9
tt1596365,9
tt2771200,9
tt5311514,9
tt8079248,9
tt8239946,9
tt1100089,11
tt1596345,11
tt3263904,11
tt5208252,11
tt5390504,11
tt8093700,11
tt11024272,12
tt13433802,12
tt13521006,12
tt13560574,12
tt1588173,12
tt1591095,12
tt1596365,12
tt2752772,12
tt27534307,12
tt27714946,12
tt3811906,12
tt5215952,12
tt5246700,12
tt5308322,12
tt8110652,12
tt8155288,12
tt8228288,12
tt8239946,12
tt8244784,12
tt3783958,13
tt5363618,13
tt8079248,13
tt15979666,14
tt11003218,15
tt1343097,15
tt1352824,15
tt13560574,15
tt1590193,15
tt1591095,15
tt2140379,15
tt2752772,15
tt27543632,15
tt2771372,15
tt3262342,15
tt3272066,15
tt3811906,15
tt5308322,15
tt5362988,15
tt5397194,15
tt8108198,15
tt8110640,15
tt8110652,15
tt8155288,15
tt8228288,15
tt1103153,17
tt1343092,17
tt1355644,17
tt1583420,17
tt1586265,17
tt1592873,17
tt1596350,17
tt1598822,17
tt2139881,17
tt2140619,17
tt27719898,17
tt3272066,17
tt3799232,17
tt5247022,17
tt5304992,17
tt8110330,17
tt1104001,18
tt13433802,18
tt1343727,18
tt1355644,18
tt1583421,18
tt1592525,18
tt15940132,18
tt2140379,18
tt3272066,18
tt5397194,18
tt8228288,18
tt11045422,19
tt11145118,19
tt11057302,20
tt11083552,20
tt1111422,20
tt11127680,20
tt1352824,20
tt13560574,20
tt1588170,20
tt1590193,20
tt1591095,20
tt1591479,20
tt1592525,20
tt15940132,20
tt1596343,20
tt1598778,20
tt1599348,20
tt2126355,20
tt21382296,20
tt2752772,20
tt27534307,20
tt27543632,20
tt8075192,20
tt8106534,20
tt8244784,20
tt3808342,21
tt1032755,0
tt1034032,0
tt1034303,0
tt1034314,0
tt1034389,0
tt10350922,0
tt10366206,0
tt1037705,0
tt1038686,0
tt1038919,0
tt1043726,0
tt1046173,0
tt1272878,0
tt12735488,0
tt1276104,0
tt1280558,0
tt12844910,0
tt1285241,0
tt1289401,0
tt1289406,0
tt14998742,0
tt15009428,0
tt1502397,0
tt1502404,0
tt1502712,0
tt1506999,0
tt1509767,0
tt1512235,0
tt1924435,0
tt19500164,0
tt1950186,0
tt1951264,0
tt1951265,0
tt1951266,0
tt1954470,0
tt1959490,0
tt1959563,0
tt1961175,0
tt1964418,0
tt26342662,0
tt26439764,0
tt26443597,0
tt26548265,0
tt2660888,0
tt3155298,0
tt31712434,0
tt3716530,0
tt3717252,0
tt3717490,0
tt3731562,0
tt3741700,0
tt4832640,0
tt4849438,0
tt4853102,0
tt4873118,0
tt4881806,0
tt4912910,0
tt4919268,0
tt4978420,0
tt7713068,0
tt7734218,0
tt7737528,0
tt7737786,0
tt7766378,0
tt7798634,0
tt7825208,0
tt7838252,0
tt1032846,7
tt1033575,7
tt1034303,7
tt1034389,7
tt1034415,7
tt10366460,7
tt10370710,7
tt1037705,7
tt1041829,7
tt10431500,7
tt1045658,7
tt12747748,7
tt12758060,7
tt1276104,7
tt1276419,7
tt12789558,7
tt1280558,7
tt1282140,7
tt1285016,7
tt12888462,7
tt1289403,7
tt1289406,7
tt14993250,7
tt14998742,7
tt1502407,7
tt1504320,7
tt1506999,7
tt15097216,7
tt1924396,7
tt1924429,7
tt1931435,7
tt1931533,7
tt1935179,7
tt1935859,7
tt1937149,7
tt1937390,7
tt1939659,7
tt1950186,7
tt1959490,7
tt19637052,7
tt1967545,7
tt26439764,7
tt2649554,7
tt26548265,7
tt26625693,7
tt2671706,7
tt3152624,7
tt3155298,7
tt3165612,7
tt3168230,7
tt3169706,7
tt3170832,7
tt31712434,7
tt3174376,7
tt3704428,7
tt3713166,7
tt3715320,7
tt3716530,7
tt3741834,7
tt4832640,7
tt4846232,7
tt4846340,7
tt4849438,7
tt4857264,7
tt4873118,7
tt4901306,7
tt4916630,7
tt4925292,7
tt4954522,7
tt4971344,7
tt4975722,7
tt4995790,7
tt7668870,7
tt7737800,7
tt7740496,7
tt7752126,7
tt7772580,7
tt7784604,7
tt7825208,7
tt7838252,7
tt7846844,7
tt1034314,1
tt1034389,1
tt1037705,1
tt1043726,1
tt1046173,1
tt12735488,1
tt1277953,1
tt12801262,1
tt12844910,1
tt14998742,1
tt1502712,1
tt1509767,1
tt1935179,1
tt1935859,1
tt19500164,1
tt1951264,1
tt1951265,1
tt1951266,1
tt1959490,1
tt1964418,1
tt26443597,1
tt2660888,1
tt3183660,1
tt3717490,1
tt3731562,1
tt3741700,1
tt4877122,1
tt4881806,1
tt4912910,1
tt4919268,1
tt4978420,1
tt7737528,1
tt7737786,1
tt7766378,1
tt7775622,1
tt7846844,1
tt1277953,2
tt12801262,2
tt19500164,2
tt26443597,2
tt4853102,2
tt4877122,2
tt1045772,3
tt12758060,3
tt1276419,3
tt12789558,3
tt1285016,3
tt1504320,3
tt1950186,3
tt1966604,3
tt3169706,3
tt3704428,3
tt3741834,3
tt4846340,3
tt4916630,3
tt7825208,3
tt1033575,4
tt1033643,4
tt1034314,4
tt10350922,4
tt10366460,4
tt10370710,4
tt1038919,4
tt1041829,4
tt1045658,4
tt1045772,4
tt1045778,4
tt1272878,4
tt1277953,4
tt1278340,4
tt1279935,4
tt12801262,4
tt1282140,4
tt1284575,4
tt1289401,4
tt14993250,4
tt1499658,4
tt15009428,4
tt1502397,4
tt1502404,4
tt1512235,4
tt1924435,4
tt1931435,4
tt1931533,4
tt1951261,4
tt1954470,4
tt1956620,4
tt1959563,4
tt2637276,4
tt3152624,4
tt3165612,4
tt3169706,4
tt31868189,4
tt3715320,4
tt4799050,4
tt4877122,4
tt4901306,4
tt4919268,4
tt4925292,4
tt4978420,4
tt4995790,4
tt7713068,4
tt7734218,4
tt7766378,4
tt7798634,4
tt1032755,5
tt1034331,5
tt10365998,5
tt10366206,5
tt1045772,5
tt1272878,5
tt1279935,5
tt1280558,5
tt1285241,5
tt1289406,5
tt14992922,5
tt1499658,5
tt1502397,5
tt1502404,5
tt1502407,5
tt15097216,5
tt1512235,5
tt1924396,5
tt1924429,5
tt1924435,5
tt1931533,5
tt1937149,5
tt1951261,5
tt1954470,5
tt1959563,5
tt19637052,5
tt1966604,5
tt1967545,5
tt26548265,5
tt26625693,5
tt3155298,5
tt3168230,5
tt3715320,5
tt3716530,5
tt4846232,5
tt4853102,5
tt4857264,5
tt4916630,5
tt7713068,5
tt7734218,5
tt7737528,5
tt7737800,5
tt7740496,5
tt7838252,5
tt7846844,5
tt1286537,6
tt12888462,6
tt14992922,6
tt1966604,6
tt7775622,6
tt14993250,8
tt1935859,8
tt1964418,8
tt3168230,8
tt3183660,8
tt1034415,9
tt1038686,9
tt1043726,9
tt1278340,9
tt1289401,9
tt1509767,9
tt26439764,9
tt26736843,9
tt3174376,9
tt3183660,9
tt3713166,9
tt3717252,9
tt3717490,9
tt3731562,9
tt3741700,9
tt7752126,9
tt1034303,11
tt12758060,11
tt1276419,11
tt1504320,11
tt4846340,11
tt10342730,12
tt1034415,12
tt10350922,12
tt10365998,12
tt10374610,12
tt1038686,12
tt1038988,12
tt10403420,12
tt1273235,12
tt12749596,12
tt1278340,12
tt1288558,12
tt1502407,12
tt1922777,12
tt1939659,12
tt26470109,12
tt26581740,12
tt26736843,12
tt3174376,12
tt3713166,12
tt4913966,12
tt4954522,12
tt4972582,12
tt7752126,12
tt7772580,12
tt7784604,12
tt7798634,12
tt10366460,13
tt3704428,13
tt10342730,15
tt1034331,15
tt10365998,15
tt1038988,15
tt1273235,15
tt12747748,15
tt12749596,15
tt1922777,15
tt1924396,15
tt1924429,15
tt1937149,15
tt19637052,15
tt2649554,15
tt26581740,15
tt2669336,15
tt26736843,15
tt4857264,15
tt4913966,15
tt7668870,15
tt7737800,15
tt7784604,15
tt1286537,16
tt1033643,17
tt10370710,17
tt1038919,17
tt1041829,17
tt1045658,17
tt1279935,17
tt1282140,17
tt1284575,17
tt1289403,17
tt1931435,17
tt1956620,17
tt1967545,17
tt3152624,17
tt3165612,17
tt4832640,17
tt1034032,18
tt1046173,18
tt12735488,18
tt1276104,18
tt1502712,18
tt1951264,18
tt1951265,18
tt1951266,18
tt26342662,18
tt2649554,18
tt26584495,18
tt2660888,18
tt2669336,18
tt4881806,18
tt31868189,19
tt7775622,19
tt1032755,20
tt1034032,20
tt10342730,20
tt1034331,20
tt10366206,20
tt10374610,20
tt1038988,20
tt1273235,20
tt12747748,20
tt12844910,20
tt1285241,20
tt1288558,20
tt15009428,20
tt1506999,20
tt1922777,20
tt1939659,20
tt1961175,20
tt26342662,20
tt26470109,20
tt26584495,20
tt26625693,20
tt2669336,20
tt3170832,20
tt3717252,20
tt4846232,20
tt4873118,20
tt4901306,20
tt4912910,20
tt4913966,20
tt4972582,20
tt7668870,20
tt7737786,20
tt7740496,20
tt7772580,20
tt1289403,21
tt4971344,22
tt1324999,7
tt1325004,7
tt1327194,7
tt13274016,7
tt1327773,7
tt13327038,7
tt1334260,7
tt1335975,7
tt1336608,7
tt1340800,7
tt1341167,7
tt1341188,7
tt1567609,7
tt1568346,7
tt1568911,7
tt1568921,7
tt1570728,7
tt1571222,7
tt1572315,7
tt1578275,7
tt1582507,7
tt2106361,7
tt21064584,7
tt2106476,7
tt21103218,7
tt21192142,7
tt2119532,7
tt2121382,7
tt2125435,7
tt28037987,7
tt28075881,7
tt3312830,7
tt3315342,7
tt3316960,7
tt3322364,7
tt3322420,7
tt3829920,7
tt3846674,7
tt3860916,7
tt5431890,7
tt5461944,7
tt5462602,7
tt5478478,7
tt5500218,7
tt5503686,7
tt5525650,7
tt5535276,7
tt5536736,7
tt5537002,7
tt5541240,7
tt5563334,7
tt5571734,7
tt5580036,7
tt5580390,7
tt5592248,7
tt5606664,7
tt5610554,7
tt5613484,7
tt8503618,7
tt8508734,7
tt8526872,7
tt8544498,7
tt8579674,7
tt8613070,7
tt8623904,7
tt8633478,7
tt8637428,7
tt8663516,7
tt1325004,0
tt13287846,0
tt13314558,0
tt13320622,0
tt13357520,0
tt1335975,0
tt1340138,0
tt1567609,0
tt1568338,0
tt1571234,0
tt2106361,0
tt2106651,0
tt2109248,0
tt2112124,0
tt21191806,0
tt2120120,0
tt2820852,0
tt3315342,0
tt3316948,0
tt33244668,0
tt3829266,0
tt3829920,0
tt3848892,0
tt5433138,0
tt5433140,0
tt5439796,0
tt5461944,0
tt5463162,0
tt5500218,0
tt5519340,0
tt8579674,0
tt8589698,0
tt8629748,0
tt8688634,0
tt1324999,1
tt1325004,1
tt13287846,1
tt13320622,1
tt13357520,1
tt1340138,1
tt1568911,1
tt1568921,1
tt1571234,1
tt15789038,1
tt2106361,1
tt2106651,1
tt2109248,1
tt2120120,1
tt21235248,1
tt2125435,1
tt3322420,1
tt33244668,1
tt3829266,1
tt3850214,1
tt3861390,1
tt5433140,1
tt5463162,1
tt5525650,1
tt8589698,1
tt8688634,1
tt1568921,2
tt15789038,2
tt3861390,2
tt8589698,2
tt1327773,3
tt13287846,3
tt1571222,3
tt21064584,3
tt21103218,3
tt2119532,3
tt2125608,3
tt3322364,3
tt3829920,3
tt5431890,3
tt5535276,3
tt5580036,3
tt8503618,3
tt8526872,3
tt13314558,4
tt13320622,4
tt13327038,4
tt1333125,4
tt1334512,4
tt13357520,4
tt1336608,4
tt13403046,4
tt1341167,4
tt1341188,4
tt15671028,4
tt1567437,4
tt1570728,4
tt1578275,4
tt15789038,4
tt2109248,4
tt2112124,4
tt2118624,4
tt21191806,4
tt2119543,4
tt2120120,4
tt2121382,4
tt21235248,4
tt2823054,4
tt3312830,4
tt3316948,4
tt3322420,4
tt33244668,4
tt3846674,4
tt3850214,4
tt3850590,4
tt5439796,4
tt5462602,4
tt5463162,4
tt5503686,4
tt5536736,4
tt5580036,4
tt5610554,4
tt5613484,4
tt8522006,4
tt8526872,4
tt8580274,4
tt8623904,4
tt8629748,4
tt8637428,4
tt13274016,5
tt1341167,5
tt1567437,5
tt1568338,5
tt1568346,5
tt1572315,5
tt28075881,5
tt3850214,5
tt5431890,5
tt5433138,5
tt5433140,5
tt5439796,5
tt5503686,5
tt5537002,5
tt5563334,5
tt5571734,5
tt8629748,5
tt8688634,5
tt2125608,6
tt2119543,8
tt3861390,8
tt1324999,9
tt13314558,9
tt1335975,9
tt1571234,9
tt2105044,9
tt2118624,9
tt2119543,9
tt21235248,9
tt2125435,9
tt3850590,9
tt5500218,9
tt5519340,9
tt5580390,9
tt5606664,9
tt8623904,9
tt1568911,11
tt21103218,11
tt2119532,11
tt5461944,11
tt5535276,11
tt5537002,11
tt5592248,11
tt8503618,11
tt13345606,12
tt13375076,12
tt13403046,12
tt13405778,12
tt1567437,12
tt15679400,12
tt1572315,12
tt15791034,12
tt1582507,12
tt2105044,12
tt2109184,12
tt2118624,12
tt3322940,12
tt3850590,12
tt3860916,12
tt5442430,12
tt5606664,12
tt8508734,12
tt8633478,12
tt8663516,12
tt2125608,13
tt3312830,13
tt8580274,13
tt1336608,14
tt28037987,14
tt1327194,15
tt13274016,15
tt13405778,15
tt1340800,15
tt15679400,15
tt1568346,15
tt15791034,15
tt1582507,15
tt2105044,15
tt2109184,15
tt28075881,15
tt3322940,15
tt5563334,15
tt5610554,15
tt8633478,15
tt1327194,17
tt13327038,17
tt1334260,17
tt1334512,17
tt13403046,17
tt1341188,17
tt15671028,17
tt1570728,17
tt1571222,17
tt2112124,17
tt21192142,17
tt28037987,17
tt2823054,17
tt3846674,17
tt5462602,17
tt5580390,17
tt8522006,17
tt8613070,17
tt1340138,18
tt2106651,18
tt3315342,18
tt3829266,18
tt3860916,18
tt5442430,18
tt8663516,18
tt21064584,19
tt3322364,19
tt8544498,19
tt13375076,20
tt13405778,20
tt1340800,20
tt1567609,20
tt15679400,20
tt1568338,20
tt15791034,20
tt2820852,20
tt3322940,20
tt3848892,20
tt5433138,20
tt5442430,20
tt5519340,20
tt5571734,20
tt5592248,20
tt8508734,20
tt8579674,21
tt5478478,22
tt0418689,0
tt0419706,0
tt0421054,0
tt0421073,0
tt0424095,0
tt0425061,0
tt0425112,0
tt0425637,0
tt0426592,0
tt0429493,0
tt0430105,0
tt0430357,0
tt0431197,0
tt0432021,0
tt0433035,0
tt0433362,0
tt0433387,0
tt0434409,0
tt0435705,0
tt0436339,0
tt0437086,0
tt0438488,0
tt0439572,0
tt0440963,0
tt0441773,0
tt0442933,0
tt0443274,0
tt0443473,0
tt0443632,0
tt0443649,0
tt0446029,0
tt0446059,0
tt0448115,0
tt0448157,0
tt0448694,0
tt0449010,0
tt0449088,0
tt0450232,0
tt0450314,0
tt0451279,0
tt0452608,0
tt0453467,0
tt0453556,0
tt0455944,0
tt0457400,0
tt0458339,0
tt0458481,0
tt0458525,0
tt0460780,0
tt0462465,0
tt0462499,0
tt0463985,0
tt0465234,0
tt0465494,0
tt0465580,0
tt0465602,0
tt0467197,0
tt0468569,0
tt0471042,0
tt0472033,0
tt0472043,0
tt0472399,0
tt0473075,0
tt0475276,0
tt0475394,0
tt0477080,0
tt0478970,0
tt0479884,0
tt0479997,0
tt0480255,0
tt0483607,0
tt0486576,0
tt0486946,0
tt0489099,0
tt0490086,0
tt0493405,0
tt0493430,0
tt0493464,0
tt0498380,0
tt0499097,0
tt0499448,0
tt0499549,0
tt0499556,0
tt1155076,0
tt1156398,0
tt1160419,0
tt11655202,0
tt11655566,0
tt11657662,0
tt1166100,0
tt11671006,0
tt1397280,0
tt1397514,0
tt1399103,0
tt1401152,0
tt1408101,0
tt1408253,0
tt1409024,0
tt1646971,0
tt1646987,0
tt1648179,0
tt1648190,0
tt1649418,0
tt1650062,0
tt1650554,0
tt16539454,0
tt1656190,0
tt1657507,0
tt1663202,0
tt1663662,0
tt1677720,0
tt1684562,0
tt1686821,0
tt2231253,0
tt2231461,0
tt2239822,0
tt2241351,0
tt2245084,0
tt2250912,0
tt2265171,0
tt2267968,0
tt2274648,0
tt2948356,0
tt29603959,0
tt2967224,0
tt2975578,0
tt2975590,0
tt2980592,0
tt3480822,0
tt3495026,0
tt3498820,0
tt3501632,0
tt3915174,0
tt5700672,0
tt5719748,0
tt5758778,0
tt5774060,0
tt5813916,0
tt5814534,0
tt8291224,0
tt8364368,0
tt8367814,0
tt8368408,0
tt8385148,0
tt8426926,0
tt0418689,1
tt0423294,1
tt0424095,1
tt0425061,1
tt0425637,1
tt0429493,1
tt0432283,1
tt0435625,1
tt0435761,1
tt0436339,1
tt0437086,1
tt0438097,1
tt0438488,1
tt0439572,1
tt0441773,1
tt0442933,1
tt0443536,1
tt0443649,1
tt0443701,1
tt0448115,1
tt0448694,1
tt0449010,1
tt0449088,1
tt0449089,1
tt0450259,1
tt0451079,1
tt0451279,1
tt0452598,1
tt0453556,1
tt0454876,1
tt0455499,1
tt0455824,1
tt0457400,1
tt0458339,1
tt0460780,1
tt0460791,1
tt0461770,1
tt0462465,1
tt0462504,1
tt0462538,1
tt0465234,1
tt0472033,1
tt0472043,1
tt0472181,1
tt0473075,1
tt0475944,1
tt0477302,1
tt0477347,1
tt0479952,1
tt0479997,1
tt0480255,1
tt0481499,1
tt0481536,1
tt0486576,1
tt0486655,1
tt0486946,1
tt0489049,1
tt0489099,1
tt0494238,1
tt0498380,1
tt0499448,1
tt0499549,1
tt1160419,1
tt11655566,1
tt11657662,1
tt11671006,1
tt1397514,1
tt1399103,1
tt1402488,1
tt1408101,1
tt1409024,1
tt1646971,1
tt1646987,1
tt1648190,1
tt1661199,1
tt1663662,1
tt1667353,1
tt1667889,1
tt1673434,1
tt1677720,1
tt1679335,1
tt2231461,1
tt2239822,1
tt2245084,1
tt2250912,1
tt2262227,1
tt2267968,1
tt2274648,1
tt2948356,1
tt2948372,1
tt29623480,1
tt2975590,1
tt3469046,1
tt3480822,1
tt3488710,1
tt3501632,1
tt3915174,1
tt5758778,1
tt5774060,1
tt5814534,1
tt8426926,1
tt0420223,4
tt0423294,4
tt0423977,4
tt0424345,4
tt0424993,4
tt0425061,4
tt0425112,4
tt0425123,4
tt0425413,4
tt0426592,4
tt0427152,4
tt0427229,4
tt0427327,4
tt0427944,4
tt0430304,4
tt0430922,4
tt0431308,4
tt0432283,4
tt0433400,4
tt0435761,4
tt0437863,4
tt0438097,4
tt0439815,4
tt0441909,4
tt0443453,4
tt0443465,4
tt0443536,4
tt0445934,4
tt0446029,4
tt0448115,4
tt0448157,4
tt0449059,4
tt0449089,4
tt0451079,4
tt0452594,4
tt0452598,4
tt0452625,4
tt0453451,4
tt0454945,4
tt0455499,4
tt0455538,4
tt0455967,4
tt0456144,4
tt0456554,4
tt0457400,4
tt0457510,4
tt0457513,4
tt0457939,4
tt0458352,4
tt0460740,4
tt0461770,4
tt0462538,4
tt0463034,4
tt0464154,4
tt0465602,4
tt0465624,4
tt0466342,4
tt0467406,4
tt0471042,4
tt0472062,4
tt0472160,4
tt0472181,4
tt0473308,4
tt0475290,4
tt0475394,4
tt0477051,4
tt0477139,4
tt0477347,4
tt0478311,4
tt0478970,4
tt0479952,4
tt0480242,4
tt0480255,4
tt0480687,4
tt0481141,4
tt0481499,4
tt0481536,4
tt0486551,4
tt0486583,4
tt0486946,4
tt0489049,4
tt0489237,4
tt0490086,4
tt0491152,4
tt0492956,4
tt0493405,4
tt0493430,4
tt0497465,4
tt1155056,4
tt1156398,4
tt11564570,4
tt11655202,4
tt11655566,4
tt11671006,4
tt13957560,4
tt1396218,4
tt1397514,4
tt1399103,4
tt1402488,4
tt1403177,4
tt1408253,4
tt1409024,4
tt1648179,4
tt1650554,4
tt1655442,4
tt1655460,4
tt1660648,4
tt1661382,4
tt1666186,4
tt1666801,4
tt1667353,4
tt1667889,4
tt1674771,4
tt1675434,4
tt1679335,4
tt1684562,4
tt1686821,4
tt2229499,4
tt2234155,4
tt22408160,4
tt2243537,4
tt2262227,4
tt2265398,4
tt2268016,4
tt2948372,4
tt2953050,4
tt29603959,4
tt2967224,4
tt2980648,4
tt3469046,4
tt3470600,4
tt3501632,4
tt5657846,4
tt5688932,4
tt5697572,4
tt5710514,4
tt5719748,4
tt5783956,4
tt8367814,4
tt8385148,4
tt0419677,5
tt0421054,5
tt0421073,5
tt0421206,5
tt0421238,5
tt0423866,5
tt0425210,5
tt0426883,5
tt0427470,5
tt0429493,5
tt0430105,5
tt0430304,5
tt0430308,5
tt0430357,5
tt0433387,5
tt0443473,5
tt0443632,5
tt0443680,5
tt0443701,5
tt0443706,5
tt0450314,5
tt0451094,5
tt0452623,5
tt0453467,5
tt0454848,5
tt0455944,5
tt0457433,5
tt0457513,5
tt0458481,5
tt0462590,5
tt0463985,5
tt0463998,5
tt0465494,5
tt0465538,5
tt0465551,5
tt0467197,5
tt0468569,5
tt0471042,5
tt0472399,5
tt0473705,5
tt0475394,5
tt0476964,5
tt0477348,5
tt0478087,5
tt0478134,5
tt0479884,5
tt0480025,5
tt0481369,5
tt0482572,5
tt0486822,5
tt0488120,5
tt0489049,5
tt0493405,5
tt0493464,5
tt0496806,5
tt0498399,5
tt1152836,5
tt1155592,5
tt11564570,5
tt1397280,5
tt1399683,5
tt1408253,5
tt1650554,5
tt16539454,5
tt1656190,5
tt1657507,5
tt1670345,5
tt22297828,5
tt2231253,5
tt2234003,5
tt2241351,5
tt2265171,5
tt22687790,5
tt2273657,5
tt29603959,5
tt2967224,5
tt5657856,5
tt5691670,5
tt5710514,5
tt5719748,5
tt5727208,5
tt5742374,5
tt5774450,5
tt8367814,5
tt8368408,5
tt8385148,5
tt0418689,7
tt0418763,7
tt0419677,7
tt0419887,7
tt0420223,7
tt0420332,7
tt0421082,7
tt0421206,7
tt0421238,7
tt0421715,7
tt0422720,7
tt0423866,7
tt0423977,7
tt0424136,7
tt0425123,7
tt0425210,7
tt0425637,7
tt0426883,7
tt0426931,7
tt0427309,7
tt0427327,7
tt0427470,7
tt0427944,7
tt0430105,7
tt0430308,7
tt0430357,7
tt0431197,7
tt0431308,7
tt0433035,7
tt0433383,7
tt0433387,7
tt0434409,7
tt0435651,7
tt0436697,7
tt0441909,7
tt0443272,7
tt0443274,7
tt0443465,7
tt0443489,7
tt0443543,7
tt0443649,7
tt0443680,7
tt0443701,7
tt0443706,7
tt0445922,7
tt0445990,7
tt0446059,7
tt0446755,7
tt0448157,7
tt0449059,7
tt0449467,7
tt0450188,7
tt0450232,7
tt0450259,7
tt0450314,7
tt0451094,7
tt0452594,7
tt0452623,7
tt0452637,7
tt0452694,7
tt0453562,7
tt0454848,7
tt0454876,7
tt0454921,7
tt0455538,7
tt0455590,7
tt0455824,7
tt0456144,7
tt0457430,7
tt0458352,7
tt0460740,7
tt0460791,7
tt0460829,7
tt0460989,7
tt0462200,7
tt0462590,7
tt0463998,7
tt0464141,7
tt0465538,7
tt0465551,7
tt0466909,7
tt0467197,7
tt0467200,7
tt0467406,7
tt0468489,7
tt0468492,7
tt0468569,7
tt0469494,7
tt0469641,7
tt0470752,7
tt0472043,7
tt0472062,7
tt0473308,7
tt0473705,7
tt0475276,7
tt0475290,7
tt0476735,7
tt0476964,7
tt0477071,7
tt0477139,7
tt0477302,7
tt0477348,7
tt0478087,7
tt0478134,7
tt0478304,7
tt0479143,7
tt0480025,7
tt0480242,7
tt0480249,7
tt0481141,7
tt0482571,7
tt0482572,7
tt0485947,7
tt0486822,7
tt0488120,7
tt0489237,7
tt0490204,7
tt0490215,7
tt0491152,7
tt0492044,7
tt0497465,7
tt0498380,7
tt0498399,7
tt0499097,7
tt1152398,7
tt1152836,7
tt1155076,7
tt11555492,7
tt11563598,7
tt11564570,7
tt1160419,7
tt1161864,7
tt1164999,7
tt11655202,7
tt13957560,7
tt1398426,7
tt1399683,7
tt1403177,7
tt1403865,7
tt14039582,7
tt1403981,7
tt1410063,7
tt1648190,7
tt1649419,7
tt16539454,7
tt1655389,7
tt1655420,7
tt1655441,7
tt1655442,7
tt1657507,7
tt1659337,7
tt1661199,7
tt1661382,7
tt1663202,7
tt1667353,7
tt1673434,7
tt1674771,7
tt1675192,7
tt1675434,7
tt1682180,7
tt1683526,7
tt1684562,7
tt1686821,7
tt1687901,7
tt2226597,7
tt2229499,7
tt22297828,7
tt2231253,7
tt2234003,7
tt2235695,7
tt22408160,7
tt2241351,7
tt2265398,7
tt2267998,7
tt2268016,7
tt22687790,7
tt2273657,7
tt29567915,7
tt29768334,7
tt2980516,7
tt2980648,7
tt3488710,7
tt3495026,7
tt3922818,7
tt5649144,7
tt5657856,7
tt5688932,7
tt5697572,7
tt5710514,7
tt5715874,7
tt5726616,7
tt5727208,7
tt5742374,7
tt5774450,7
tt5776858,7
tt5813916,7
tt8291224,7
tt8291806,7
tt8332922,7
tt8359848,7
tt8368368,7
tt8368512,7
tt8404614,7
tt8426926,7
tt0418819,20
tt0419677,20
tt0421073,20
tt0421239,20
tt0424136,20
tt0425210,20
tt0427392,20
tt0427470,20
tt0431021,20
tt0431197,20
tt0433386,20
tt0435625,20
tt0435705,20
tt0440803,20
tt0440963,20
tt0443274,20
tt0443473,20
tt0443632,20
tt0448011,20
tt0448134,20
tt0450232,20
tt0450259,20
tt0450345,20
tt0451094,20
tt0452608,20
tt0452702,20
tt0454841,20
tt0455760,20
tt0455857,20
tt0455944,20
tt0457433,20
tt0462322,20
tt0462499,20
tt0463985,20
tt0465494,20
tt0465580,20
tt0465602,20
tt0469641,20
tt0470752,20
tt0472399,20
tt0476964,20
tt0477080,20
tt0477348,20
tt0478087,20
tt0479884,20
tt0481369,20
tt0482572,20
tt0482606,20
tt0483607,20
tt0488120,20
tt0489270,20
tt0493464,20
tt0496806,20
tt0498399,20
tt0499097,20
tt0499556,20
tt1166100,20
tt1397280,20
tt1401152,20
tt1649418,20
tt1649419,20
tt1650062,20
tt1656190,20
tt1670345,20
tt1675192,20
tt1682180,20
tt2226417,20
tt2226597,20
tt22297828,20
tt22375054,20
tt2265171,20
tt2267998,20
tt2980592,20
tt3495026,20
tt5638642,20
tt5657856,20
tt5691670,20
tt5700672,20
tt5726086,20
tt5727208,20
tt5742374,20
tt5758778,20
tt5814060,20
tt8350360,20
tt8364368,20
tt8368408,20
tt0423294,2
tt0424095,2
tt0432283,2
tt0435761,2
tt0436339,2
tt0438097,2
tt0441773,2
tt0442933,2
tt0443536,2
tt0448694,2
tt0451079,2
tt0453556,2
tt0458481,2
tt0461770,2
tt0462538,2
tt0472033,2
tt0472181,2
tt0479952,2
tt0481499,2
tt11657662,2
tt1402488,2
tt1646971,2
tt1667889,2
tt1679335,2
tt2239822,2
tt2245084,2
tt2262227,2
tt2267968,2
tt2948356,2
tt2948372,2
tt2953050,2
tt29623480,2
tt3469046,2
tt3470600,2
tt3915174,2
tt5814534,2
tt0418763,3
tt0421054,3
tt0421082,3
tt0421206,3
tt0422720,3
tt0426883,3
tt0427309,3
tt0427312,3
tt0430308,3
tt0433383,3
tt0436697,3
tt0443272,3
tt0443680,3
tt0445990,3
tt0446059,3
tt0450188,3
tt0453562,3
tt0454921,3
tt0455538,3
tt0455590,3
tt0462504,3
tt0463998,3
tt0467200,3
tt0472062,3
tt1152836,3
tt1155592,3
tt11563598,3
tt13957560,3
tt1398426,3
tt1655389,3
tt1655420,3
tt2273657,3
tt29567915,3
tt2980516,3
tt3488710,3
tt8368368,3
tt8404614,3
tt0427312,6
tt0428803,6
tt0493430,6
tt0497116,6
tt1155592,6
tt0420332,8
tt0428803,8
tt0449010,8
tt0449089,8
tt0452598,8
tt0453451,8
tt0455499,8
tt0457510,8
tt0477347,8
tt0486583,8
tt0492956,8
tt0494238,8
tt0499448,8
tt1155076,8
tt1396218,8
tt1661199,8
tt2953050,8
tt29623480,8
tt3470600,8
tt5697572,8
tt0420223,9
tt0421715,9
tt0425123,9
tt0439572,9
tt0443543,9
tt0445922,9
tt0446029,9
tt0449088,9
tt0450385,9
tt0451279,9
tt0452637,9
tt0452694,9
tt0454876,9
tt0457430,9
tt0457513,9
tt0460780,9
tt0460791,9
tt0460829,9
tt0466909,9
tt0472160,9
tt0473075,9
tt0475944,9
tt0477071,9
tt0477139,9
tt0478304,9
tt0479997,9
tt0485947,9
tt0486576,9
tt0486583,9
tt0486655,9
tt0494238,9
tt0499549,9
tt1152398,9
tt1396218,9
tt1646987,9
tt1655441,9
tt1673434,9
tt2243537,9
tt2274648,9
tt5688932,9
tt5783956,9
tt0422720,11
tt0433383,11
tt0443272,11
tt0445922,11
tt0455590,11
tt0467200,11
tt0469641,11
tt0475276,11
tt0490215,11
tt1398426,11
tt1410063,11
tt1649419,11
tt1655389,11
tt29567915,11
tt8291224,11
tt8368368,11
tt8368512,11
tt0418819,12
tt0419706,12
tt0420294,12
tt0431021,12
tt0432021,12
tt0432348,12
tt0433362,12
tt0433386,12
tt0435625,12
tt0439815,12
tt0440803,12
tt0450278,12
tt0450345,12
tt0450385,12
tt0452702,12
tt0454841,12
tt0455407,12
tt0455760,12
tt0455857,12
tt0462322,12
tt0463854,12
tt0464141,12
tt0464154,12
tt0466909,12
tt0468492,12
tt0475944,12
tt0480249,12
tt0480669,12
tt0482606,12
tt0489270,12
tt0492044,12
tt0498353,12
tt1156398,12
tt1161864,12
tt1396484,12
tt1666186,12
tt1687901,12
tt2226417,12
tt22375054,12
tt22408160,12
tt2243537,12
tt22687790,12
tt29644189,12
tt2975578,12
tt5638642,12
tt5672290,12
tt5700672,12
tt5715874,12
tt5726086,12
tt5774060,12
tt5774450,12
tt5814060,12
tt8332922,12
tt8350360,12
tt8359848,12
tt8364368,12
tt8368406,12
tt0421082,13
tt0426931,13
tt0450188,13
tt0462200,13
tt0462590,13
tt11563598,13
tt2268016,13
tt8359848,13
tt0420332,14
tt0427327,14
tt0443489,14
tt0425112,15
tt0431021,15
tt0432348,15
tt0440803,15
tt0440963,15
tt0443543,15
tt0443706,15
tt0448011,15
tt0450345,15
tt0450385,15
tt0452623,15
tt0452637,15
tt0454848,15
tt0455760,15
tt0457433,15
tt0460829,15
tt0464141,15
tt0465234,15
tt0465538,15
tt0473705,15
tt0475290,15
tt0477071,15
tt0477302,15
tt0478134,15
tt0480669,15
tt0481369,15
tt0482571,15
tt0482606,15
tt0486822,15
tt0489270,15
tt0492044,15
tt1161864,15
tt1166100,15
tt1399683,15
tt1401152,15
tt1649418,15
tt1670345,15
tt1682180,15
tt1687901,15
tt2226417,15
tt2234003,15
tt2235695,15
tt2267998,15
tt2980592,15
tt5638642,15
tt5691670,15
tt5715874,15
tt5726086,15
tt5814060,15
tt8350360,15
tt8368406,15
tt8368512,15
tt0421715,17
tt0423866,17
tt0423977,17
tt0424993,17
tt0425413,17
tt0427229,17
tt0427309,17
tt0431308,17
tt0433400,17
tt0435651,17
tt0443465,17
tt0446755,17
tt0452594,17
tt0452625,17
tt0452694,17
tt0454945,17
tt0455824,17
tt0455967,17
tt0456144,17
tt0457939,17
tt0460740,17
tt0463034,17
tt0465551,17
tt0465624,17
tt0466342,17
tt0472160,17
tt0473308,17
tt0477051,17
tt0478311,17
tt0480242,17
tt0480687,17
tt0481141,17
tt0485947,17
tt0486655,17
tt0489237,17
tt0491152,17
tt0497465,17
tt1152398,17
tt1155056,17
tt1164999,17
tt1403981,17
tt1410063,17
tt1655441,17
tt1655442,17
tt1655460,17
tt1666801,17
tt2229499,17
tt2235695,17
tt2265398,17
tt2980516,17
tt3922818,17
tt5726616,17
tt5776858,17
tt5783956,17
tt0418819,18
tt0419706,18
tt0426592,18
tt0427392,18
tt0432021,18
tt0433035,18
tt0433362,18
tt0434409,18
tt0435651,18
tt0435705,18
tt0437086,18
tt0438488,18
tt0439815,18
tt0448011,18
tt0448134,18
tt0452608,18
tt0453467,18
tt0458339,18
tt0458525,18
tt0462465,18
tt0463854,18
tt0465580,18
tt0465624,18
tt0468492,18
tt0470752,18
tt0478970,18
tt0480249,18
tt0480669,18
tt0482571,18
tt0483607,18
tt0489099,18
tt1408101,18
tt1650062,18
tt1663662,18
tt1677720,18
tt2231461,18
tt2250912,18
tt2975578,18
tt2975590,18
tt3480822,18
tt3498820,18
tt3922818,18
tt8332922,18
tt8368406,18
tt0425413,19
tt0437863,19
tt0445934,19
tt0445990,19
tt0453562,19
tt0454945,19
tt0457510,19
tt0479143,19
tt0492956,19
tt1648179,19
tt1661382,19
tt0418763,21
tt0457430,21
tt0460989,21
tt0462504,21
tt5813916,21
tt0421238,22
tt1403865,22
tt1663202,22
tt0015324,0
tt0017925,0
tt0029843,0
tt0047478,0
tt0054047,0
tt0054953,0
tt0055630,0
tt0055928,0
tt0056197,0
tt0057076,0
tt0057193,0
tt0058150,0
tt0059800,0
tt0061418,0
tt0061578,0
tt0062512,0
tt0062765,0
tt0064505,0
tt0064757,0
tt0065207,0
tt0065214,0
tt0065462,0
tt0066995,0
tt0066999,0
tt0067116,0
tt0068182,0
tt0069113,0
tt0069762,0
tt0070034,0
tt0070328,0
tt0070355,0
tt0070909,0
tt0071807,0
tt0072308,0
tt0073707,0
tt0074156,0
tt0074483,0
tt0074812,0
tt0076729,0
tt0076752,0
tt0076759,0
tt0078346,0
tt0079501,0
tt0079574,0
tt0080120,0
tt0080684,0
tt0080745,0
tt0081573,0
tt0082186,0
tt0082340,0
tt0082398,0
tt0082694,0
tt0082971,0
tt0083511,0
tt0083658,0
tt0083944,0
tt0084726,0
tt0084827,0
tt0086006,0
tt0086034,0
tt0086190,0
tt0086383,0
tt0086393,0
tt0086567,0
tt0086960,0
tt0087078,0
tt0087182,0
tt0087332,0
tt0087469,0
tt0087538,0
tt0087985,0
tt0088011,0
tt0088170,0
tt0088247,0
tt0088944,0
tt0089092,0
tt0089370,0
tt0089530,0
tt0089880,0
tt0089881,0
tt0090022,0
tt0090264,0
tt0090605,0
tt0090728,0
tt0090859,0
tt0091129,0
tt0091203,0
tt0091225,0
tt0091326,0
tt0092099,0
tt0092493,0
tt0092644,0
tt0092675,0
tt0093260,0
tt0093409,0
tt0093428,0
tt0093640,0
tt0093692,0
tt0093773,0
tt0093870,0
tt0093894,0
tt0094074,0
tt0094625,0
tt0094963,0
tt0095016,0
tt0095631,0
tt0095956,0
tt0095963,0
tt0096256,0
tt0096446,0
tt0096487,0
tt0096895,0
tt0096933,0
tt0097027,0
tt0097202,0
tt0097428,0
tt0097576,0
tt0097647,0
tt0097659,0
tt0097733,0
tt0097742,0
tt0098206,0
tt0098382,0
tt0098439,0
tt0099141,0
tt0099365,0
tt0099371,0
tt0099422,0
tt0099423,0
tt0099810,0
tt0099938,0
tt0100263,0
tt0100403,0
tt0100502,0
tt0100758,0
tt0100802,0
tt0101393,0
tt0102034,0
tt0102059,0
tt0102070,0
tt0102266,0
tt0102685,0
tt0102798,0
tt0102803,0
tt1053424,0
tt10545296,0
tt1055369,0
tt10579952,0
tt1059786,0
tt1060277,0
tt10620868,0
tt10648342,0
tt1308729,0
tt1318514,0
tt1320253,0
tt1321511,0
tt1321870,0
tt1549920,0
tt1560220,0
tt1562871,0
tt1564585,0
tt15654328,0
tt2015381,0
tt2017038,0
tt2024469,0
tt2025690,0
tt2034800,0
tt2713180,0
tt2717822,0
tt3748528,0
tt3758814,0
tt3766354,0
tt3778644,0
tt4998632,0
tt5013056,0
tt5033998,0
tt5034838,0
tt5052474,0
tt5074352,0
tt5090568,0
tt5095030,0
tt5108870,0
tt5109280,0
tt5177088,0
tt5177120,0
tt7886848,0
tt7888964,0
tt7975244,0
tt7985704,0
tt7991608,0
tt8041270,0
tt0015864,1
tt0017925,1
tt0024216,1
tt0029583,1
tt0029843,1
tt0031971,1
tt0032138,1
tt0032910,1
tt0033563,1
tt0034492,1
tt0040897,1
tt0043265,1
tt0043274,1
tt0046183,1
tt0046268,1
tt0048280,1
tt0049223,1
tt0049730,1
tt0049833,1
tt0050212,1
tt0052618,1
tt0053125,1
tt0053285,1
tt0054047,1
tt0054331,1
tt0054953,1
tt0055254,1
tt0055928,1
tt0056172,1
tt0057076,1
tt0057115,1
tt0057193,1
tt0057546,1
tt0058150,1
tt0059800,1
tt0060196,1
tt0061578,1
tt0061852,1
tt0062512,1
tt0062622,1
tt0062803,1
tt0063442,1
tt0064115,1
tt0064276,1
tt0064757,1
tt0065126,1
tt0065207,1
tt0065214,1
tt0065421,1
tt0065462,1
tt0065938,1
tt0066995,1
tt0067992,1
tt0068182,1
tt0068473,1
tt0069113,1
tt0069293,1
tt0070328,1
tt0070608,1
tt0071615,1
tt0071807,1
tt0071853,1
tt0072684,1
tt0073195,1
tt0073341,1
tt0073707,1
tt0074812,1
tt0076618,1
tt0076729,1
tt0076752,1
tt0076759,1
tt0077766,1
tt0078346,1
tt0078935,1
tt0079501,1
tt0079574,1
tt0079945,1
tt0080453,1
tt0080455,1
tt0080684,1
tt0080745,1
tt0080801,1
tt0081573,1
tt0081633,1
tt0082186,1
tt0082198,1
tt0082340,1
tt0082348,1
tt0082398,1
tt0082406,1
tt0082694,1
tt0082971,1
tt0083791,1
tt0083866,1
tt0083944,1
tt0084726,1
tt0084827,1
tt0085750,1
tt0085995,1
tt0086006,1
tt0086034,1
tt0086190,1
tt0086197,1
tt0086393,1
tt0086837,1
tt0087078,1
tt0087182,1
tt0087469,1
tt0087544,1
tt0088011,1
tt0088170,1
tt0088247,1
tt0088323,1
tt0088763,1
tt0088944,1
tt0089092,1
tt0089218,1
tt0089370,1
tt0089457,1
tt0089469,1
tt0089530,1
tt0089670,1
tt0089791,1
tt0089880,1
tt0090056,1
tt0090264,1
tt0090555,1
tt0090605,1
tt0090633,1
tt0090728,1
tt0091059,1
tt0091129,1
tt0091149,1
tt0091203,1
tt0091225,1
tt0091369,1
tt0091530,1
tt0092005,1
tt0092007,1
tt0092067,1
tt0092493,1
tt0092513,1
tt0093260,1
tt0093300,1
tt0093428,1
tt0093773,1
tt0093779,1
tt0094012,1
tt0094074,1
tt0095250,1
tt0095253,1
tt0095489,1
tt0095776,1
tt0095956,1
tt0096283,1
tt0096438,1
tt0096446,1
tt0096754,1
tt0096764,1
tt0096787,1
tt0096874,1
tt0096895,1
tt0096928,1
tt0097523,1
tt0097576,1
tt0097742,1
tt0097757,1
tt0098382,1
tt0098627,1
tt0099088,1
tt0099348,1
tt0099810,1
tt0100477,1
tt0100758,1
tt0100802,1
tt0100944,1
tt0101452,1
tt0102034,1
tt0102057,1
tt0102070,1
tt0102798,1
tt0102803,1
tt1049413,1
tt1051904,1
tt10539608,1
tt10545296,1
tt1054606,1
tt1055369,1
tt10648342,1
tt13186482,1
tt1320253,1
tt1320261,1
tt1323045,1
tt1323594,1
tt2015381,1
tt2017020,1
tt2017038,1
tt2034800,1
tt2719848,1
tt3228774,1
tt3748528,1
tt3758172,1
tt3758814,1
tt3778644,1
tt5028340,1
tt5033998,1
tt5090568,1
tt5093026,1
tt5095030,1
tt5104604,1
tt5108870,1
tt5109280,1
tt5113040,1
tt5113044,1
tt5116302,1
tt5117670,1
tt5177088,1
tt7975244,1
tt7979580,1
tt7985704,1
tt8036976,1
tt8041270,1
tt0012349,4
tt0015324,4
tt0015864,4
tt0017925,4
tt0021749,4
tt0023969,4
tt0025316,4
tt0027977,4
tt0029947,4
tt0031679,4
tt0032553,4
tt0032599,4
tt0032904,4
tt0032910,4
tt0035423,4
tt0036613,4
tt0039628,4
tt0042546,4
tt0043274,4
tt0045152,4
tt0046250,4
tt0046359,4
tt0047437,4
tt0047673,4
tt0048280,4
tt0053291,4
tt0053604,4
tt0053779,4
tt0054698,4
tt0055254,4
tt0056923,4
tt0057012,4
tt0057193,4
tt0057413,4
tt0057546,4
tt0058182,4
tt0058331,4
tt0061722,4
tt0061735,4
tt0061852,4
tt0063462,4
tt0064505,4
tt0065421,4
tt0065938,4
tt0066026,4
tt0067185,4
tt0067992,4
tt0068361,4
tt0069704,4
tt0070510,4
tt0070608,4
tt0070735,4
tt0071129,4
tt0071230,4
tt0071853,4
tt0072431,4
tt0073629,4
tt0073707,4
tt0075686,4
tt0076618,4
tt0076729,4
tt0077631,4
tt0077975,4
tt0078841,4
tt0079367,4
tt0079470,4
tt0079522,4
tt0080339,4
tt0080455,4
tt0080487,4
tt0080801,4
tt0081633,4
tt0082010,4
tt0082517,4
tt0083131,4
tt0083511,4
tt0083530,4
tt0083564,4
tt0083767,4
tt0083929,4
tt0084805,4
tt0085334,4
tt0085794,4
tt0085959,4
tt0085995,4
tt0086200,4
tt0086393,4
tt0086425,4
tt0086465,4
tt0086960,4
tt0087332,4
tt0087363,4
tt0087928,4
tt0088000,4
tt0088011,4
tt0088128,4
tt0088161,4
tt0088258,4
tt0088286,4
tt0088680,4
tt0088763,4
tt0088794,4
tt0088847,4
tt0088930,4
tt0088933,4
tt0089155,4
tt0089218,4
tt0089370,4
tt0089457,4
tt0089670,4
tt0089791,4
tt0089822,4
tt0089853,4
tt0089885,4
tt0089907,4
tt0090056,4
tt0090142,4
tt0090305,4
tt0090555,4
tt0090633,4
tt0090728,4
tt0090967,4
tt0091042,4
tt0091059,4
tt0091129,4
tt0091167,4
tt0091225,4
tt0091419,4
tt0091541,4
tt0091777,4
tt0091790,4
tt0091949,4
tt0092007,4
tt0092086,4
tt0092493,4
tt0092513,4
tt0092610,4
tt0092644,4
tt0092991,4
tt0093105,4
tt0093260,4
tt0093437,4
tt0093565,4
tt0093693,4
tt0093748,4
tt0093779,4
tt0093822,4
tt0094012,4
tt0094137,4
tt0094332,4
tt0094336,4
tt0094721,4
tt0094737,4
tt0094812,4
tt0094889,4
tt0094898,4
tt0095031,4
tt0095159,4
tt0095253,4
tt0095444,4
tt0095631,4
tt0095675,4
tt0095705,4
tt0095776,4
tt0095963,4
tt0096061,4
tt0096283,4
tt0096320,4
tt0096438,4
tt0096463,4
tt0096734,4
tt0096764,4
tt0096787,4
tt0096874,4
tt0096928,4
tt0097123,4
tt0097165,4
tt0097216,4
tt0097239,4
tt0097428,4
tt0097493,4
tt0097523,4
tt0097778,4
tt0097815,4
tt0097958,4
tt0098067,4
tt0098258,4
tt0098282,4
tt0098384,4
tt0098439,4
tt0098536,4
tt0098554,4
tt0098621,4
tt0098627,4
tt0098635,4
tt0099052,4
tt0099088,4
tt0099141,4
tt0099329,4
tt0099422,4
tt0099700,4
tt0099785,4
tt0099938,4
tt0100050,4
tt0100405,4
tt0100477,4
tt0100758,4
tt0100814,4
tt0100944,4
tt0101272,4
tt0101410,4
tt0101452,4
tt0101587,4
tt0101700,4
tt0101862,4
tt0101889,4
tt0102057,4
tt0102059,4
tt0102070,4
tt0102266,4
tt0102492,4
tt0102510,4
tt0102536,4
tt1049413,4
tt1051904,4
tt1053810,4
tt1054606,4
tt1055292,4
tt1058017,4
tt10640346,4
tt10648342,4
tt13143964,4
tt1320261,4
tt1321509,4
tt1322269,4
tt1322312,4
tt1323594,4
tt1560220,4
tt1562872,4
tt1564367,4
tt2015381,4
tt2017020,4
tt20215968,4
tt2024432,4
tt2049403,4
tt27459160,4
tt3228774,4
tt5027774,4
tt5028340,4
tt5033998,4
tt5083738,4
tt5095030,4
tt5104604,4
tt5113040,4
tt5113044,4
tt5117670,4
tt5164214,4
tt5164432,4
tt5177120,4
tt7975244,4
tt7979580,4
tt7985704,4
tt7991608,4
tt8009428,4
tt0022100,5
tt0026029,5
tt0030341,5
tt0033870,5
tt0036613,5
tt0036775,5
tt0038355,5
tt0040746,5
tt0042876,5
tt0044079,5
tt0046911,5
tt0046912,5
tt0047296,5
tt0048424,5
tt0049406,5
tt0049470,5
tt0050083,5
tt0051201,5
tt0052311,5
tt0053198,5
tt0053472,5
tt0055614,5
tt0056193,5
tt0056592,5
tt0057413,5
tt0057565,5
tt0058329,5
tt0061418,5
tt0061512,5
tt0062229,5
tt0062765,5
tt0064115,5
tt0064505,5
tt0066921,5
tt0066999,5
tt0067116,5
tt0067800,5
tt0068646,5
tt0069762,5
tt0069947,5
tt0070034,5
tt0070355,5
tt0070379,5
tt0070510,5
tt0070511,5
tt0070666,5
tt0070723,5
tt0070735,5
tt0071562,5
tt0071877,5
tt0072890,5
tt0073802,5
tt0074156,5
tt0074483,5
tt0074860,5
tt0075314,5
tt0077928,5
tt0079116,5
tt0080120,5
tt0080455,5
tt0080661,5
tt0082085,5
tt0083511,5
tt0085794,5
tt0086066,5
tt0086200,5
tt0086250,5
tt0086383,5
tt0086960,5
tt0086979,5
tt0087843,5
tt0088286,5
tt0088680,5
tt0088930,5
tt0089155,5
tt0090329,5
tt0090756,5
tt0090859,5
tt0090967,5
tt0091474,5
tt0092513,5
tt0092644,5
tt0093409,5
tt0093640,5
tt0093822,5
tt0093870,5
tt0094226,5
tt0094291,5
tt0094963,5
tt0095031,5
tt0095159,5
tt0095174,5
tt0095631,5
tt0095647,5
tt0095705,5
tt0095963,5
tt0096320,5
tt0096933,5
tt0097027,5
tt0097202,5
tt0097493,5
tt0097733,5
tt0098282,5
tt0098439,5
tt0098536,5
tt0098627,5
tt0099141,5
tt0099422,5
tt0099674,5
tt0099685,5
tt0099938,5
tt0100150,5
tt0100263,5
tt0100502,5
tt0100935,5
tt0101507,5
tt0101540,5
tt0101700,5
tt0102266,5
tt0102510,5
tt0102685,5
tt10530176,5
tt10579952,5
tt1308729,5
tt1313092,5
tt1313104,5
tt1321870,5
tt15501640,5
tt1555149,5
tt15574124,5
tt15654328,5
tt20215968,5
tt20221436,5
tt2024432,5
tt2039393,5
tt2053463,5
tt2717822,5
tt27403986,5
tt3228774,5
tt32430579,5
tt3766354,5
tt3774114,5
tt4998632,5
tt5027774,5
tt5052474,5
tt5093026,5
tt5164214,5
tt5177088,5
tt7888964,5
tt7959026,5
tt0012349,7
tt0015648,7
tt0015864,7
tt0017136,7
tt0018455,7
tt0019254,7
tt0020629,7
tt0021749,7
tt0021814,7
tt0021884,7
tt0022913,7
tt0026138,7
tt0027977,7
tt0030341,7
tt0031381,7
tt0031679,7
tt0031971,7
tt0032551,7
tt0032553,7
tt0032599,7
tt0032976,7
tt0033467,7
tt0033563,7
tt0033870,7
tt0034492,7
tt0034583,7
tt0036342,7
tt0036775,7
tt0036868,7
tt0037008,7
tt0038109,7
tt0038355,7
tt0038650,7
tt0038787,7
tt0039628,7
tt0040522,7
tt0040746,7
tt0040897,7
tt0041959,7
tt0042192,7
tt0042546,7
tt0042876,7
tt0043014,7
tt0043265,7
tt0043456,7
tt0044079,7
tt0044081,7
tt0044706,7
tt0044741,7
tt0045793,7
tt0046250,7
tt0046268,7
tt0046359,7
tt0046438,7
tt0046911,7
tt0046912,7
tt0047296,7
tt0047396,7
tt0047437,7
tt0047478,7
tt0047528,7
tt0048028,7
tt0048424,7
tt0048545,7
tt0048728,7
tt0049366,7
tt0049406,7
tt0049470,7
tt0049833,7
tt0050083,7
tt0050212,7
tt0050613,7
tt0050783,7
tt0050825,7
tt0050976,7
tt0050986,7
tt0051201,7
tt0051459,7
tt0052311,7
tt0052561,7
tt0052618,7
tt0053125,7
tt0053198,7
tt0053472,7
tt0053604,7
tt0053779,7
tt0054047,7
tt0054215,7
tt0054331,7
tt0054698,7
tt0054953,7
tt0054997,7
tt0055031,7
tt0055614,7
tt0055630,7
tt0056058,7
tt0056172,7
tt0056193,7
tt0056197,7
tt0056217,7
tt0056218,7
tt0056592,7
tt0056687,7
tt0056801,7
tt0056869,7
tt0057115,7
tt0057565,7
tt0058329,7
tt0058385,7
tt0058461,7
tt0058946,7
tt0059113,7
tt0059578,7
tt0059646,7
tt0059742,7
tt0060107,7
tt0060176,7
tt0060196,7
tt0060827,7
tt0061184,7
tt0061395,7
tt0061512,7
tt0061722,7
tt0061735,7
tt0061811,7
tt0062229,7
tt0063522,7
tt0064116,7
tt0064276,7
tt0064665,7
tt0065126,7
tt0065214,7
tt0066026,7
tt0066206,7
tt0066434,7
tt0067093,7
tt0067116,7
tt0067185,7
tt0067328,7
tt0067800,7
tt0068327,7
tt0068361,7
tt0068473,7
tt0068611,7
tt0068646,7
tt0068699,7
tt0069113,7
tt0069293,7
tt0069704,7
tt0069762,7
tt0069947,7
tt0069995,7
tt0070379,7
tt0070510,7
tt0070511,7
tt0070666,7
tt0070735,7
tt0070849,7
tt0070909,7
tt0071129,7
tt0071315,7
tt0071360,7
tt0071562,7
tt0071615,7
tt0071877,7
tt0072308,7
tt0072443,7
tt0072684,7
tt0072890,7
tt0073195,7
tt0073341,7
tt0073486,7
tt0073650,7
tt0074119,7
tt0074811,7
tt0074860,7
tt0074896,7
tt0074958,7
tt0075029,7
tt0075148,7
tt0075314,7
tt0075784,7
tt0075860,7
tt0076666,7
tt0077405,7
tt0077416,7
tt0077928,7
tt0078788,7
tt0078841,7
tt0079116,7
tt0079417,7
tt0079522,7
tt0079817,7
tt0079944,7
tt0080453,7
tt0080661,7
tt0080678,7
tt0081283,7
tt0081398,7
tt0081505,7
tt0082085,7
tt0082096,7
tt0082158,7
tt0082348,7
tt0082406,7
tt0082933,7
tt0083564,7
tt0083658,7
tt0083922,7
tt0083929,7
tt0083987,7
tt0084434,7
tt0084503,7
tt0084602,7
tt0084707,7
tt0084805,7
tt0084855,7
tt0085407,7
tt0085549,7
tt0085794,7
tt0086066,7
tt0086197,7
tt0086200,7
tt0086250,7
tt0086425,7
tt0086541,7
tt0086567,7
tt0086879,7
tt0086979,7
tt0087277,7
tt0087538,7
tt0087553,7
tt0087781,7
tt0087803,7
tt0087843,7
tt0087884,7
tt0087985,7
tt0088323,7
tt0088680,7
tt0088846,7
tt0088847,7
tt0088933,7
tt0088939,7
tt0089092,7
tt0089457,7
tt0089755,7
tt0089767,7
tt0089881,7
tt0089927,7
tt0090022,7
tt0090060,7
tt0090329,7
tt0090756,7
tt0090863,7
tt0090967,7
tt0091064,7
tt0091167,7
tt0091187,7
tt0091217,7
tt0091251,7
tt0091530,7
tt0091605,7
tt0091763,7
tt0091790,7
tt0091867,7
tt0092005,7
tt0092099,7
tt0092675,7
tt0092890,7
tt0092965,7
tt0093010,7
tt0093058,7
tt0093105,7
tt0093191,7
tt0093389,7
tt0093565,7
tt0093640,7
tt0093692,7
tt0093748,7
tt0094137,7
tt0094226,7
tt0094291,7
tt0094336,7
tt0094625,7
tt0094737,7
tt0094889,7
tt0094947,7
tt0094964,7
tt0095174,7
tt0095250,7
tt0095327,7
tt0095489,7
tt0095497,7
tt0095647,7
tt0095675,7
tt0095765,7
tt0095953,7
tt0096061,7
tt0096446,7
tt0096463,7
tt0096487,7
tt0096754,7
tt0096933,7
tt0096969,7
tt0097027,7
tt0097123,7
tt0097165,7
tt0097202,7
tt0097216,7
tt0097239,7
tt0097351,7
tt0097441,7
tt0097647,7
tt0097937,7
tt0098067,7
tt0098258,7
tt0098384,7
tt0098536,7
tt0098635,7
tt0098724,7
tt0099077,7
tt0099348,7
tt0099371,7
tt0099487,7
tt0099582,7
tt0099653,7
tt0099674,7
tt0099685,7
tt0099871,7
tt0100150,7
tt0100157,7
tt0100263,7
tt0100507,7
tt0100935,7
tt0101393,7
tt0101410,7
tt0101507,7
tt0101540,7
tt0101761,7
tt0101765,7
tt0101889,7
tt0101921,7
tt0102034,7
tt0102138,7
tt0102492,7
tt0102494,7
tt0102511,7
tt0102536,7
tt0102798,7
tt10514222,7
tt1051906,7
tt10539608,7
tt10545296,7
tt1055292,7
tt10554232,7
tt1057500,7
tt10579952,7
tt10618286,7
tt10620868,7
tt10633456,7
tt1063669,7
tt10640346,7
tt1065073,7
tt10655524,7
tt1312221,7
tt1313092,7
tt1315981,7
tt1318514,7
tt13186482,7
tt1321509,7
tt1321510,7
tt1321511,7
tt1321860,7
tt1321870,7
tt1322269,7
tt13238346,7
tt1549572,7
tt1549920,7
tt15501640,7
tt1555149,7
tt15552142,7
tt15574124,7
tt1559547,7
tt1560747,7
tt1562872,7
tt1563738,7
tt15654328,7
tt2013293,7
tt2017038,7
tt20215234,7
tt20221436,7
tt2024432,7
tt2024544,7
tt2025690,7
tt2039338,7
tt2039393,7
tt2042568,7
tt2051879,7
tt2053425,7
tt2053463,7
tt27131358,7
tt2713180,7
tt2718492,7
tt2719848,7
tt2726560,7
tt2737050,7
tt27403986,7
tt27459160,7
tt3224458,7
tt32376165,7
tt32430579,7
tt3748172,7
tt3758172,7
tt3758542,7
tt3774114,7
tt3774694,7
tt4998632,7
tt5013056,7
tt5027774,7
tt5052474,7
tt5074352,7
tt5083738,7
tt5109784,7
tt5116302,7
tt5164432,7
tt5168192,7
tt5186714,7
tt7886848,7
tt7888964,7
tt7939766,7
tt7959026,7
tt7984734,7
tt7984766,7
tt8009428,7
tt0013442,9
tt0021814,9
tt0032138,9
tt0032455,9
tt0035423,9
tt0038650,9
tt0042332,9
tt0042546,9
tt0050976,9
tt0058331,9
tt0062803,9
tt0068361,9
tt0071615,9
tt0071853,9
tt0074486,9
tt0076759,9
tt0080684,9
tt0081633,9
tt0082186,9
tt0082198,9
tt0082348,9
tt0083767,9
tt0083791,9
tt0084503,9
tt0085407,9
tt0086190,9
tt0087078,9
tt0087332,9
tt0087363,9
tt0088161,9
tt0089469,9
tt0089853,9
tt0090142,9
tt0091203,9
tt0091369,9
tt0093191,9
tt0093629,9
tt0093777,9
tt0094332,9
tt0094721,9
tt0094737,9
tt0096061,9
tt0096764,9
tt0097351,9
tt0097428,9
tt0097814,9
tt0097981,9
tt0098084,9
tt0098382,9
tt0099487,9
tt0099653,9
tt0099700,9
tt0101272,9
tt0101414,9
tt0101452,9
tt0101765,9
tt0101889,9
tt0101917,9
tt1054606,9
tt1058017,9
tt1312221,9
tt1559547,9
tt2023587,9
tt2034800,9
tt2049403,9
tt5040012,9
tt7984734,9
tt0010323,12
tt0013442,12
tt0021814,12
tt0021884,12
tt0022913,12
tt0024216,12
tt0026138,12
tt0046911,12
tt0049366,12
tt0054215,12
tt0056687,12
tt0056869,12
tt0059646,12
tt0063350,12
tt0063522,12
tt0069995,12
tt0070047,12
tt0070917,12
tt0071222,12
tt0072271,12
tt0073195,12
tt0073629,12
tt0074285,12
tt0074486,12
tt0075005,12
tt0076786,12
tt0077402,12
tt0077651,12
tt0077745,12
tt0077766,12
tt0078748,12
tt0078935,12
tt0080749,12
tt0080761,12
tt0081455,12
tt0081505,12
tt0082010,12
tt0082418,12
tt0082495,12
tt0082933,12
tt0083767,12
tt0083907,12
tt0083972,12
tt0084516,12
tt0084787,12
tt0085333,12
tt0085382,12
tt0085636,12
tt0085750,12
tt0086541,12
tt0087050,12
tt0087298,12
tt0087363,12
tt0087800,12
tt0088993,12
tt0089175,12
tt0089686,12
tt0089885,12
tt0089907,12
tt0090605,12
tt0091064,12
tt0091080,12
tt0091419,12
tt0092563,12
tt0092610,12
tt0092991,12
tt0093177,12
tt0093300,12
tt0093437,12
tt0093629,12
tt0093773,12
tt0093777,12
tt0094332,12
tt0094862,12
tt0094964,12
tt0095271,12
tt0095294,12
tt0095444,12
tt0095742,12
tt0096256,12
tt0097474,12
tt0097981,12
tt0098084,12
tt0099052,12
tt0099253,12
tt0099582,12
tt0099700,12
tt0099871,12
tt0100403,12
tt0100814,12
tt0101917,12
tt1051906,12
tt10530176,12
tt10548174,12
tt1060277,12
tt10620868,12
tt10638522,12
tt1311067,12
tt1312221,12
tt1314655,12
tt1320244,12
tt1560220,12
tt2023587,12
tt2039338,12
tt2049403,12
tt2737304,12
tt32246771,12
tt3235888,12
tt3748172,12
tt5022702,12
tt5040012,12
tt5052448,12
tt5073642,12
tt5108870,12
tt5109784,12
tt5140878,12
tt7958736,12
tt7984734,12
tt8036976,12
tt0010323,15
tt0022100,15
tt0026029,15
tt0030341,15
tt0032976,15
tt0033467,15
tt0036342,15
tt0037008,15
tt0038109,15
tt0038787,15
tt0040746,15
tt0041959,15
tt0042876,15
tt0046912,15
tt0047396,15
tt0048728,15
tt0049470,15
tt0051201,15
tt0052357,15
tt0052561,15
tt0053125,15
tt0054215,15
tt0056058,15
tt0056869,15
tt0056923,15
tt0057565,15
tt0058329,15
tt0060176,15
tt0061811,15
tt0069281,15
tt0069293,15
tt0069995,15
tt0070355,15
tt0070723,15
tt0070917,15
tt0071222,15
tt0071315,15
tt0071360,15
tt0071877,15
tt0073802,15
tt0075005,15
tt0078788,15
tt0079945,15
tt0080661,15
tt0080761,15
tt0082085,15
tt0082418,15
tt0084787,15
tt0085636,15
tt0086837,15
tt0088930,15
tt0089155,15
tt0090756,15
tt0091209,15
tt0091474,15
tt0091605,15
tt0092563,15
tt0094963,15
tt0095174,15
tt0095647,15
tt0096163,15
tt0096734,15
tt0096754,15
tt0099871,15
tt0100404,15
tt0101393,15
tt0102511,15
tt1051906,15
tt10530176,15
tt1059786,15
tt1314655,15
tt1320244,15
tt1321511,15
tt15501640,15
tt15552142,15
tt2024469,15
tt2039338,15
tt2051879,15
tt2053463,15
tt2737304,15
tt27403986,15
tt32246771,15
tt3235888,15
tt3766354,15
tt5040012,15
tt5052448,15
tt5073642,15
tt5109784,15
tt5140878,15
tt7958736,15
tt0015324,17
tt0018455,17
tt0021749,17
tt0025316,17
tt0027977,17
tt0029843,17
tt0031381,17
tt0032599,17
tt0032904,17
tt0032976,17
tt0034583,17
tt0035423,17
tt0036868,17
tt0043265,17
tt0045152,17
tt0045793,17
tt0046250,17
tt0047437,17
tt0047673,17
tt0048728,17
tt0050986,17
tt0052357,17
tt0053291,17
tt0053604,17
tt0054698,17
tt0056193,17
tt0056923,17
tt0057413,17
tt0058385,17
tt0059113,17
tt0061395,17
tt0061722,17
tt0067185,17
tt0067328,17
tt0070849,17
tt0075686,17
tt0077405,17
tt0077631,17
tt0079522,17
tt0080453,17
tt0084434,17
tt0084707,17
tt0084805,17
tt0085549,17
tt0087277,17
tt0088128,17
tt0088161,17
tt0088172,17
tt0088794,17
tt0089469,17
tt0089755,17
tt0089853,17
tt0090060,17
tt0090142,17
tt0090305,17
tt0090329,17
tt0091790,17
tt0091867,17
tt0092890,17
tt0093191,17
tt0093565,17
tt0093693,17
tt0094812,17
tt0094889,17
tt0094898,17
tt0094947,17
tt0095765,17
tt0096463,17
tt0097778,17
tt0098258,17
tt0098384,17
tt0098621,17
tt0098635,17
tt0099487,17
tt0099653,17
tt0100050,17
tt0100405,17
tt0101862,17
tt1055292,17
tt1058017,17
tt10655524,17
tt1315981,17
tt1321510,17
tt1322312,17
tt13238346,17
tt1549572,17
tt1559547,17
tt1563738,17
tt1564367,17
tt20215968,17
tt2053425,17
tt27131358,17
tt2726560,17
tt27459160,17
tt3774694,17
tt5164432,17
tt0017136,18
tt0021884,18
tt0026138,18
tt0043456,18
tt0049223,18
tt0049366,18
tt0062622,18
tt0063442,18
tt0065462,18
tt0066434,18
tt0066921,18
tt0070723,18
tt0070909,18
tt0074812,18
tt0075860,18
tt0077745,18
tt0078346,18
tt0078748,18
tt0079501,18
tt0079574,18
tt0079944,18
tt0079945,18
tt0080745,18
tt0081455,18
tt0081573,18
tt0082340,18
tt0082694,18
tt0083530,18
tt0083658,18
tt0083866,18
tt0084726,18
tt0084787,18
tt0084827,18
tt0085636,18
tt0086541,18
tt0086567,18
tt0086837,18
tt0087182,18
tt0087544,18
tt0087803,18
tt0088170,18
tt0088172,18
tt0088247,18
tt0088763,18
tt0088846,18
tt0088933,18
tt0089530,18
tt0089885,18
tt0089907,18
tt0090305,18
tt0091064,18
tt0091949,18
tt0092007,18
tt0092610,18
tt0093870,18
tt0093894,18
tt0094012,18
tt0094074,18
tt0095444,18
tt0096256,18
tt0096874,18
tt0099088,18
tt0099365,18
tt0099582,18
tt0100403,18
tt0100502,18
tt0100802,18
tt1053424,18
tt10539608,18
tt10548174,18
tt1055369,18
tt1060277,18
tt1318514,18
tt1549572,18
tt15552142,18
tt1562871,18
tt1564585,18
tt2051879,18
tt2737304,18
tt3748528,18
tt3778644,18
tt5034838,18
tt5073642,18
tt5090568,18
tt8041270,18
tt0010323,20
tt0015648,20
tt0022100,20
tt0026029,20
tt0036613,20
tt0044706,20
tt0046268,20
tt0047296,20
tt0047396,20
tt0048424,20
tt0052357,20
tt0055630,20
tt0055928,20
tt0056218,20
tt0056687,20
tt0057076,20
tt0057115,20
tt0058150,20
tt0059646,20
tt0059800,20
tt0060176,20
tt0060827,20
tt0061811,20
tt0062229,20
tt0062512,20
tt0062765,20
tt0063350,20
tt0064757,20
tt0066434,20
tt0066995,20
tt0066999,20
tt0067800,20
tt0068473,20
tt0068611,20
tt0069281,20
tt0069947,20
tt0070034,20
tt0070328,20
tt0070379,20
tt0070917,20
tt0071222,20
tt0071315,20
tt0071360,20
tt0071807,20
tt0072308,20
tt0073802,20
tt0074119,20
tt0074156,20
tt0074483,20
tt0074811,20
tt0074860,20
tt0076752,20
tt0077402,20
tt0077651,20
tt0077766,20
tt0080120,20
tt0080749,20
tt0080761,20
tt0081455,20
tt0082398,20
tt0082418,20
tt0083944,20
tt0083972,20
tt0084516,20
tt0085333,20
tt0085382,20
tt0085407,20
tt0085750,20
tt0086006,20
tt0086034,20
tt0086383,20
tt0086979,20
tt0087050,20
tt0087298,20
tt0087985,20
tt0088846,20
tt0088944,20
tt0088993,20
tt0089880,20
tt0090264,20
tt0090859,20
tt0091080,20
tt0091209,20
tt0091251,20
tt0091474,20
tt0091605,20
tt0092563,20
tt0093010,20
tt0093177,20
tt0093300,20
tt0093409,20
tt0093428,20
tt0093894,20
tt0094226,20
tt0094862,20
tt0094964,20
tt0095016,20
tt0095271,20
tt0095294,20
tt0095956,20
tt0096163,20
tt0096734,20
tt0097474,20
tt0097659,20
tt0097733,20
tt0097742,20
tt0098084,20
tt0098206,20
tt0099052,20
tt0099253,20
tt0099365,20
tt0099423,20
tt0099810,20
tt0100150,20
tt0100157,20
tt0100404,20
tt0100935,20
tt0101410,20
tt0101540,20
tt0102138,20
tt0102685,20
tt1053424,20
tt10548174,20
tt1059786,20
tt1063669,20
tt10638522,20
tt1308729,20
tt1313092,20
tt1314655,20
tt1315981,20
tt1320244,20
tt1320253,20
tt1323045,20
tt1549920,20
tt1555149,20
tt1562871,20
tt1564585,20
tt20215234,20
tt2023587,20
tt2024469,20
tt2039393,20
tt2717822,20
tt3235888,20
tt32376165,20
tt32430579,20
tt3748172,20
tt3758814,20
tt5022702,20
tt5034838,20
tt5052448,20
tt5140878,20
tt5164214,20
tt5186714,20
tt7939766,20
tt7958736,20
tt7959026,20
tt7991608,20
tt8036976,20
tt0029583,2
tt0032455,2
tt0032910,2
tt0033563,2
tt0034492,2
tt0042332,2
tt0043274,2
tt0046183,2
tt0048280,2
tt0053285,2
tt0055254,2
tt0057546,2
tt0061852,2
tt0065421,2
tt0070608,2
tt0076618,2
tt0082406,2
tt0087544,2
tt0090633,2
tt0091149,2
tt0092067,2
tt0094625,2
tt0095327,2
tt0095489,2
tt0095776,2
tt0096283,2
tt0096438,2
tt0096787,2
tt0097757,2
tt0097814,2
tt0100477,2
tt0101414,2
tt1049413,2
tt13186482,2
tt1323594,2
tt2013293,2
tt2017020,2
tt5104604,2
tt5109280,2
tt5113040,2
tt5113044,2
tt5117670,2
tt7979580,2
tt0019254,3
tt0054331,3
tt0056172,3
tt0059742,3
tt0060107,3
tt0061418,3
tt0064115,3
tt0066206,3
tt0068182,3
tt0070511,3
tt0070666,3
tt0072443,3
tt0072890,3
tt0074896,3
tt0077928,3
tt0079116,3
tt0080678,3
tt0081398,3
tt0082158,3
tt0083987,3
tt0086197,3
tt0086879,3
tt0087553,3
tt0089755,3
tt0092675,3
tt0093105,3
tt0093389,3
tt0096969,3
tt0097441,3
tt0097937,3
tt0099077,3
tt0099685,3
tt0101761,3
tt1057500,3
tt10618286,3
tt1313104,3
tt2013293,3
tt2024544,3
tt2719848,3
tt3224458,3
tt3758172,3
tt3758542,3
tt3774114,3
tt5074352,3
tt5083738,3
tt5093026,3
tt5116302,3
tt7984766,3
tt1313104,6
tt0012349,8
tt0029583,8
tt0032138,8
tt0032455,8
tt0038650,8
tt0039628,8
tt0042332,8
tt0046183,8
tt0049833,8
tt0053285,8
tt0058331,8
tt0059742,8
tt0062803,8
tt0067093,8
tt0067992,8
tt0083564,8
tt0083791,8
tt0083866,8
tt0085334,8
tt0087538,8
tt0088323,8
tt0089218,8
tt0089791,8
tt0091059,8
tt0091149,8
tt0091326,8
tt0091369,8
tt0091949,8
tt0092067,8
tt0093779,8
tt0094137,8
tt0097351,8
tt0097523,8
tt0097647,8
tt0097757,8
tt0097814,8
tt0099785,8
tt0100050,8
tt0100944,8
tt0101414,8
tt0101862,8
tt0102057,8
tt0102492,8
tt0102803,8
tt1051904,8
tt1320261,8
tt3224458,8
tt5028340,8
tt0033870,10
tt0036342,10
tt0036775,10
tt0037008,10
tt0038109,10
tt0038355,10
tt0038787,10
tt0041959,10
tt0043014,10
tt0044079,10
tt0049406,10
tt0052311,10
tt0015648,11
tt0019254,11
tt0055031,11
tt0056197,11
tt0060107,11
tt0074119,11
tt0074896,11
tt0075784,11
tt0082517,11
tt0083987,11
tt0087553,11
tt0091530,11
tt0093389,11
tt0097441,11
tt0102138,11
tt1057500,11
tt15574124,11
tt2024544,11
tt2025690,11
tt3758542,11
tt5013056,11
tt7984766,11
tt0053291,13
tt0063462,13
tt0068327,13
tt0076666,13
tt0084503,13
tt0085549,13
tt0086879,13
tt0087277,13
tt0088258,13
tt0088286,13
tt0092890,13
tt0096928,13
tt0101761,13
tt0101765,13
tt10514222,13
tt2042568,13
tt0023969,14
tt0045152,14
tt0047673,14
tt0055614,14
tt0058182,14
tt0058385,14
tt0067093,14
tt0068327,14
tt0073629,14
tt0077631,14
tt0082517,14
tt0085959,14
tt0091419,14
tt0099329,14
tt1321510,14
tt1562872,14
tt20221436,14
tt0054997,19
tt0075148,19
tt0079817,19
tt0080487,19
tt0081398,19
tt0082158,19
tt0084602,19
tt0087781,19
tt0089927,19
tt0090863,19
tt0091217,19
tt0091326,19
tt0093692,19
tt0094812,19
tt0095250,19
tt0097659,19
tt0097815,19
tt0099371,19
tt0100507,19
tt8009428,19
tt0020629,21
tt0031381,21
tt0032553,21
tt0034583,21
tt0036868,21
tt0045793,21
tt0046359,21
tt0050212,21
tt0050825,21
tt0055031,21
tt0057012,21
tt0058946,21
tt0059113,21
tt0061578,21
tt0065207,21
tt0065938,21
tt0066026,21
tt0066206,21
tt0072684,21
tt0073341,21
tt0075784,21
tt0077416,21
tt0078788,21
tt0082096,21
tt0083131,21
tt0089881,21
tt0091187,21
tt0091251,21
tt0091763,21
tt0092965,21
tt0093058,21
tt0095327,21
tt0096969,21
tt10554232,21
tt2713180,21
tt5177120,21
tt0031971,22
tt0040897,22
tt0044706,22
tt0049730,22
tt0053221,22
tt0056217,22
tt0058461,22
tt0059578,22
tt0060196,22
tt0064116,22
tt0065126,22
tt0068699,22
tt0071230,22
tt0075029,22
tt0089767,22
tt0090022,22
tt0092086,22
tt0096487,22
tt0099348,22
tt0101587,22
tt0316654,0
tt0317648,0
tt0317705,0
tt0317740,0
tt0317919,0
tt0318627,0
tt0318649,0
tt0319262,0
tt0320661,0
tt0320691,0
tt0322259,0
tt0322802,0
tt0325703,0
tt0325710,0
tt0325980,0
tt0327437,0
tt0327554,0
tt0327850,0
tt0328107,0
tt0329774,0
tt0330793,0
tt0332452,0
tt0337921,0
tt0337978,0
tt0338337,0
tt0338459,0
tt0338526,0
tt0340163,0
tt0342258,0
tt0343818,0
tt0346156,0
tt0346491,0
tt0348150,0
tt0349683,0
tt0349710,0
tt0351977,0
tt0355295,0
tt0356910,0
tt0357277,0
tt0359013,0
tt0360486,0
tt0360717,0
tt0362270,0
tt0363226,0
tt0363547,0
tt0364569,0
tt0364970,0
tt0365686,0
tt0365907,0
tt0367479,0
tt0367882,0
tt0368891,0
tt0368909,0
tt0369339,0
tt0369610,0
tt0370032,0
tt0370263,0
tt0371746,0
tt0372183,0
tt0372588,0
tt0372784,0
tt0373051,0
tt0373074,0
tt0373889,0
tt0375154,0
tt0376994,0
tt0377062,0
tt0377818,0
tt0378109,0
tt0378194,0
tt0379786,0
tt0381061,0
tt0381849,0
tt0382992,0
tt0383574,0
tt0385004,0
tt0385307,0
tt0385700,0
tt0386140,0
tt0388482,0
tt0390022,0
tt0395699,0
tt0398712,0
tt0399146,0
tt0399201,0
tt0401729,0
tt0401855,0
tt0402022,0
tt0402910,0
tt0403358,0
tt0404390,0
tt0405325,0
tt0406375,0
tt0407304,0
tt0409182,0
tt0409459,0
tt0409847,0
tt0411477,0
tt0413300,0
tt0414852,0
tt0416044,0
tt0416236,0
tt0416449,0
tt0417148,0
tt0417741,0
tt0418279,0
tt1172570,0
tt1179034,0
tt1181791,0
tt14107334,0
tt1411250,0
tt14123284,0
tt1413492,0
tt1416801,0
tt1418377,0
tt14205554,0
tt1424381,0
tt17024450,0
tt1706620,0
tt1712261,0
tt1727776,0
tt17279496,0
tt2283336,0
tt2283362,0
tt2294449,0
tt2302755,0
tt2304933,0
tt2312718,0
tt23137904,0
tt2908446,0
tt2911666,0
tt3450958,0
tt3949660,0
tt6246322,0
tt6259380,0
tt6263850,0
tt6264654,0
tt6277462,0
tt6306064,0
tt6320628,0
tt6334354,0
tt6343314,0
tt6402468,0
tt6443346,0
tt8912936,0
tt8936646,0
tt9032400,0
tt0316654,1
tt0317219,1
tt0317648,1
tt0317705,1
tt0317919,1
tt0318462,1
tt0318649,1
tt0319061,1
tt0319262,1
tt0319343,1
tt0320661,1
tt0325703,1
tt0325980,1
tt0327084,1
tt0327437,1
tt0327850,1
tt0328880,1
tt0329774,1
tt0330373,1
tt0331632,1
tt0332452,1
tt0338348,1
tt0338459,1
tt0338526,1
tt0339291,1
tt0345950,1
tt0346156,1
tt0347149,1
tt0347618,1
tt0348150,1
tt0349683,1
tt0351283,1
tt0355295,1
tt0356634,1
tt0357277,1
tt0358082,1
tt0359950,1
tt0360717,1
tt0361748,1
tt0362270,1
tt0363771,1
tt0364751,1
tt0364970,1
tt0365830,1
tt0366548,1
tt0366551,1
tt0367594,1
tt0367882,1
tt0367959,1
tt0368891,1
tt0369610,1
tt0370263,1
tt0371606,1
tt0371724,1
tt0371746,1
tt0373051,1
tt0373889,1
tt0374102,1
tt0376994,1
tt0377062,1
tt0377818,1
tt0377981,1
tt0378109,1
tt0379786,1
tt0381061,1
tt0382932,1
tt0382992,1
tt0383216,1
tt0383574,1
tt0384116,1
tt0385004,1
tt0385700,1
tt0385752,1
tt0386117,1
tt0386140,1
tt0387808,1
tt0388473,1
tt0389790,1
tt0396555,1
tt0397313,1
tt0397892,1
tt0398286,1
tt0400497,1
tt0400717,1
tt0401729,1
tt0402022,1
tt0402894,1
tt0406375,1
tt0406816,1
tt0407304,1
tt0409182,1
tt0411477,1
tt0413267,1
tt0413300,1
tt0416236,1
tt0417148,1
tt0417741,1
tt0418279,1
tt1170358,1
tt14107334,1
tt1411250,1
tt14205554,1
tt1424381,1
tt1690953,1
tt1691917,1
tt1700841,1
tt2277860,1
tt2279373,1
tt2283336,1
tt2283362,1
tt2293640,1
tt2294629,1
tt2304933,1
tt2305051,1
tt2310332,1
tt23137904,1
tt2908446,1
tt2935510,1
tt3420504,1
tt3450958,1
tt3949660,1
tt6263850,1
tt6264654,1
tt6277462,1
tt6306064,1
tt6320628,1
tt6334354,1
tt6443346,1
tt8912936,1
tt9032400,1
tt0317198,4
tt0317219,4
tt0317303,4
tt0318649,4
tt0319343,4
tt0322330,4
tt0322802,4
tt0325805,4
tt0327084,4
tt0327137,4
tt0327162,4
tt0327247,4
tt0327437,4
tt0327679,4
tt0327850,4
tt0328589,4
tt0328828,4
tt0328880,4
tt0331632,4
tt0331811,4
tt0332375,4
tt0332379,4
tt0333766,4
tt0333780,4
tt0335245,4
tt0335266,4
tt0335438,4
tt0337563,4
tt0337741,4
tt0338094,4
tt0338459,4
tt0338466,4
tt0339291,4
tt0340377,4
tt0343135,4
tt0343660,4
tt0345950,4
tt0347304,4
tt0347618,4
tt0348333,4
tt0349205,4
tt0351283,4
tt0354899,4
tt0355295,4
tt0356150,4
tt0356470,4
tt0356634,4
tt0356680,4
tt0356721,4
tt0356910,4
tt0357413,4
tt0358082,4
tt0358135,4
tt0359950,4
tt0360201,4
tt0362120,4
tt0362165,4
tt0362227,4
tt0362270,4
tt0363226,4
tt0364517,4
tt0364725,4
tt0364751,4
tt0365748,4
tt0365830,4
tt0366548,4
tt0366551,4
tt0367089,4
tt0367479,4
tt0367594,4
tt0367652,4
tt0368709,4
tt0368933,4
tt0369436,4
tt0369441,4
tt0369735,4
tt0371246,4
tt0371606,4
tt0371724,4
tt0372532,4
tt0372588,4
tt0373074,4
tt0373469,4
tt0374536,4
tt0374887,4
tt0374900,4
tt0375063,4
tt0375173,4
tt0376136,4
tt0377092,4
tt0377471,4
tt0377818,4
tt0377981,4
tt0379217,4
tt0381707,4
tt0382932,4
tt0383216,4
tt0384116,4
tt0384680,4
tt0384793,4
tt0385267,4
tt0385307,4
tt0385880,4
tt0386588,4
tt0387575,4
tt0387808,4
tt0388125,4
tt0388419,4
tt0388473,4
tt0389790,4
tt0389860,4
tt0391304,4
tt0395699,4
tt0396269,4
tt0396555,4
tt0396752,4
tt0397078,4
tt0397892,4
tt0398165,4
tt0398286,4
tt0398375,4
tt0400497,4
tt0400717,4
tt0401445,4
tt0401711,4
tt0402894,4
tt0403508,4
tt0403702,4
tt0404030,4
tt0405296,4
tt0405325,4
tt0405422,4
tt0405508,4
tt0406375,4
tt0408839,4
tt0412019,4
tt0413099,4
tt0413267,4
tt0415306,4
tt0418455,4
tt1172049,4
tt1175491,4
tt1176740,4
tt1178663,4
tt11813216,4
tt1182937,4
tt14107554,4
tt14109724,4
tt1411238,4
tt1411697,4
tt1412386,4
tt1414382,4
tt14209916,4
tt14230388,4
tt14230458,4
tt14257582,4
tt1690953,4
tt1691917,4
tt1692486,4
tt1695843,4
tt1700841,4
tt1704573,4
tt1711425,4
tt1711525,4
tt1714915,4
tt1716772,4
tt1723121,4
tt1727388,4
tt1727770,4
tt1727776,4
tt2277860,4
tt2278388,4
tt2279373,4
tt2283336,4
tt2283362,4
tt2283748,4
tt2293640,4
tt2294449,4
tt2294629,4
tt2910904,4
tt2937696,4
tt3960412,4
tt6263850,4
tt6264654,4
tt6266538,4
tt6320628,4
tt6334354,4
tt6359956,4
tt6412452,4
tt8946378,4
tt9052870,4
tt0317248,5
tt0317740,5
tt0322259,5
tt0324133,5
tt0325805,5
tt0327056,5
tt0327247,5
tt0327554,5
tt0328107,5
tt0329774,5
tt0330793,5
tt0331811,5
tt0335245,5
tt0335438,5
tt0337921,5
tt0338564,5
tt0340163,5
tt0340855,5
tt0342258,5
tt0349903,5
tt0351977,5
tt0353969,5
tt0356910,5
tt0357277,5
tt0362225,5
tt0363226,5
tt0363589,5
tt0364045,5
tt0365686,5
tt0365907,5
tt0367479,5
tt0367959,5
tt0368909,5
tt0369339,5
tt0369441,5
tt0372784,5
tt0373469,5
tt0373926,5
tt0375679,5
tt0375912,5
tt0377471,5
tt0378109,5
tt0378194,5
tt0379725,5
tt0381707,5
tt0381849,5
tt0383216,5
tt0385002,5
tt0385307,5
tt0385887,5
tt0387877,5
tt0393109,5
tt0395584,5
tt0396171,5
tt0398017,5
tt0398165,5
tt0398712,5
tt0399146,5
tt0399295,5
tt0401792,5
tt0401997,5
tt0402910,5
tt0404390,5
tt0405296,5
tt0405508,5
tt0407887,5
tt0408345,5
tt0411061,5
tt0414852,5
tt0417148,5
tt0417217,5
tt0418455,5
tt1172570,5
tt11755740,5
tt1175709,5
tt1179034,5
tt1179056,5
tt14114802,5
tt14123284,5
tt14138650,5
tt1416801,5
tt14209916,5
tt14257582,5
tt17009710,5
tt17024450,5
tt1704573,5
tt1706593,5
tt1712261,5
tt1723121,5
tt1726669,5
tt2294449,5
tt2312718,5
tt2911666,5
tt2937898,5
tt3460252,5
tt6246322,5
tt6259380,5
tt8936646,5
tt8946378,5
tt0317198,7
tt0317248,7
tt0318462,7
tt0319061,7
tt0320661,7
tt0324133,7
tt0324554,7
tt0325710,7
tt0325805,7
tt0327056,7
tt0327137,7
tt0327597,7
tt0328107,7
tt0328538,7
tt0328589,7
tt0329575,7
tt0330793,7
tt0331811,7
tt0332280,7
tt0332375,7
tt0332452,7
tt0333766,7
tt0335119,7
tt0335266,7
tt0335345,7
tt0337741,7
tt0338013,7
tt0338564,7
tt0338751,7
tt0340163,7
tt0340377,7
tt0340855,7
tt0343660,7
tt0343737,7
tt0344510,7
tt0346491,7
tt0347048,7
tt0347304,7
tt0349683,7
tt0349710,7
tt0349825,7
tt0350258,7
tt0352248,7
tt0353969,7
tt0354899,7
tt0355702,7
tt0356618,7
tt0356680,7
tt0358135,7
tt0358273,7
tt0359950,7
tt0361596,7
tt0361748,7
tt0361862,7
tt0362225,7
tt0362227,7
tt0362269,7
tt0362478,7
tt0363163,7
tt0363589,7
tt0363988,7
tt0364517,7
tt0364569,7
tt0365376,7
tt0365686,7
tt0365737,7
tt0365907,7
tt0366627,7
tt0367089,7
tt0367110,7
tt0367959,7
tt0368008,7
tt0368226,7
tt0368447,7
tt0368709,7
tt0368794,7
tt0369339,7
tt0369436,7
tt0369702,7
tt0370986,7
tt0371246,7
tt0371257,7
tt0372784,7
tt0372824,7
tt0374102,7
tt0374546,7
tt0374887,7
tt0375063,7
tt0375154,7
tt0375173,7
tt0375210,7
tt0375679,7
tt0375912,7
tt0376136,7
tt0376541,7
tt0377062,7
tt0379217,7
tt0379725,7
tt0380389,7
tt0380510,7
tt0381681,7
tt0381849,7
tt0382628,7
tt0383028,7
tt0384680,7
tt0385002,7
tt0385004,7
tt0385267,7
tt0385726,7
tt0385887,7
tt0386032,7
tt0386117,7
tt0386140,7
tt0387131,7
tt0387877,7
tt0387898,7
tt0388125,7
tt0388795,7
tt0389557,7
tt0389860,7
tt0390022,7
tt0390384,7
tt0391304,7
tt0393109,7
tt0393162,7
tt0395169,7
tt0395584,7
tt0395699,7
tt0396171,7
tt0397101,7
tt0397313,7
tt0397535,7
tt0398017,7
tt0398375,7
tt0398712,7
tt0398808,7
tt0399146,7
tt0399295,7
tt0401383,7
tt0401445,7
tt0401711,7
tt0401997,7
tt0402399,7
tt0402894,7
tt0402910,7
tt0403508,7
tt0403702,7
tt0404030,7
tt0404032,7
tt0404203,7
tt0404390,7
tt0405094,7
tt0405159,7
tt0405508,7
tt0406816,7
tt0407887,7
tt0408236,7
tt0408306,7
tt0408790,7
tt0409459,7
tt0409847,7
tt0410297,7
tt0411061,7
tt0412019,7
tt0412080,7
tt0414055,7
tt0414387,7
tt0414993,7
tt0416044,7
tt0416236,7
tt0416320,7
tt0416449,7
tt0416508,7
tt0417217,7
tt0418455,7
tt1172049,7
tt1172233,7
tt1172570,7
tt1172991,7
tt1174732,7
tt1175491,7
tt11755740,7
tt1175709,7
tt1176740,7
tt1179056,7
tt1179933,7
tt11813216,7
tt1181791,7
tt1182345,7
tt1182937,7
tt14107554,7
tt14109724,7
tt14114802,7
tt14123284,7
tt1412386,7
tt1413492,7
tt14208870,7
tt14230388,7
tt14230458,7
tt14253846,7
tt1691916,7
tt1692486,7
tt1695843,7
tt17009710,7
tt1702439,7
tt1706593,7
tt1707386,7
tt1712261,7
tt1714206,7
tt1714915,7
tt1723811,7
tt1726592,7
tt1726669,7
tt1727388,7
tt1727824,7
tt2278388,7
tt2278871,7
tt2283748,7
tt2305051,7
tt23137904,7
tt2316411,7
tt2910814,7
tt2910904,7
tt2935476,7
tt2935510,7
tt2937898,7
tt3420504,7
tt3450958,7
tt3460252,7
tt3464902,7
tt3960412,7
tt6259380,7
tt6265828,7
tt6266538,7
tt6292852,7
tt6294822,7
tt6343314,7
tt6394270,7
tt6398184,7
tt6402468,7
tt6412452,7
tt8946378,7
tt8999762,7
tt9052870,7
tt9071322,7
tt9100054,7
tt0324133,15
tt0324554,15
tt0327056,15
tt0338337,15
tt0338564,15
tt0343818,15
tt0344510,15
tt0346156,15
tt0348836,15
tt0353969,15
tt0356618,15
tt0362225,15
tt0362478,15
tt0363988,15
tt0364045,15
tt0364569,15
tt0364751,15
tt0365376,15
tt0366627,15
tt0368008,15
tt0368447,15
tt0368891,15
tt0371257,15
tt0372183,15
tt0373469,15
tt0373926,15
tt0375210,15
tt0377109,15
tt0382077,15
tt0382625,15
tt0382628,15
tt0384537,15
tt0385887,15
tt0387131,15
tt0387564,15
tt0387877,15
tt0387898,15
tt0391198,15
tt0393109,15
tt0397101,15
tt0405094,15
tt0406759,15
tt0408790,15
tt0409459,15
tt0411061,15
tt0412019,15
tt0414993,15
tt1172994,15
tt1175709,15
tt1179891,15
tt1179904,15
tt1182345,15
tt14114802,15
tt14138650,15
tt14253846,15
tt1691916,15
tt17009710,15
tt1703199,15
tt1706593,15
tt1726592,15
tt22898462,15
tt2316411,15
tt2910814,15
tt29268110,15
tt2932536,15
tt2935510,15
tt3427252,15
tt3460252,15
tt6265828,15
tt6292852,15
tt0317198,17
tt0324554,17
tt0328589,17
tt0332280,17
tt0333766,17
tt0335119,17
tt0337563,17
tt0337741,17
tt0338013,17
tt0343135,17
tt0343660,17
tt0344510,17
tt0347048,17
tt0352248,17
tt0356470,17
tt0356680,17
tt0360201,17
tt0360717,17
tt0362227,17
tt0362269,17
tt0364517,17
tt0368709,17
tt0368933,17
tt0369436,17
tt0369735,17
tt0371246,17
tt0372532,17
tt0374536,17
tt0374546,17
tt0375063,17
tt0375154,17
tt0375173,17
tt0376136,17
tt0376541,17
tt0380389,17
tt0381681,17
tt0385267,17
tt0386588,17
tt0387131,17
tt0388125,17
tt0388795,17
tt0391304,17
tt0396269,17
tt0397078,17
tt0397535,17
tt0398375,17
tt0401445,17
tt0401711,17
tt0403508,17
tt0403702,17
tt0404203,17
tt0405422,17
tt0408839,17
tt0410297,17
tt0414387,17
tt0414993,17
tt0416320,17
tt0416508,17
tt1176740,17
tt1178663,17
tt14109724,17
tt1411238,17
tt1412386,17
tt1414382,17
tt14230388,17
tt14230458,17
tt1702439,17
tt1707386,17
tt1714206,17
tt2278871,17
tt2908446,17
tt2935476,17
tt3464902,17
tt6398184,17
tt9052870,17
tt0317740,20
tt0317919,20
tt0320691,20
tt0322259,20
tt0327247,20
tt0335245,20
tt0337921,20
tt0337978,20
tt0342258,20
tt0343737,20
tt0348836,20
tt0349710,20
tt0349903,20
tt0361862,20
tt0362478,20
tt0363589,20
tt0363988,20
tt0364045,20
tt0365737,20
tt0368447,20
tt0368909,20
tt0371257,20
tt0372183,20
tt0373926,20
tt0375679,20
tt0375912,20
tt0378194,20
tt0380510,20
tt0381061,20
tt0382625,20
tt0387564,20
tt0387575,20
tt0387898,20
tt0388482,20
tt0389557,20
tt0389722,20
tt0390384,20
tt0391198,20
tt0397065,20
tt0398017,20
tt0399201,20
tt0401792,20
tt0401855,20
tt0404032,20
tt0405094,20
tt0407887,20
tt0408306,20
tt0408345,20
tt0408790,20
tt0409182,20
tt0414982,20
tt0416315,20
tt0416320,20
tt1179034,20
tt1179891,20
tt14209916,20
tt14257582,20
tt1702439,20
tt17024450,20
tt1706620,20
tt1726592,20
tt1726669,20
tt17279496,20
tt22898462,20
tt2302755,20
tt2312718,20
tt23137390,20
tt2316204,20
tt2316411,20
tt2911666,20
tt29268110,20
tt2932536,20
tt2937898,20
tt3427252,20
tt8936646,20
tt0317219,2
tt0317705,2
tt0327084,2
tt0327597,2
tt0328880,2
tt0338348,2
tt0345950,2
tt0347149,2
tt0347618,2
tt0351283,2
tt0358082,2
tt0366548,2
tt0371606,2
tt0377981,2
tt0382932,2
tt0385700,2
tt0385880,2
tt0388473,2
tt0389790,2
tt0396555,2
tt0397892,2
tt0398286,2
tt0400717,2
tt0405296,2
tt0413267,2
tt14205554,2
tt1690953,2
tt1691917,2
tt1700841,2
tt2277860,2
tt2279373,2
tt2293640,2
tt2294629,2
tt3949660,2
tt8912936,2
tt0317648,3
tt0318462,3
tt0335119,3
tt0338751,3
tt0340855,3
tt0346491,3
tt0349825,3
tt0350258,3
tt0352248,3
tt0355702,3
tt0358273,3
tt0362269,3
tt0363163,3
tt0368794,3
tt0369702,3
tt0379725,3
tt0385726,3
tt0393162,3
tt0395169,3
tt0401383,3
tt0401997,3
tt0402399,3
tt0412080,3
tt0414055,3
tt0416044,3
tt0416508,3
tt1175491,3
tt1416801,3
tt1424432,3
tt1704573,3
tt1727824,3
tt2305051,3
tt6266538,3
tt6294822,3
tt6306064,3
tt6394270,3
tt9071322,3
tt0322802,6
tt0361596,6
tt0386032,6
tt0390521,6
tt1424432,6
tt1702443,6
tt6333060,6
tt0317303,8
tt0319343,8
tt0322330,8
tt0327137,8
tt0327597,8
tt0327679,8
tt0330373,8
tt0331632,8
tt0338094,8
tt0338348,8
tt0339291,8
tt0347149,8
tt0349205,8
tt0356470,8
tt0356634,8
tt0362165,8
tt0363771,8
tt0367594,8
tt0368933,8
tt0373051,8
tt0373889,8
tt0385752,8
tt0385880,8
tt0386117,8
tt0388419,8
tt0396752,8
tt0397313,8
tt0398808,8
tt0400497,8
tt0405325,8
tt0413099,8
tt0417741,8
tt1695843,8
tt0319061,9
tt0320691,9
tt0322330,9
tt0325703,9
tt0325980,9
tt0327554,9
tt0327679,9
tt0330373,9
tt0337563,9
tt0338094,9
tt0338526,9
tt0354899,9
tt0360486,9
tt0362165,9
tt0363771,9
tt0366627,9
tt0373074,9
tt0374536,9
tt0380510,9
tt0383574,9
tt0385752,9
tt0389860,9
tt0396171,9
tt0396752,9
tt0397078,9
tt0398808,9
tt0401855,9
tt0403358,9
tt0410297,9
tt0411477,9
tt0413099,9
tt1170358,9
tt1418377,9
tt1691916,9
tt1703199,9
tt1714915,9
tt2283748,9
tt2310332,9
tt6265828,9
tt6277462,9
tt6443346,9
tt9032400,9
tt0329575,11
tt0343737,11
tt0349825,11
tt0363163,11
tt0395169,11
tt0402399,11
tt0408306,11
tt0414055,11
tt1181791,11
tt1413492,11
tt6294822,11
tt9071322,11
tt0318627,12
tt0324216,12
tt0327162,12
tt0329101,12
tt0338095,12
tt0348836,12
tt0359013,12
tt0360486,12
tt0363547,12
tt0364385,12
tt0365376,12
tt0365748,12
tt0370263,12
tt0373883,12
tt0374102,12
tt0375210,12
tt0377109,12
tt0382077,12
tt0382628,12
tt0384537,12
tt0384806,12
tt0387564,12
tt0387575,12
tt0389722,12
tt0391198,12
tt0395584,12
tt0397065,12
tt0397101,12
tt0403358,12
tt0404032,12
tt0406759,12
tt0408236,12
tt0414982,12
tt0416315,12
tt1172994,12
tt11755740,12
tt1179056,12
tt1179891,12
tt1179904,12
tt1179933,12
tt14138650,12
tt14253846,12
tt1703199,12
tt1727776,12
tt22898462,12
tt23137390,12
tt2316204,12
tt29268110,12
tt2932536,12
tt3427252,12
tt6246322,12
tt6402468,12
tt0332379,13
tt0350258,13
tt0358135,13
tt0358273,13
tt0365830,13
tt0368794,13
tt0372824,13
tt0377471,13
tt0379217,13
tt1182937,13
tt1702443,13
tt1727824,13
tt3960412,13
tt0347304,14
tt0367110,14
tt0408236,14
tt1707386,14
tt6412452,14
tt0316654,18
tt0318627,18
tt0319262,18
tt0327162,18
tt0338013,18
tt0338337,18
tt0343818,18
tt0348150,18
tt0356618,18
tt0359013,18
tt0364970,18
tt0368008,18
tt0369610,18
tt0370032,18
tt0371724,18
tt0371746,18
tt0376994,18
tt0379786,18
tt0382992,18
tt0384116,18
tt0387808,18
tt0390384,18
tt0399201,18
tt0401729,18
tt0402022,18
tt0407304,18
tt0409847,18
tt0413300,18
tt0414852,18
tt0418279,18
tt1179933,18
tt1182345,18
tt14107334,18
tt1411250,18
tt1418377,18
tt1424381,18
tt1706620,18
tt1727770,18
tt2304933,18
tt2316204,18
tt2910814,18
tt3420504,18
tt3464902,18
tt6292852,18
tt0329575,19
tt0355702,19
tt0360201,19
tt0364725,19
tt0380389,19
tt0385002,19
tt0385726,19
tt0390022,19
tt0393162,19
tt0398165,19
tt0405159,19
tt0412080,19
tt0415306,19
tt0417217,19
tt1172233,19
tt1424432,19
tt6333060,19
tt6343314,19
tt0361596,21
tt0361748,21
tt0389557,21
tt17279496,21
tt1084950,7
tt10855768,7
tt10886166,7
tt1091191,7
tt1091722,7
tt1093370,7
tt10944760,7
tt1095217,7
tt10954652,7
tt1099212,7
tt1117385,7
tt1120985,7
tt11214558,7
tt11214590,7
tt11233960,7
tt1124035,7
tt1124037,7
tt11252248,7
tt1125849,7
tt1126590,7
tt1126591,7
tt1126618,7
tt11271038,7
tt11286314,7
tt11301886,7
tt1130884,7
tt11315808,7
tt1131729,7
tt1132620,7
tt1379182,7
tt13818368,7
tt13833688,7
tt13841850,7
tt1385826,7
tt1386932,7
tt1389072,7
tt1389137,7
tt1392214,7
tt13927994,7
tt16277242,7
tt16311594,7
tt1637706,7
tt16419074,7
tt16426418,7
tt16428256,7
tt1645080,7
tt21626284,7
tt2170299,7
tt2170593,7
tt2172934,7
tt2176013,7
tt2177771,7
tt2178470,7
tt2179116,7
tt2179136,7
tt2180339,7
tt2180411,7
tt21823606,7
tt21867434,7
tt28607951,7
tt3890160,7
tt3892172,7
tt6048922,7
tt6053438,7
tt6105098,7
tt6111574,7
tt6146586,7
tt6148156,7
tt6155172,7
tt6212478,7
tt6214928,7
tt6217306,7
tt9114286,7
tt9115530,7
tt9198364,7
tt9214832,7
tt9218128,7
tt9243804,7
tt9243946,7
tt9263550,7
tt10838180,0
tt10872600,0
tt10888594,0
tt1091191,0
tt1093357,0
tt10954600,0
tt1098327,0
tt1117385,0
tt1121096,0
tt11214558,0
tt1121931,0
tt1124037,0
tt11291274,0
tt1129442,0
tt11301886,0
tt13818368,0
tt1385867,0
tt1386588,0
tt1386697,0
tt1386703,0
tt1386932,0
tt1390411,0
tt1392170,0
tt1392190,0
tt13927994,0
tt1628841,0
tt1630029,0
tt16311594,0
tt1631867,0
tt1634106,0
tt1634122,0
tt16366836,0
tt1637688,0
tt1638355,0
tt1640459,0
tt16431870,0
tt21692408,0
tt2172934,0
tt2179136,0
tt2854926,0
tt3332064,0
tt3890160,0
tt3896198,0
tt6133466,0
tt6146586,0
tt6148156,0
tt6189022,0
tt9114286,0
tt9150192,0
tt9179430,0
tt9214772,0
tt9218128,0
tt9224104,0
tt9288046,0
tt1083452,1
tt1086064,1
tt10872600,1
tt1092026,1
tt1093357,1
tt10954600,1
tt1098327,1
tt1121096,1
tt11304740,1
tt1386697,1
tt1386703,1
tt1390411,1
tt1392170,1
tt1392190,1
tt16277242,1
tt1628841,1
tt1630029,1
tt1631867,1
tt1634106,1
tt1634122,1
tt1638355,1
tt1640459,1
tt16428256,1
tt21692408,1
tt2179116,1
tt2180411,1
tt2850386,1
tt3332064,1
tt3892172,1
tt3896198,1
tt6105098,1
tt6139732,1
tt6166392,1
tt6208148,1
tt9114286,1
tt9203694,1
tt9218128,1
tt9224104,1
tt9243804,1
tt9288046,1
tt11304740,2
tt1630029,2
tt16428256,2
tt21692408,2
tt2850386,2
tt6105098,2
tt9288046,2
tt1083452,3
tt1091191,3
tt11214558,3
tt11214590,3
tt1124037,3
tt1126590,3
tt1130080,3
tt1386932,3
tt1390411,3
tt16277242,3
tt2177771,3
tt2179136,3
tt21867434,3
tt2837574,3
tt6212478,3
tt9115530,3
tt9263550,3
tt1083452,4
tt1086064,4
tt1086772,4
tt1091722,4
tt10919380,4
tt1092026,4
tt1093370,4
tt1093908,4
tt10954600,4
tt1119646,4
tt11252248,4
tt1126618,4
tt11271038,4
tt11286314,4
tt11291274,4
tt1130080,4
tt11304740,4
tt1131729,4
tt1131734,4
tt1385867,4
tt1386588,4
tt1389096,4
tt1389137,4
tt1632708,4
tt1634122,4
tt1636826,4
tt1637706,4
tt1637725,4
tt1638002,4
tt1638355,4
tt1640459,4
tt16426418,4
tt16431870,4
tt1645080,4
tt1645170,4
tt21626284,4
tt2170299,4
tt2170439,4
tt2170593,4
tt2177771,4
tt2178470,4
tt2179116,4
tt2180411,4
tt21823606,4
tt21867434,4
tt2837574,4
tt28443655,4
tt2848292,4
tt2850386,4
tt2854926,4
tt28607951,4
tt3332064,4
tt3896198,4
tt6139732,4
tt6166392,4
tt9214832,4
tt1095217,5
tt11214590,5
tt11233960,5
tt1126590,5
tt11291274,5
tt1130080,5
tt11301886,5
tt1132620,5
tt1385826,5
tt1385867,5
tt1386588,5
tt1389096,5
tt1392214,5
tt13927994,5
tt1645089,5
tt2170439,5
tt2180339,5
tt2837574,5
tt3890160,5
tt6111574,5
tt6146586,5
tt6148156,5
tt6212478,5
tt6214928,5
tt9179430,5
tt9214772,5
tt9243946,5
tt1645089,6
tt1389137,8
tt1645080,8
tt6139732,8
tt6166392,8
tt6208148,8
tt10872600,9
tt1098327,9
tt1099212,9
tt1121096,9
tt13841850,9
tt1386697,9
tt1389072,9
tt16366836,9
tt28443655,9
tt6208148,9
tt6217306,9
tt9198364,9
tt9243804,9
tt6048922,11
tt10919380,12
tt1093357,12
tt10944760,12
tt10954984,12
tt11245972,12
tt1127180,12
tt1131734,12
tt1132626,12
tt13841850,12
tt16300962,12
tt16366836,12
tt21807222,12
tt2184339,12
tt28443655,12
tt3348730,12
tt6079516,12
tt6133466,12
tt6214928,12
tt6217306,12
tt9224104,12
tt1086064,13
tt1126591,13
tt1131729,13
tt2848292,13
tt1126591,14
tt11315808,14
tt2178470,14
tt10855768,15
tt1095217,15
tt10954652,15
tt10954984,15
tt11233960,15
tt11245972,15
tt1130884,15
tt1132620,15
tt1385826,15
tt1392214,15
tt2180339,15
tt21807222,15
tt3348730,15
tt6053438,15
tt6079516,15
tt6111574,15
tt1084950,17
tt1086772,17
tt10886166,17
tt1091722,17
tt1093370,17
tt1093908,17
tt1099212,17
tt1120985,17
tt1126618,17
tt11271038,17
tt1632708,17
tt1638002,17
tt16426418,17
tt2176013,17
tt28607951,17
tt9115530,17
tt9198364,17
tt9214832,17
tt10838180,18
tt1092026,18
tt10944760,18
tt10954984,18
tt11286314,18
tt1386703,18
tt1389072,18
tt1392170,18
tt1392190,18
tt1628841,18
tt1631867,18
tt1634106,18
tt1637688,18
tt2184339,18
tt6133466,18
tt9203694,18
tt1125849,19
tt16311594,19
tt16419074,19
tt10855768,20
tt10888594,20
tt10919380,20
tt10954652,20
tt1117385,20
tt1121931,20
tt1124035,20
tt11245972,20
tt1129442,20
tt1130884,20
tt11315808,20
tt1132626,20
tt1379182,20
tt1389096,20
tt1636826,20
tt1637688,20
tt2172934,20
tt21807222,20
tt2184339,20
tt3348730,20
tt6053438,20
tt6079516,20
tt6189022,20
tt9150192,20
tt9179430,20
tt9203694,20
tt9214772,20
tt9243946,20
tt6048922,21
tt0102975,0
tt0103060,0
tt0103064,0
tt0103644,0
tt0103776,0
tt0103893,0
tt0104684,0
tt0104691,0
tt0104714,0
tt0104815,0
tt0105104,0
tt0105112,0
tt0105690,0
tt0105698,0
tt0106364,0
tt0106582,0
tt0106697,0
tt0106977,0
tt0107076,0
tt0107144,0
tt0107206,0
tt0107290,0
tt0107362,0
tt0107659,0
tt0107969,0
tt0107978,0
tt0108333,0
tt0109117,0
tt0109254,0
tt0109444,0
tt0109506,0
tt0110413,0
tt0110478,0
tt0111255,0
tt0111257,0
tt0111280,0
tt0111282,0
tt0111301,0
tt0111438,0
tt0111503,0
tt0111512,0
tt0112401,0
tt0112442,0
tt0112462,0
tt0112715,0
tt0112740,0
tt0112851,0
tt0112864,0
tt0113071,0
tt0113189,0
tt0113277,0
tt0113481,0
tt0113492,0
tt0113568,0
tt0113855,0
tt0113957,0
tt0114069,0
tt0114214,0
tt0114508,0
tt0114781,0
tt0114898,0
tt0115759,0
tt0115857,0
tt0115956,0
tt0116040,0
tt0116136,0
tt0116213,0
tt0116225,0
tt0116253,0
tt0116277,0
tt0116367,0
tt0116629,0
tt0116830,0
tt0116908,0
tt0117060,0
tt0117438,0
tt0117500,0
tt0122151,0
tt0122690,0
tt0122718,0
tt0129167,0
tt0130827,0
tt0132347,0
tt0133093,0
tt0133152,0
tt0133240,0
tt0133952,0
tt0137363,0
tt0137494,0
tt0139414,0
tt0141369,0
tt0141926,0
tt0143145,0
tt0144117,0
tt0145487,0
tt0145660,0
tt0146316,0
tt0146675,0
tt0149261,0
tt0152930,0
tt0159273,0
tt0160127,0
tt0162650,0
tt0163025,0
tt0164052,0
tt0164184,0
tt0165929,0
tt0167190,0
tt0169858,0
tt0172156,0
tt0172495,0
tt0173840,0
tt0177971,0
tt0179626,0
tt0181316,0
tt0181689,0
tt0181852,0
tt0183790,0
tt0183869,0
tt0184894,0
tt0185183,0
tt0186566,0
tt0187078,0
tt0187393,0
tt0187738,0
tt0190332,0
tt0190865,0
tt0199753,0
tt0208003,0
tt0209163,0
tt10665338,0
tt10676048,0
tt10676052,0
tt10696784,0
tt10698680,0
tt1071875,0
tt1074638,0
tt1075417,0
tt1075747,0
tt1077258,0
tt1082807,0
tt1291150,0
tt12915716,0
tt1291584,0
tt1293847,0
tt1297919,0
tt1298650,0
tt1300851,0
tt1300854,0
tt1302011,0
tt13024674,0
tt15325794,0
tt15326988,0
tt15327088,0
tt1535108,0
tt1535109,0
tt15354916,0
tt1536537,0
tt1538403,0
tt15428134,0
tt1547234,0
tt2057392,0
tt2058673,0
tt2076822,0
tt20850406,0
tt2091935,0
tt2094766,0
tt20969586,0
tt2101341,0
tt2103281,0
tt2788710,0
tt2788732,0
tt2802144,0
tt32820897,0
tt3291150,0
tt3300542,0
tt33014583,0
tt5834262,0
tt5834426,0
tt5884796,0
tt5886046,0
tt5950044,0
tt8695030,0
tt8784956,0
tt8790086,0
tt8864596,0
tt0102975,1
tt0103060,1
tt0103064,1
tt0103074,1
tt0103639,1
tt0104231,1
tt0104431,1
tt0104652,1
tt0104691,1
tt0106364,1
tt0106582,1
tt0106611,1
tt0106965,1
tt0107131,1
tt0107290,1
tt0107362,1
tt0107688,1
tt0107977,1
tt0108255,1
tt0108333,1
tt0109190,1
tt0110357,1
tt0110478,1
tt0110997,1
tt0111257,1
tt0111280,1
tt0111282,1
tt0111301,1
tt0111756,1
tt0112281,1
tt0112384,1
tt0112453,1
tt0112462,1
tt0112682,1
tt0112715,1
tt0112817,1
tt0112864,1
tt0113071,1
tt0113189,1
tt0113198,1
tt0113497,1
tt0113855,1
tt0114148,1
tt0114694,1
tt0114709,1
tt0114781,1
tt0114898,1
tt0115433,1
tt0115641,1
tt0115759,1
tt0116040,1
tt0116136,1
tt0116225,1
tt0116253,1
tt0116409,1
tt0116629,1
tt0116683,1
tt0116705,1
tt0117060,1
tt0117500,1
tt0122718,1
tt0126029,1
tt0129167,1
tt0130623,1
tt0133152,1
tt0133240,1
tt0138749,1
tt0141369,1
tt0143145,1
tt0145487,1
tt0145660,1
tt0146316,1
tt0149261,1
tt0151137,1
tt0159365,1
tt0160127,1
tt0162222,1
tt0163025,1
tt0163978,1
tt0164912,1
tt0165982,1
tt0166813,1
tt0167190,1
tt0167260,1
tt0167261,1
tt0172495,1
tt0173840,1
tt0177789,1
tt0177971,1
tt0181875,1
tt0183523,1
tt0183790,1
tt0184894,1
tt0185183,1
tt0186566,1
tt0190332,1
tt0190590,1
tt0190865,1
tt0198781,1
tt0209163,1
tt1067106,1
tt10676048,1
tt10676052,1
tt1067774,1
tt1071875,1
tt1073105,1
tt1074638,1
tt1075417,1
tt1078912,1
tt1080016,1
tt1291150,1
tt1293847,1
tt1297919,1
tt1298650,1
tt1300854,1
tt1302011,1
tt1307068,1
tt15326988,1
tt15327088,1
tt1538403,1
tt15428134,1
tt2058673,1
tt2076822,1
tt2094766,1
tt2096673,1
tt20969586,1
tt2101341,1
tt2103281,1
tt2788710,1
tt2788732,1
tt2798920,1
tt2802144,1
tt32820897,1
tt3291150,1
tt33014583,1
tt3863552,1
tt3874544,1
tt5834426,1
tt5848272,1
tt5884052,1
tt5884796,1
tt5886046,1
tt5950044,1
tt5971474,1
tt8790086,1
tt8864596,1
tt0103060,4
tt0103241,4
tt0103639,4
tt0103786,4
tt0103873,4
tt0103893,4
tt0103939,4
tt0104070,4
tt0104431,4
tt0104652,4
tt0104694,4
tt0104868,4
tt0104940,4
tt0104952,4
tt0105151,4
tt0105417,4
tt0105435,4
tt0105793,4
tt0105812,4
tt0106220,4
tt0106308,4
tt0106387,4
tt0106598,4
tt0106611,4
tt0106673,4
tt0106677,4
tt0106701,4
tt0107048,4
tt0107050,4
tt0107120,4
tt0107131,4
tt0107144,4
tt0107362,4
tt0107614,4
tt0107616,4
tt0107659,4
tt0107977,4
tt0108037,4
tt0108147,4
tt0108160,4
tt0108255,4
tt0108525,4
tt0109040,4
tt0109045,4
tt0109068,4
tt0109117,4
tt0109190,4
tt0109254,4
tt0109424,4
tt0109445,4
tt0109686,4
tt0109707,4
tt0109813,4
tt0109831,4
tt0110074,4
tt0110216,4
tt0110366,4
tt0110475,4
tt0110478,4
tt0110622,4
tt0110950,4
tt0110989,4
tt0111070,4
tt0111301,4
tt0111503,4
tt0111507,4
tt0111512,4
tt0112281,4
tt0112346,4
tt0112431,4
tt0112442,4
tt0112471,4
tt0112508,4
tt0112642,4
tt0112697,4
tt0112883,4
tt0112913,4
tt0112950,4
tt0113101,4
tt0113117,4
tt0113118,4
tt0113161,4
tt0113198,4
tt0113497,4
tt0113749,4
tt0114681,4
tt0114694,4
tt0114709,4
tt0114787,4
tt0114924,4
tt0115433,4
tt0115641,4
tt0115685,4
tt0115734,4
tt0115798,4
tt0116126,4
tt0116313,4
tt0116365,4
tt0116483,4
tt0116669,4
tt0116695,4
tt0116705,4
tt0116778,4
tt0116996,4
tt0117008,4
tt0117218,4
tt0117247,4
tt0117589,4
tt0122718,4
tt0122933,4
tt0123964,4
tt0124198,4
tt0124298,4
tt0125022,4
tt0125439,4
tt0125664,4
tt0126029,4
tt0126886,4
tt0127723,4
tt0128445,4
tt0128853,4
tt0129290,4
tt0129387,4
tt0131325,4
tt0131857,4
tt0132347,4
tt0138097,4
tt0138510,4
tt0138524,4
tt0138749,4
tt0139239,4
tt0139414,4
tt0139699,4
tt0141369,4
tt0142342,4
tt0144120,4
tt0144528,4
tt0145660,4
tt0146882,4
tt0147612,4
tt0147800,4
tt0150662,4
tt0151738,4
tt0151804,4
tt0152930,4
tt0158983,4
tt0160127,4
tt0160862,4
tt0162346,4
tt0163187,4
tt0163651,4
tt0164912,4
tt0165982,4
tt0170016,4
tt0171433,4
tt0172156,4
tt0172684,4
tt0175142,4
tt0177789,4
tt0179116,4
tt0181316,4
tt0181875,4
tt0183505,4
tt0183869,4
tt0184894,4
tt0185014,4
tt0185125,4
tt0185431,4
tt0190138,4
tt0190590,4
tt0191397,4
tt0191754,4
tt0196229,4
tt0198781,4
tt0200550,4
tt0204946,4
tt0205000,4
tt0207201,4
tt0208003,4
tt0208092,4
tt0209475,4
tt0210945,4
tt1067106,4
tt1067774,4
tt10682266,4
tt1068242,4
tt1068680,4
tt1073498,4
tt10752004,4
tt1077258,4
tt1077368,4
tt1078912,4
tt1078940,4
tt1080016,4
tt1292566,4
tt1298644,4
tt1298649,4
tt13024674,4
tt1306980,4
tt1307068,4
tt1532503,4
tt15326988,4
tt1540133,4
tt15428134,4
tt2082197,4
tt2091935,4
tt2096672,4
tt2096673,4
tt2103254,4
tt2788710,4
tt2788732,4
tt2802144,4
tt3863552,4
tt3874544,4
tt5848272,4
tt5865326,4
tt5884052,4
tt5962210,4
tt8695030,4
tt8721424,4
tt8847712,4
tt0102926,5
tt0103074,5
tt0103759,5
tt0103776,5
tt0104036,5
tt0104348,5
tt0104431,5
tt0104684,5
tt0104714,5
tt0104815,5
tt0104952,5
tt0105104,5
tt0105151,5
tt0105236,5
tt0105435,5
tt0106489,5
tt0106519,5
tt0106856,5
tt0106977,5
tt0107076,5
tt0107206,5
tt0107207,5
tt0107302,5
tt0107554,5
tt0107659,5
tt0107798,5
tt0107808,5
tt0107969,5
tt0107978,5
tt0108399,5
tt0109068,5
tt0109190,5
tt0109254,5
tt0109424,5
tt0109444,5
tt0109446,5
tt0109506,5
tt0109642,5
tt0110005,5
tt0110413,5
tt0110475,5
tt0110622,5
tt0110632,5
tt0110912,5
tt0110997,5
tt0111149,5
tt0111438,5
tt0112281,5
tt0112401,5
tt0112442,5
tt0112461,5
tt0112641,5
tt0112818,5
tt0112851,5
tt0112913,5
tt0113161,5
tt0113243,5
tt0113247,5
tt0113277,5
tt0113492,5
tt0113568,5
tt0113957,5
tt0114369,5
tt0114558,5
tt0114681,5
tt0114814,5
tt0115433,5
tt0115734,5
tt0115736,5
tt0116126,5
tt0116213,5
tt0116231,5
tt0116282,5
tt0116367,5
tt0116830,5
tt0116908,5
tt0117381,5
tt0117407,5
tt0117438,5
tt0122151,5
tt0122690,5
tt0122933,5
tt0123964,5
tt0124198,5
tt0125022,5
tt0128442,5
tt0130827,5
tt0134119,5
tt0134273,5
tt0137363,5
tt0137494,5
tt0137523,5
tt0138524,5
tt0139239,5
tt0139654,5
tt0144084,5
tt0144117,5
tt0144214,5
tt0145681,5
tt0150377,5
tt0152930,5
tt0154506,5
tt0155267,5
tt0156887,5
tt0162650,5
tt0164334,5
tt0165798,5
tt0165929,5
tt0168629,5
tt0171804,5
tt0172156,5
tt0179626,5
tt0181316,5
tt0181689,5
tt0181865,5
tt0181984,5
tt0183649,5
tt0183869,5
tt0186151,5
tt0187078,5
tt0190138,5
tt0190590,5
tt0200465,5
tt0203119,5
tt0208003,5
tt0208092,5
tt0209958,5
tt10696896,5
tt10698680,5
tt1291570,5
tt1297919,5
tt1298644,5
tt1300851,5
tt1302006,5
tt13024674,5
tt1535109,5
tt15354916,5
tt1536537,5
tt1540133,5
tt2058673,5
tt2091935,5
tt20969586,5
tt2101341,5
tt2101441,5
tt27847051,5
tt2802154,5
tt33014583,5
tt5834262,5
tt5865326,5
tt8695030,5
tt8784956,5
tt0102926,7
tt0102945,7
tt0103074,7
tt0103759,7
tt0103772,7
tt0103786,7
tt0103855,7
tt0103939,7
tt0104036,7
tt0104231,7
tt0104257,7
tt0104291,7
tt0104348,7
tt0104389,7
tt0104691,7
tt0104694,7
tt0104797,7
tt0104868,7
tt0104940,7
tt0105046,7
tt0105151,7
tt0105265,7
tt0105323,7
tt0105435,7
tt0105665,7
tt0105695,7
tt0106226,7
tt0106246,7
tt0106387,7
tt0106489,7
tt0106519,7
tt0106856,7
tt0106918,7
tt0106965,7
tt0106977,7
tt0107048,7
tt0107050,7
tt0107131,7
tt0107206,7
tt0107207,7
tt0107211,7
tt0107302,7
tt0107554,7
tt0107614,7
tt0107616,7
tt0107798,7
tt0107808,7
tt0107818,7
tt0107822,7
tt0107943,7
tt0107969,7
tt0108002,7
tt0108037,7
tt0108052,7
tt0108160,7
tt0108330,7
tt0108358,7
tt0108394,7
tt0108399,7
tt0108550,7
tt0109424,7
tt0109444,7
tt0109446,7
tt0109506,7
tt0109635,7
tt0109642,7
tt0109707,7
tt0109830,7
tt0109831,7
tt0109836,7
tt0110005,7
tt0110074,7
tt0110148,7
tt0110322,7
tt0110357,7
tt0110367,7
tt0110413,7
tt0110527,7
tt0110912,7
tt0110932,7
tt0110950,7
tt0111070,7
tt0111149,7
tt0111161,7
tt0111255,7
tt0111495,7
tt0111507,7
tt0111742,7
tt0111756,7
tt0112346,7
tt0112384,7
tt0112431,7
tt0112453,7
tt0112461,7
tt0112471,7
tt0112573,7
tt0112579,7
tt0112641,7
tt0112682,7
tt0112722,7
tt0112740,7
tt0112792,7
tt0112817,7
tt0112818,7
tt0112851,7
tt0112870,7
tt0112883,7
tt0112913,7
tt0112950,7
tt0113071,7
tt0113117,7
tt0113118,7
tt0113243,7
tt0113247,7
tt0113277,7
tt0113409,7
tt0113481,7
tt0113540,7
tt0113627,7
tt0113824,7
tt0113957,7
tt0114069,7
tt0114148,7
tt0114214,7
tt0114369,7
tt0114388,7
tt0114436,7
tt0114558,7
tt0114681,7
tt0114787,7
tt0114814,7
tt0114924,7
tt0115734,7
tt0115751,7
tt0115798,7
tt0115857,7
tt0115956,7
tt0115963,7
tt0115964,7
tt0116040,7
tt0116209,7
tt0116231,7
tt0116277,7
tt0116282,7
tt0116287,7
tt0116365,7
tt0116409,7
tt0116583,7
tt0116669,7
tt0116695,7
tt0116830,7
tt0116908,7
tt0116922,7
tt0117247,7
tt0117318,7
tt0117333,7
tt0117381,7
tt0117438,7
tt0117509,7
tt0117589,7
tt0123964,7
tt0124298,7
tt0124315,7
tt0124718,7
tt0125439,7
tt0125659,7
tt0125664,7
tt0127536,7
tt0128442,7
tt0128445,7
tt0128853,7
tt0129290,7
tt0130623,7
tt0132477,7
tt0134119,7
tt0134273,7
tt0137363,7
tt0137523,7
tt0138097,7
tt0138304,7
tt0138704,7
tt0139134,7
tt0139654,7
tt0139699,7
tt0140352,7
tt0140888,7
tt0142342,7
tt0144084,7
tt0144214,7
tt0145681,7
tt0146309,7
tt0146838,7
tt0146882,7
tt0146984,7
tt0147612,7
tt0147800,7
tt0150377,7
tt0150662,7
tt0151137,7
tt0151738,7
tt0154420,7
tt0156887,7
tt0159097,7
tt0159273,7
tt0159365,7
tt0160797,7
tt0161081,7
tt0162222,7
tt0162346,7
tt0163978,7
tt0163988,7
tt0164184,7
tt0164334,7
tt0165798,7
tt0166813,7
tt0166896,7
tt0166924,7
tt0167260,7
tt0167261,7
tt0167404,7
tt0168629,7
tt0169102,7
tt0169547,7
tt0169858,7
tt0171433,7
tt0171804,7
tt0172493,7
tt0172495,7
tt0172684,7
tt0174856,7
tt0175880,7
tt0177971,7
tt0179116,7
tt0179626,7
tt0180073,7
tt0180093,7
tt0181536,7
tt0181865,7
tt0181875,7
tt0181984,7
tt0182789,7
tt0183790,7
tt0185014,7
tt0185125,7
tt0186151,7
tt0187393,7
tt0190332,7
tt0190865,7
tt0191754,7
tt0195685,7
tt0200550,7
tt0203009,7
tt0203019,7
tt0203119,7
tt0206275,7
tt0206634,7
tt0209144,7
tt0210070,7
tt0210945,7
tt10665338,7
tt1067583,7
tt1068242,7
tt1069238,7
tt10696784,7
tt10696896,7
tt10698680,7
tt1070874,7
tt10731256,7
tt1075747,7
tt1078588,7
tt10811166,7
tt12908150,7
tt1291570,7
tt12915716,7
tt1291584,7
tt1292566,7
tt1294226,7
tt1294688,7
tt1302006,7
tt1305806,7
tt1306980,7
tt1307068,7
tt1532503,7
tt15327088,7
tt1535108,7
tt15354916,7
tt15398776,7
tt1542344,7
tt2057392,7
tt2066051,7
tt2076220,7
tt2076822,7
tt2080374,7
tt2082197,7
tt2083383,7
tt2084970,7
tt20850406,7
tt2101441,7
tt2103281,7
tt27744786,7
tt27847051,7
tt27989067,7
tt2798920,7
tt2802154,7
tt3281548,7
tt32897959,7
tt32916440,7
tt3863552,7
tt3881784,7
tt5834262,7
tt5865326,7
tt5932728,7
tt5962210,7
tt5988370,7
tt8721424,7
tt8772262,7
tt8784956,7
tt8847712,7
tt0102926,12
tt0103644,12
tt0103873,12
tt0103874,12
tt0103919,12
tt0103956,12
tt0104070,12
tt0105665,12
tt0106308,12
tt0109836,12
tt0110148,12
tt0111686,12
tt0111742,12
tt0113409,12
tt0114508,12
tt0115963,12
tt0116367,12
tt0117571,12
tt0123755,12
tt0130018,12
tt0133751,12
tt0134084,12
tt0134847,12
tt0138510,12
tt0138704,12
tt0139414,12
tt0144084,12
tt0144120,12
tt0145531,12
tt0146336,12
tt0146675,12
tt0155975,12
tt0161081,12
tt0162661,12
tt0164052,12
tt0164181,12
tt0171363,12
tt0178868,12
tt0185371,12
tt0185937,12
tt0187738,12
tt0195714,12
tt0209958,12
tt0210070,12
tt10665338,12
tt10665342,12
tt10682266,12
tt1073105,12
tt1077258,12
tt1077368,12
tt1082807,12
tt1082868,12
tt12921446,12
tt1536044,12
tt1540011,12
tt15474916,12
tt27744786,12
tt27911000,12
tt2798920,12
tt28015403,12
tt3289956,12
tt3882082,12
tt5862312,12
tt5886046,12
tt5918982,12
tt5962210,12
tt8760708,12
tt8772262,12
tt0103772,15
tt0104348,15
tt0105665,15
tt0106918,15
tt0107798,15
tt0108394,15
tt0109446,15
tt0109642,15
tt0111280,15
tt0111495,15
tt0111686,15
tt0112715,15
tt0112722,15
tt0114369,15
tt0114746,15
tt0114814,15
tt0115956,15
tt0116922,15
tt0117381,15
tt0117571,15
tt0123755,15
tt0125659,15
tt0130018,15
tt0133751,15
tt0134084,15
tt0134273,15
tt0138704,15
tt0139809,15
tt0142688,15
tt0144214,15
tt0145531,15
tt0145681,15
tt0146336,15
tt0150377,15
tt0154506,15
tt0155975,15
tt0161081,15
tt0162661,15
tt0164181,15
tt0164334,15
tt0166924,15
tt0167404,15
tt0171363,15
tt0178868,15
tt0181689,15
tt0185371,15
tt0185937,15
tt0186151,15
tt0206314,15
tt0209144,15
tt10665342,15
tt10682266,15
tt10696896,15
tt10731256,15
tt1291570,15
tt1305806,15
tt1536044,15
tt1540011,15
tt15474916,15
tt27847051,15
tt3289956,15
tt3882082,15
tt5862312,15
tt5918982,15
tt8772262,15
tt0103772,17
tt0103855,17
tt0103874,17
tt0104036,17
tt0104231,17
tt0104291,17
tt0106226,17
tt0106387,17
tt0106673,17
tt0107050,17
tt0107211,17
tt0107616,17
tt0107822,17
tt0107943,17
tt0108160,17
tt0108333,17
tt0108399,17
tt0109117,17
tt0109830,17
tt0109831,17
tt0109836,17
tt0110216,17
tt0110322,17
tt0110366,17
tt0110367,17
tt0110632,17
tt0110950,17
tt0111495,17
tt0111507,17
tt0111742,17
tt0112346,17
tt0112471,17
tt0112579,17
tt0112697,17
tt0112870,17
tt0112883,17
tt0113117,17
tt0113243,17
tt0113627,17
tt0113749,17
tt0114214,17
tt0114388,17
tt0114924,17
tt0116209,17
tt0116695,17
tt0117218,17
tt0117247,17
tt0117333,17
tt0117509,17
tt0124298,17
tt0124315,17
tt0125022,17
tt0125439,17
tt0126886,17
tt0127723,17
tt0128445,17
tt0128853,17
tt0129387,17
tt0137494,17
tt0138524,17
tt0139134,17
tt0139699,17
tt0144528,17
tt0147800,17
tt0150662,17
tt0151738,17
tt0155267,17
tt0159097,17
tt0159365,17
tt0160862,17
tt0162222,17
tt0163187,17
tt0163978,17
tt0171433,17
tt0179116,17
tt0182789,17
tt0185125,17
tt0203009,17
tt0204946,17
tt0205000,17
tt0206275,17
tt0207201,17
tt0209475,17
tt10665342,17
tt1067583,17
tt1068680,17
tt10752004,17
tt1292566,17
tt1294226,17
tt1294688,17
tt1305806,17
tt1306980,17
tt1532503,17
tt2082197,17
tt2083383,17
tt2103254,17
tt27989067,17
tt3281548,17
tt32897959,17
tt8847712,17
tt0102945,20
tt0103759,20
tt0103919,20
tt0103956,20
tt0104257,20
tt0104389,20
tt0104684,20
tt0104714,20
tt0104815,20
tt0105104,20
tt0105112,20
tt0105236,20
tt0105690,20
tt0106246,20
tt0106519,20
tt0106582,20
tt0106697,20
tt0106856,20
tt0106918,20
tt0107076,20
tt0107302,20
tt0107554,20
tt0107808,20
tt0109635,20
tt0110997,20
tt0111149,20
tt0111255,20
tt0111257,20
tt0111503,20
tt0112401,20
tt0112722,20
tt0112740,20
tt0112864,20
tt0113161,20
tt0113189,20
tt0114069,20
tt0114746,20
tt0114781,20
tt0115736,20
tt0115759,20
tt0115798,20
tt0116213,20
tt0116253,20
tt0116282,20
tt0116287,20
tt0116409,20
tt0116922,20
tt0117060,20
tt0117407,20
tt0117500,20
tt0122151,20
tt0122690,20
tt0124198,20
tt0130018,20
tt0130827,20
tt0133952,20
tt0134119,20
tt0134847,20
tt0137523,20
tt0138304,20
tt0139654,20
tt0139809,20
tt0142688,20
tt0143145,20
tt0144117,20
tt0144120,20
tt0146309,20
tt0146336,20
tt0154506,20
tt0155267,20
tt0155975,20
tt0159273,20
tt0160797,20
tt0162650,20
tt0163988,20
tt0164181,20
tt0164184,20
tt0165929,20
tt0166924,20
tt0167404,20
tt0181865,20
tt0181984,20
tt0183523,20
tt0183649,20
tt0185371,20
tt0186566,20
tt0187078,20
tt0195714,20
tt0199753,20
tt0200465,20
tt0203119,20
tt0206314,20
tt0206634,20
tt0209144,20
tt1070874,20
tt1073105,20
tt10731256,20
tt1074638,20
tt1082807,20
tt1082868,20
tt1293847,20
tt1300851,20
tt15325794,20
tt1540011,20
tt1540133,20
tt1547234,20
tt15474916,20
tt2057392,20
tt2084970,20
tt2101441,20
tt27744786,20
tt28015403,20
tt3289956,20
tt3291150,20
tt3300542,20
tt3882082,20
tt5884796,20
tt5968394,20
tt8760708,20
tt8790086,20
tt0117731,0
tt0117998,0
tt0118548,0
tt0118571,0
tt0118583,0
tt0118615,0
tt0118688,0
tt0118771,0
tt0118880,0
tt0118883,0
tt0118928,0
tt0118972,0
tt0119051,0
tt0119094,0
tt0119099,0
tt0119116,0
tt0119173,0
tt0119190,0
tt0119229,0
tt0119282,0
tt0119303,0
tt0119395,0
tt0119567,0
tt0119654,0
tt0119707,0
tt0117705,1
tt0117731,1
tt0117998,1
tt0118615,1
tt0118617,1
tt0118655,1
tt0118689,1
tt0118928,1
tt0119051,1
tt0119116,1
tt0119190,1
tt0119282,1
tt0119567,1
tt0119654,1
tt0119698,1
tt0119707,1
tt0117705,2
tt0118617,2
tt0119282,2
tt0119698,2
tt0117631,3
tt0118607,3
tt0119008,3
tt0117705,4
tt0117765,4
tt0117802,4
tt0117887,4
tt0117918,4
tt0118655,4
tt0118689,4
tt0118715,4
tt0118789,4
tt0118799,4
tt0118842,4
tt0118843,4
tt0118954,4
tt0118998,4
tt0119137,4
tt0119164,4
tt0119190,4
tt0119229,4
tt0119303,4
tt0119528,4
tt0119654,4
tt0119715,4
tt0119738,4
tt0117665,5
tt0117765,5
tt0117913,5
tt0117951,5
tt0118548,5
tt0118571,5
tt0118715,5
tt0118771,5
tt0118843,5
tt0118880,5
tt0118883,5
tt0118887,5
tt0118972,5
tt0119008,5
tt0119094,5
tt0119099,5
tt0119167,5
tt0119229,5
tt0119256,5
tt0119303,5
tt0119395,5
tt0119396,5
tt0119468,5
tt0119488,5
tt0117631,7
tt0117665,7
tt0117666,7
tt0117731,7
tt0117765,7
tt0117802,7
tt0117887,7
tt0117913,7
tt0117918,7
tt0117951,7
tt0118548,7
tt0118571,7
tt0118607,7
tt0118617,7
tt0118694,7
tt0118749,7
tt0118771,7
tt0118789,7
tt0118799,7
tt0118842,7
tt0118849,7
tt0118883,7
tt0118884,7
tt0118887,7
tt0118971,7
tt0118972,7
tt0119008,7
tt0119051,7
tt0119099,7
tt0119164,7
tt0119167,7
tt0119173,7
tt0119174,7
tt0119177,7
tt0119217,7
tt0119223,7
tt0119256,7
tt0119349,7
tt0119395,7
tt0119396,7
tt0119468,7
tt0119488,7
tt0119558,7
tt0119643,7
tt0119738,7
tt0118689,8
tt0118849,8
tt0118998,8
tt0119137,8
tt0118929,9
tt0118971,9
tt0118998,9
tt0119528,9
tt0119643,9
tt0119698,9
tt0119707,9
tt0118607,11
tt0118583,12
tt0118615,12
tt0119081,12
tt0119167,12
tt0119345,12
tt0119675,12
tt0117631,13
tt0117887,13
tt0118884,15
tt0118929,15
tt0118971,15
tt0119174,15
tt0119345,15
tt0119468,15
tt0119488,15
tt0117918,17
tt0118694,17
tt0118789,17
tt0118799,17
tt0118842,17
tt0118843,17
tt0119217,17
tt0119223,17
tt0119558,17
tt0119643,17
tt0119738,17
tt0118583,18
tt0118688,18
tt0118884,18
tt0118929,18
tt0119081,18
tt0119094,18
tt0119116,18
tt0119137,18
tt0119177,18
tt0119567,18
tt0119675,18
tt0118849,19
tt0117665,20
tt0117913,20
tt0117998,20
tt0118880,20
tt0118887,20
tt0118928,20
tt0119081,20
tt0119174,20
tt0119177,20
tt0119396,20
tt0119173,21
tt0119807,0
tt0119874,0
tt0119925,0
tt0120053,0
tt0120157,0
tt0120177,0
tt0120179,0
tt0120188,0
tt0120201,0
tt0120347,0
tt0120461,0
tt0120591,0
tt0120611,0
tt0120616,0
tt0120647,0
tt0120657,0
tt0120660,0
tt0120667,0
tt0120685,0
tt0120738,0
tt0120744,0
tt0120746,0
tt0120749,0
tt0120755,0
tt0120768,0
tt0120784,0
tt0120804,0
tt0120812,0
tt0120828,0
tt0120844,0
tt0120873,0
tt0120877,0
tt0120891,0
tt0120903,0
tt0120912,0
tt0120913,0
tt0120915,0
tt0121765,0
tt0121766,0
tt0119807,1
tt0119925,1
tt0120053,1
tt0120102,1
tt0120179,1
tt0120188,1
tt0120201,1
tt0120347,1
tt0120363,1
tt0120587,1
tt0120591,1
tt0120616,1
tt0120623,1
tt0120630,1
tt0120655,1
tt0120657,1
tt0120667,1
tt0120669,1
tt0120737,1
tt0120738,1
tt0120744,1
tt0120746,1
tt0120755,1
tt0120762,1
tt0120783,1
tt0120794,1
tt0120828,1
tt0120844,1
tt0120855,1
tt0120902,1
tt0120903,1
tt0120912,1
tt0120913,1
tt0120915,1
tt0120917,1
tt0121765,1
tt0121766,1
tt0120363,2
tt0120587,2
tt0120623,2
tt0120630,2
tt0120762,2
tt0120794,2
tt0120855,2
tt0120913,2
tt0120917,2
tt0121164,2
tt0120102,3
tt0120679,3
tt0119807,4
tt0119822,4
tt0120032,4
tt0120148,4
tt0120188,4
tt0120363,4
tt0120382,4
tt0120434,4
tt0120484,4
tt0120587,4
tt0120601,4
tt0120623,4
tt0120630,4
tt0120655,4
tt0120669,4
tt0120686,4
tt0120693,4
tt0120735,4
tt0120746,4
tt0120762,4
tt0120770,4
tt0120780,4
tt0120783,4
tt0120789,4
tt0120791,4
tt0120812,4
tt0120828,4
tt0120855,4
tt0120885,4
tt0120888,4
tt0120891,4
tt0120912,4
tt0120917,4
tt0121164,4
tt0119874,5
tt0119978,5
tt0120177,5
tt0120179,5
tt0120324,5
tt0120399,5
tt0120586,5
tt0120681,5
tt0120689,5
tt0120693,5
tt0120735,5
tt0120749,5
tt0120768,5
tt0120780,5
tt0120784,5
tt0120787,5
tt0120812,5
tt0120832,5
tt0120873,5
tt0120890,5
tt0119822,7
tt0119874,7
tt0119925,7
tt0119978,7
tt0120102,7
tt0120148,7
tt0120157,7
tt0120177,7
tt0120324,7
tt0120338,7
tt0120382,7
tt0120399,7
tt0120461,7
tt0120586,7
tt0120601,7
tt0120631,7
tt0120632,7
tt0120647,7
tt0120655,7
tt0120663,7
tt0120669,7
tt0120679,7
tt0120686,7
tt0120689,7
tt0120731,7
tt0120737,7
tt0120744,7
tt0120749,7
tt0120768,7
tt0120780,7
tt0120783,7
tt0120784,7
tt0120787,7
tt0120789,7
tt0120791,7
tt0120794,7
tt0120815,7
tt0120863,7
tt0120885,7
tt0120889,7
tt0120890,7
tt0120902,7
tt0121164,7
tt0120148,9
tt0120601,9
tt0120616,9
tt0120632,9
tt0120667,9
tt0120689,9
tt0120737,9
tt0120789,9
tt0120791,9
tt0120889,9
tt0120915,9
tt0121765,9
tt0121766,9
tt0120657,11
tt0120863,11
tt0120082,12
tt0120611,12
tt0120681,12
tt0120694,12
tt0120804,12
tt0120877,12
tt0120907,12
tt0120731,13
tt0120770,13
tt0120888,13
tt0120082,15
tt0120184,15
tt0120663,15
tt0120681,15
tt0120832,15
tt0120890,15
tt0120902,15
tt0120907,15
tt0119822,17
tt0120053,17
tt0120338,17
tt0120631,17
tt0120632,17
tt0120679,17
tt0120731,17
tt0120770,17
tt0120888,17
tt0120889,17
tt0120157,18
tt0120184,18
tt0120201,18
tt0120461,18
tt0120591,18
tt0120611,18
tt0120647,18
tt0120685,18
tt0120738,18
tt0120804,18
tt0120844,18
tt0120891,18
tt0120903,18
tt0120907,18
tt0120484,19
tt0119978,20
tt0120184,20
tt0120324,20
tt0120347,20
tt0120399,20
tt0120660,20
tt0120663,20
tt0120685,20
tt0120694,20
tt0120755,20
tt0120787,20
tt0120832,20
tt0120873,20
tt0120877,20
tt0120815,21
tt0120863,21
tt0103639,2
tt0104652,2
tt0106364,2
tt0107688,2
tt0110357,2
tt0112453,2
tt0113198,2
tt0113568,2
tt0113824,2
tt0114148,2
tt0114709,2
tt0115641,2
tt0116583,2
tt0116683,2
tt0126029,2
tt0129167,2
tt0130623,2
tt0133240,2
tt0138749,2
tt0156887,2
tt0158983,2
tt0165982,2
tt0166813,2
tt0169858,2
tt0173840,2
tt0198781,2
tt1067106,2
tt1080016,2
tt1291150,2
tt1302011,2
tt2096673,2
tt32820897,2
tt3874544,2
tt5848272,2
tt8864596,2
tt0103939,3
tt0104797,3
tt0106246,3
tt0107207,3
tt0108002,3
tt0108052,3
tt0108330,3
tt0108358,3
tt0109707,3
tt0110005,3
tt0110932,3
tt0111756,3
tt0112461,3
tt0112573,3
tt0112792,3
tt0117318,3
tt0125664,3
tt0127536,3
tt0129290,3
tt0132477,3
tt0140352,3
tt0151137,3
tt0166896,3
tt0171804,3
tt0172493,3
tt0174856,3
tt0180073,3
tt0195685,3
tt0203019,3
tt0210945,3
tt1302006,3
tt1535109,3
tt15398776,3
tt1542344,3
tt2066051,3
tt2080374,3
tt2084970,3
tt3881784,3
tt5932728,3
tt5988370,3
tt8721424,3
tt0103786,8
tt0104868,8
tt0104940,8
tt0105417,8
tt0106611,8
tt0106701,8
tt0106965,8
tt0107120,8
tt0107614,8
tt0107688,8
tt0108037,8
tt0108147,8
tt0108255,8
tt0109813,8
tt0110366,8
tt0110367,8
tt0110527,8
tt0110989,8
tt0111070,8
tt0112431,8
tt0112642,8
tt0113497,8
tt0113824,8
tt0116583,8
tt0116683,8
tt0116705,8
tt0117008,8
tt0132477,8
tt0164912,8
tt0170016,8
tt1067774,8
tt1075417,8
tt1078588,8
tt1078912,8
tt5884052,8
tt5971474,8
tt0103776,9
tt0103873,9
tt0103874,9
tt0103893,9
tt0104070,9
tt0106220,9
tt0107048,9
tt0107120,9
tt0109813,9
tt0110074,9
tt0110148,9
tt0110475,9
tt0110527,9
tt0111686,9
tt0112642,9
tt0112682,9
tt0113409,9
tt0113855,9
tt0114787,9
tt0115963,9
tt0116136,9
tt0116365,9
tt0116669,9
tt0117008,9
tt0117333,9
tt0132347,9
tt0138510,9
tt0146316,9
tt0146675,9
tt0158983,9
tt0162661,9
tt0167190,9
tt0167260,9
tt0167261,9
tt0170016,9
tt0171363,9
tt0185431,9
tt0207201,9
tt0209163,9
tt0210070,9
tt1071875,9
tt1073498,9
tt1075747,9
tt1077368,9
tt12908150,9
tt1298650,9
tt1536537,9
tt1538403,9
tt2076220,9
tt5971474,9
tt0104797,11
tt0108052,11
tt0108358,11
tt0110932,11
tt0112384,11
tt0127536,11
tt0138097,11
tt0140352,11
tt0146309,11
tt1070874,11
tt15398776,11
tt5932728,11
tt0103855,13
tt0105417,13
tt0105793,13
tt0107822,13
tt0108147,13
tt0108394,13
tt0108525,13
tt0109045,13
tt0109068,13
tt0112950,13
tt0146882,13
tt0200550,13
tt0206275,13
tt1068242,13
tt1294226,13
tt2066051,13
tt0107977,14
tt0168629,14
tt0169102,14
tt0172684,14
tt0203009,14
tt20850406,14
tt0102975,18
tt0103064,18
tt0103644,18
tt0104291,18
tt0105698,18
tt0106598,18
tt0106697,18
tt0107290,18
tt0107978,18
tt0110216,18
tt0111282,18
tt0111438,18
tt0113481,18
tt0113492,18
tt0114508,18
tt0114558,18
tt0114746,18
tt0114898,18
tt0115857,18
tt0116225,18
tt0116629,18
tt0116996,18
tt0117218,18
tt0123755,18
tt0125659,18
tt0133093,18
tt0133152,18
tt0133751,18
tt0134847,18
tt0138304,18
tt0139809,18
tt0144528,18
tt0145487,18
tt0149261,18
tt0163025,18
tt0164052,18
tt0177789,18
tt0181852,18
tt0182789,18
tt0183523,18
tt0185183,18
tt0187738,18
tt0199753,18
tt0206634,18
tt0209958,18
tt10676048,18
tt10676052,18
tt1082868,18
tt12908150,18
tt1298649,18
tt1300854,18
tt1535108,18
tt2094766,18
tt5834426,18
tt5918982,18
tt5950044,18
tt5968394,18
tt8760708,18
tt0104694,19
tt0105812,19
tt0108002,19
tt0116277,19
tt0116483,19
tt0116778,19
tt0124718,19
tt0131857,19
tt0146838,19
tt0146984,19
tt0169102,19
tt0174856,19
tt0181536,19
tt0191397,19
tt0204946,19
tt1291584,19
tt2083383,19
tt32916440,19
tt0110322,21
tt0112573,21
tt0116209,21
tt0141926,21
tt0160797,21
tt0187393,21
tt0105046,22
tt0105695,22
tt0112817,22
tt10696784,22
tt0800080,0
tt0800320,0
tt0800369,0
tt0803096,0
tt0804461,0
tt0811080,0
tt0814022,0
tt0816462,0
tt0816711,0
tt0817538,0
tt0822847,0
tt0822854,0
tt0829150,0
tt0830515,0
tt0831387,0
tt0831887,0
tt0834001,0
tt0838232,0
tt0844286,0
tt0848228,0
tt0848537,0
tt0859163,0
tt0861739,0
tt0865556,0
tt0870154,0
tt0873886,0
tt0881320,0
tt0882977,0
tt0892769,0
tt0892782,0
tt12037194,0
tt1205537,0
tt1206885,0
tt1210819,0
tt1211837,0
tt1211956,0
tt1213663,0
tt1216487,0
tt1217209,0
tt1217613,0
tt1219342,0
tt1446192,0
tt1448755,0
tt1450321,0
tt14513804,0
tt14539740,0
tt1458175,0
tt1781922,0
tt1783232,0
tt1790809,0
tt1790864,0
tt1798684,0
tt1815862,0
tt1821694,0
tt1823672,0
tt1825683,0
tt18259086,0
tt2379713,0
tt2381249,0
tt2381991,0
tt2382320,0
tt2386490,0
tt2387499,0
tt2395427,0
tt2397535,0
tt2402157,0
tt2404233,0
tt2404435,0
tt2404463,0
tt2406566,0
tt3040964,0
tt3045616,0
tt30472557,0
tt3062096,0
tt3513500,0
tt3522806,0
tt3532216,0
tt4046784,0
tt4094724,0
tt6878306,0
tt6902676,0
tt6920084,0
tt6921996,0
tt6924650,0
tt6968614,0
tt6998518,0
tt9777666,0
tt9783600,0
tt9844522,0
tt9900782,0
tt0799949,1
tt0800080,1
tt0800320,1
tt0803096,1
tt0805647,1
tt0806203,1
tt0808506,1
tt0811080,1
tt0814255,1
tt0816462,1
tt0816692,1
tt0816711,1
tt0825232,1
tt0830515,1
tt0831387,1
tt0838221,1
tt0838232,1
tt0844286,1
tt0844471,1
tt0848537,1
tt0859163,1
tt0862467,1
tt0864835,1
tt0865556,1
tt0870154,1
tt0876563,1
tt0881320,1
tt0892318,1
tt0892769,1
tt0892782,1
tt0892791,1
tt12037194,1
tt12042730,1
tt1204342,1
tt1210819,1
tt1211837,1
tt1212428,1
tt1216475,1
tt1217209,1
tt1217613,1
tt1219342,1
tt1446192,1
tt1446714,1
tt14513804,1
tt1453405,1
tt14539740,1
tt1781922,1
tt1790809,1
tt1815862,1
tt1825683,1
tt18259086,1
tt2379713,1
tt2380307,1
tt2381249,1
tt2381991,1
tt2382320,1
tt2386490,1
tt2388771,1
tt2395427,1
tt2402157,1
tt2403021,1
tt2404233,1
tt2404435,1
tt3040964,1
tt3045616,1
tt30472557,1
tt3062096,1
tt3513498,1
tt3513500,1
tt3521164,1
tt3522806,1
tt3531824,1
tt4046784,1
tt6878306,1
tt6921996,1
tt6977338,1
tt9777644,1
tt9777666,1
tt9844522,1
tt0799934,4
tt0799949,4
tt0800039,4
tt0800325,4
tt0804497,4
tt0805564,4
tt0808399,4
tt0808506,4
tt0808510,4
tt0810913,4
tt0810922,4
tt0811080,4
tt0811138,4
tt0815236,4
tt0815241,4
tt0815244,4
tt0817177,4
tt0817230,4
tt0817538,4
tt0821640,4
tt0825232,4
tt0829482,4
tt0832266,4
tt0837562,4
tt0838221,4
tt0838232,4
tt0838283,4
tt0839980,4
tt0841046,4
tt0842926,4
tt0844286,4
tt0844471,4
tt0852713,4
tt0862846,4
tt0862856,4
tt0864835,4
tt0866439,4
tt0870154,4
tt0876563,4
tt0879870,4
tt0884732,4
tt0887883,4
tt0889573,4
tt0889583,4
tt0892318,4
tt0892791,4
tt12042730,4
tt1204342,4
tt1204975,4
tt1205535,4
tt1212436,4
tt1213644,4
tt1213663,4
tt1216475,4
tt1216492,4
tt1450321,4
tt1453405,4
tt1456635,4
tt14577874,4
tt1790886,4
tt1791528,4
tt1791682,4
tt1798188,4
tt1800246,4
tt1821694,4
tt1825157,4
tt18259086,4
tt2381941,4
tt2387499,4
tt2387559,4
tt2390361,4
tt2401878,4
tt2404311,4
tt2404463,4
tt3045616,4
tt3063516,4
tt3064298,4
tt3513498,4
tt3521126,4
tt3521164,4
tt3530002,4
tt3532216,4
tt3544112,4
tt4034354,4
tt4048272,4
tt4080728,4
tt6902676,4
tt6911608,4
tt6921996,4
tt6966692,4
tt6977338,4
tt7014006,4
tt7040874,4
tt9764362,4
tt9866072,4
tt9893250,4
tt0800039,7
tt0800241,7
tt0800308,7
tt0800325,7
tt0804497,7
tt0804522,7
tt0805564,7
tt0806203,7
tt0808279,7
tt0808399,7
tt0808417,7
tt0810819,7
tt0810922,7
tt0814314,7
tt0815244,7
tt0815245,7
tt0816442,7
tt0816692,7
tt0817177,7
tt0821642,7
tt0822832,7
tt0822854,7
tt0824747,7
tt0825232,7
tt0829150,7
tt0832266,7
tt0838221,7
tt0840361,7
tt0842926,7
tt0851578,7
tt0861689,7
tt0861739,7
tt0862467,7
tt0862846,7
tt0864761,7
tt0870111,7
tt0870984,7
tt0871510,7
tt0878804,7
tt0879870,7
tt0881320,7
tt0882977,7
tt0887883,7
tt0887912,7
tt0889573,7
tt0891527,7
tt0892318,7
tt1205489,7
tt1205537,7
tt1206543,7
tt1210042,7
tt1210166,7
tt1210819,7
tt1212419,7
tt1212428,7
tt1212450,7
tt1213641,7
tt1213648,7
tt1216487,7
tt1216491,7
tt1216496,7
tt1454029,7
tt1454468,7
tt1456635,7
tt1458175,7
tt1462041,7
tt1781769,7
tt1781922,7
tt1783232,7
tt1790885,7
tt1791528,7
tt1791682,7
tt1798188,7
tt1798684,7
tt1798709,7
tt1800241,7
tt1800302,7
tt1800741,7
tt1809398,7
tt1815862,7
tt1817273,7
tt1821549,7
tt1823672,7
tt1825157,7
tt1827487,7
tt2377938,7
tt2380307,7
tt2381111,7
tt2381941,7
tt2381991,7
tt2382009,7
tt2382396,7
tt23849204,7
tt2387559,7
tt2388771,7
tt2390361,7
tt2396589,7
tt2397535,7
tt2400463,7
tt2401878,7
tt2402927,7
tt2404233,7
tt2404425,7
tt2404435,7
tt2404461,7
tt3042408,7
tt3064298,7
tt3513548,7
tt3521126,7
tt3531824,7
tt3544112,7
tt4034228,7
tt4034354,7
tt4048272,7
tt4052882,7
tt4080728,7
tt6878306,7
tt6908274,7
tt6924650,7
tt6966692,7
tt7014006,7
tt7060344,7
tt9770150,7
tt9777644,7
tt9777666,7
tt9783600,7
tt9784798,7
tt9893250,7
tt0808417,2
tt0808506,2
tt0837562,2
tt0844471,2
tt0848537,2
tt0851578,2
tt0864835,2
tt0876563,2
tt0892769,2
tt0892782,2
tt0892791,2
tt1216475,2
tt1217209,2
tt1219342,2
tt1446192,2
tt1453405,2
tt1798188,2
tt2380307,2
tt2386490,2
tt2401878,2
tt3040964,2
tt30472557,2
tt3513498,2
tt3513500,2
tt3521164,2
tt0800325,3
tt0808417,3
tt0810819,3
tt0821642,3
tt0824747,3
tt0864761,3
tt0870111,3
tt0878804,3
tt0879870,3
tt1210166,3
tt1212428,3
tt1212450,3
tt1213641,3
tt1216491,3
tt1800302,3
tt1809398,3
tt23849204,3
tt2404425,3
tt3513548,3
tt3521126,3
tt4044364,3
tt6966692,3
tt9784798,3
tt0800241,5
tt0800308,5
tt0804461,5
tt0808279,5
tt0814022,5
tt0817538,5
tt0824747,5
tt0831887,5
tt0840361,5
tt0861739,5
tt0880578,5
tt0887883,5
tt0891527,5
tt1206543,5
tt1206885,5
tt1210042,5
tt1212450,5
tt1213648,5
tt1216487,5
tt1216491,5
tt1216496,5
tt1448755,5
tt1450321,5
tt1458175,5
tt1791528,5
tt1800241,5
tt1800302,5
tt1817273,5
tt1821694,5
tt1823672,5
tt1827487,5
tt2377322,5
tt2377938,5
tt2381941,5
tt2382396,5
tt2402157,5
tt2404311,5
tt2404463,5
tt3042408,5
tt3062096,5
tt3513548,5
tt3531824,5
tt3532216,5
tt6902676,5
tt7040874,5
tt7057496,5
tt7060344,5
tt9783600,5
tt9784798,5
tt9893250,5
tt9900782,5
tt0815241,6
tt35291758,6
tt4044364,6
tt0805647,8
tt0808510,8
tt0810913,8
tt0814255,8
tt0822832,8
tt0837562,8
tt0871510,8
tt1204342,8
tt0799949,9
tt0800320,9
tt0800369,9
tt0803096,9
tt0805647,9
tt0808510,9
tt0814255,9
tt0815245,9
tt0816462,9
tt0821640,9
tt0822847,9
tt0829150,9
tt0831887,9
tt0834001,9
tt0848557,9
tt0851578,9
tt0859163,9
tt0862467,9
tt0865556,9
tt1211837,9
tt1212419,9
tt14539740,9
tt1790809,9
tt2388771,9
tt3530002,9
tt4034354,9
tt6908274,9
tt6998518,9
tt0864761,11
tt0870111,11
tt1213641,11
tt1783232,11
tt1790885,11
tt2377938,11
tt2404425,11
tt6924650,11
tt0800069,12
tt0805570,12
tt0806203,12
tt0815245,12
tt0816711,12
tt0822847,12
tt0837563,12
tt0844479,12
tt0844708,12
tt0848557,12
tt0862856,12
tt0870984,12
tt0873886,12
tt0884328,12
tt0887261,12
tt0890870,12
tt1204977,12
tt1448754,12
tt14509110,12
tt1457767,12
tt2377322,12
tt2387433,12
tt2388715,12
tt2400463,12
tt2403021,12
tt3065204,12
tt4052882,12
tt4062536,12
tt4094724,12
tt6920084,12
tt6998518,12
tt7043012,12
tt9731534,12
tt9764362,12
tt9844522,12
tt0821642,13
tt0841046,13
tt1800741,13
tt3544112,13
tt6911608,14
tt0800241,15
tt0805570,15
tt0808151,15
tt0814314,15
tt0830515,15
tt0837563,15
tt0861689,15
tt0880578,15
tt0887261,15
tt0890870,15
tt0891527,15
tt1204977,15
tt1216496,15
tt1448754,15
tt14509110,15
tt1457767,15
tt14577874,15
tt1462041,15
tt1790864,15
tt1791682,15
tt1821480,15
tt1825157,15
tt2377322,15
tt2388715,15
tt2400463,15
tt2404461,15
tt3042408,15
tt3065204,15
tt6908274,15
tt7040874,15
tt7043012,15
tt7057496,15
tt7060344,15
tt9731534,15
tt0800039,17
tt0800308,17
tt0804497,17
tt0805564,17
tt0808399,17
tt0810922,17
tt0811138,17
tt0815236,17
tt0815244,17
tt0817177,17
tt0817230,17
tt0821640,17
tt0832266,17
tt0842926,17
tt0866439,17
tt0884732,17
tt0889573,17
tt1205535,17
tt1212419,17
tt1212436,17
tt1216492,17
tt1781769,17
tt1798709,17
tt1800246,17
tt1800741,17
tt2381111,17
tt2390361,17
tt2402927,17
tt3064298,17
tt4080728,17
tt6911608,17
tt9866072,17
tt0800080,18
tt0816692,18
tt0831387,18
tt0848228,18
tt0848557,18
tt0884328,18
tt12037194,18
tt12042730,18
tt1213644,18
tt1213663,18
tt1217613,18
tt1219289,18
tt1446714,18
tt14509110,18
tt14513804,18
tt1454468,18
tt14577874,18
tt1790864,18
tt1798709,18
tt1825683,18
tt2387433,18
tt2395427,18
tt2397535,18
tt4046784,18
tt4094724,18
tt6920084,18
tt0811138,19
tt0839980,19
tt0871510,19
tt0878804,19
tt1210166,19
tt1456635,19
tt1798684,19
tt1809398,19
tt0800069,20
tt0804461,20
tt0804522,20
tt0805570,20
tt0808151,20
tt0808279,20
tt0814022,20
tt0814314,20
tt0822854,20
tt0834001,20
tt0837563,20
tt0840361,20
tt0844479,20
tt0844708,20
tt0861689,20
tt0870984,20
tt0873886,20
tt0880578,20
tt0882977,20
tt0884328,20
tt0887261,20
tt0887912,20
tt0890870,20
tt1204977,20
tt1205537,20
tt1206543,20
tt1206885,20
tt1210042,20
tt1211956,20
tt1219289,20
tt1448754,20
tt1448755,20
tt1454468,20
tt1457767,20
tt1462041,20
tt1790885,20
tt1817273,20
tt1821480,20
tt1827487,20
tt2379713,20
tt2381249,20
tt2382320,20
tt2382396,20
tt2387433,20
tt2388715,20
tt2404311,20
tt2406566,20
tt3065204,20
tt3522806,20
tt4052882,20
tt4062536,20
tt6968614,20
tt7043012,20
tt7057496,20
tt9731534,20
tt9764362,20
tt9900782,20
tt0815241,21
tt0816442,21
tt0887912,21
tt2396589,21
tt9777644,21
tt0211443,0
tt0212346,0
tt0213149,0
tt0215750,0
tt0216216,0
tt0219965,0
tt0227538,0
tt0227984,0
tt0228333,0
tt0228750,0
tt0230011,0
tt0232500,0
tt0233142,0
tt0233469,0
tt0234215,0
tt0237534,0
tt0238380,0
tt0239395,0
tt0240468,0
tt0242519,0
tt0242653,0
tt0244244,0
tt0245562,0
tt0245803,0
tt0245844,0
tt0246460,0
tt0250687,0
tt0253556,0
tt0253754,0
tt0257076,0
tt0258463,0
tt0259324,0
tt0265086,0
tt0266308,0
tt0266465,0
tt0266697,0
tt0266915,0
tt0266987,0
tt0267804,0
tt0268695,0
tt0269347,0
tt0271027,0
tt0271367,0
tt0271668,0
tt0272020,0
tt0274166,0
tt0275277,0
tt0277296,0
tt0277434,0
tt0280486,0
tt0280609,0
tt0284490,0
tt0285823,0
tt0286112,0
tt0286716,0
tt0287717,0
tt0287978,0
tt0290095,0
tt0290334,0
tt0292506,0
tt0293429,0
tt0293564,0
tt0293662,0
tt0295178,0
tt0295701,0
tt0296572,0
tt0297181,0
tt0298814,0
tt0299977,0
tt0300471,0
tt0300556,0
tt0305357,0
tt0309377,0
tt0311113,0
tt0311429,0
tt0314353,0
tt0316356,0
tt1133985,0
tt1135084,0
tt11358390,0
tt1136608,0
tt1136617,0
tt1137450,0
tt11389872,0
tt11466222,0
tt13603966,0
tt13654226,0
tt1365519,0
tt13664684,0
tt1374989,0
tt13751694,0
tt1375666,0
tt1600195,0
tt1601913,0
tt1602613,0
tt1606378,0
tt1608290,0
tt1611224,0
tt1614989,0
tt1615160,0
tt1617661,0
tt1618442,0
tt1622547,0
tt2193215,0
tt2199571,0
tt2222042,0
tt2869728,0
tt2872732,0
tt2873282,0
tt2888046,0
tt28996126,0
tt2906216,0
tt3359350,0
tt3371366,0
tt3381008,0
tt3385516,0
tt3390572,0
tt3393786,0
tt3397884,0
tt3402138,0
tt3405236,0
tt3410834,0
tt3416828,0
tt3967856,0
tt6450804,0
tt6475714,0
tt6491178,0
tt6499752,0
tt6565702,0
tt6604188,0
tt9362722,0
tt9362930,0
tt9376612,0
tt9389998,0
tt9419884,0
tt0212720,1
tt0227538,1
tt0230011,1
tt0236493,1
tt0237534,1
tt0239395,1
tt0241527,1
tt0243585,1
tt0245429,1
tt0245686,1
tt0245844,1
tt0246460,1
tt0250223,1
tt0250687,1
tt0253556,1
tt0253754,1
tt0257076,1
tt0266543,1
tt0267913,1
tt0268380,1
tt0268695,1
tt0271367,1
tt0274166,1
tt0275847,1
tt0277296,1
tt0286244,1
tt0287717,1
tt0293429,1
tt0295178,1
tt0295297,1
tt0295701,1
tt0296572,1
tt0297181,1
tt0298148,1
tt0298814,1
tt0299977,1
tt0300471,1
tt0300556,1
tt0304141,1
tt0305357,1
tt0307453,1
tt0311113,1
tt0311289,1
tt0311429,1
tt0312004,1
tt0312528,1
tt0316396,1
tt1133985,1
tt1136617,1
tt11389872,1
tt13622970,1
tt13654226,1
tt1365519,1
tt13664684,1
tt1375666,1
tt1601913,1
tt1608290,1
tt1613750,1
tt1617661,1
tt1618442,1
tt1623205,1
tt1623288,1
tt1626146,1
tt2193215,1
tt22022452,1
tt2222042,1
tt2224026,1
tt2870612,1
tt2883512,1
tt2906216,1
tt3371366,1
tt3381008,1
tt3385516,1
tt3387520,1
tt3410834,1
tt3411444,1
tt3416532,1
tt3416828,1
tt3967856,1
tt6450804,1
tt6467266,1
tt6475714,1
tt6565702,1
tt6587046,1
tt6604188,1
tt9362722,1
tt9362930,1
tt9376612,1
tt9419884,1
tt0211915,4
tt0212338,4
tt0212346,4
tt0215129,4
tt0218839,4
tt0218967,4
tt0219965,4
tt0227538,4
tt0227984,4
tt0230030,4
tt0233142,4
tt0236493,4
tt0239395,4
tt0240468,4
tt0240515,4
tt0240890,4
tt0242423,4
tt0242519,4
tt0243155,4
tt0243585,4
tt0243655,4
tt0243736,4
tt0245686,4
tt0245803,4
tt0247638,4
tt0247745,4
tt0250223,4
tt0250494,4
tt0250687,4
tt0251075,4
tt0251127,4
tt0252076,4
tt0252866,4
tt0253867,4
tt0255798,4
tt0256380,4
tt0256415,4
tt0257106,4
tt0258153,4
tt0259446,4
tt0261392,4
tt0263757,4
tt0265029,4
tt0265208,4
tt0265666,4
tt0266489,4
tt0266543,4
tt0266915,4
tt0267913,4
tt0268126,4
tt0268380,4
tt0270288,4
tt0271367,4
tt0271668,4
tt0272338,4
tt0273923,4
tt0274166,4
tt0274812,4
tt0275847,4
tt0276751,4
tt0277371,4
tt0278488,4
tt0280486,4
tt0280590,4
tt0280707,4
tt0281686,4
tt0283111,4
tt0283509,4
tt0284490,4
tt0284837,4
tt0286112,4
tt0286244,4
tt0286499,4
tt0286788,4
tt0287717,4
tt0289848,4
tt0290002,4
tt0290095,4
tt0292490,4
tt0292644,4
tt0293564,4
tt0293715,4
tt0295178,4
tt0297181,4
tt0298148,4
tt0299658,4
tt0299930,4
tt0300051,4
tt0300471,4
tt0301357,4
tt0302640,4
tt0302886,4
tt0304669,4
tt0305206,4
tt0305224,4
tt0305357,4
tt0305711,4
tt0306047,4
tt0307453,4
tt0307987,4
tt0311289,4
tt0312004,4
tt0312528,4
tt0313737,4
tt0314331,4
tt0315327,4
tt1135487,4
tt11358390,4
tt1135985,4
tt11426232,4
tt1142977,4
tt1142988,4
tt11466222,4
tt13622970,4
tt13640696,4
tt13651794,4
tt1366344,4
tt1371150,4
tt1374989,4
tt1375670,4
tt1605630,4
tt1605717,4
tt1605783,4
tt1606392,4
tt1608290,4
tt1621045,4
tt1622547,4
tt1623288,4
tt1625346,4
tt1626146,4
tt2191701,4
tt21942866,4
tt2194499,4
tt22022452,4
tt2203939,4
tt2205697,4
tt2222042,4
tt2224026,4
tt2869728,4
tt2870756,4
tt2883512,4
tt28996126,4
tt2906216,4
tt3371366,4
tt3381008,4
tt3402138,4
tt3402236,4
tt3411444,4
tt3416742,4
tt6452574,4
tt6467266,4
tt6513120,4
tt9354842,4
tt9466114,4
tt9484998,4
tt0211933,5
tt0212346,5
tt0212985,5
tt0217505,5
tt0218922,5
tt0219965,5
tt0221027,5
tt0227445,5
tt0227984,5
tt0228786,5
tt0232500,5
tt0233142,5
tt0237572,5
tt0240772,5
tt0242519,5
tt0243133,5
tt0244244,5
tt0247586,5
tt0247745,5
tt0251160,5
tt0257044,5
tt0257076,5
tt0257756,5
tt0258000,5
tt0264395,5
tt0264464,5
tt0264616,5
tt0264935,5
tt0266465,5
tt0266697,5
tt0266915,5
tt0266987,5
tt0269347,5
tt0270288,5
tt0271027,5
tt0271668,5
tt0275277,5
tt0275491,5
tt0276919,5
tt0278435,5
tt0284490,5
tt0285823,5
tt0287978,5
tt0289765,5
tt0289848,5
tt0289992,5
tt0290673,5
tt0292963,5
tt0293564,5
tt0293662,5
tt0296042,5
tt0297284,5
tt0299658,5
tt0299930,5
tt0300140,5
tt0307987,5
tt0309377,5
tt0310775,5
tt0310793,5
tt0313443,5
tt0313542,5
tt0315733,5
tt0315983,5
tt1135084,5
tt1135487,5
tt1136617,5
tt1137450,5
tt1139328,5
tt13603966,5
tt13640696,5
tt13751694,5
tt1600196,5
tt1602613,5
tt1614989,5
tt1615065,5
tt1615160,5
tt1618434,5
tt1622547,5
tt2193215,5
tt2199571,5
tt22048412,5
tt2869728,5
tt2872718,5
tt2888046,5
tt28996126,5
tt3390572,5
tt3397884,5
tt3402138,5
tt3402236,5
tt3405236,5
tt4003440,5
tt6491178,5
tt6571548,5
tt6628394,5
tt9389998,5
tt9412098,5
tt9421570,5
tt0211933,7
tt0212712,7
tt0212720,7
tt0212985,7
tt0213149,7
tt0213847,7
tt0215750,7
tt0217505,7
tt0217869,7
tt0218922,7
tt0218967,7
tt0219699,7
tt0221027,7
tt0223897,7
tt0227445,7
tt0228750,7
tt0230838,7
tt0233469,7
tt0235198,7
tt0236493,7
tt0237534,7
tt0237572,7
tt0238380,7
tt0238546,7
tt0238936,7
tt0241303,7
tt0243017,7
tt0243133,7
tt0243155,7
tt0245562,7
tt0245574,7
tt0245686,7
tt0245712,7
tt0245844,7
tt0246578,7
tt0247586,7
tt0248126,7
tt0248667,7
tt0249462,7
tt0250258,7
tt0250797,7
tt0251114,7
tt0251160,7
tt0252076,7
tt0253474,7
tt0254686,7
tt0256009,7
tt0256380,7
tt0257044,7
tt0257360,7
tt0257756,7
tt0258000,7
tt0258153,7
tt0259446,7
tt0260866,7
tt0261983,7
tt0263757,7
tt0264395,7
tt0264464,7
tt0264472,7
tt0264616,7
tt0265086,7
tt0265208,7
tt0265349,7
tt0265459,7
tt0265666,7
tt0266308,7
tt0266465,7
tt0267626,7
tt0268126,7
tt0268978,7
tt0268995,7
tt0269347,7
tt0272020,7
tt0272152,7
tt0272338,7
tt0273923,7
tt0274558,7
tt0274812,7
tt0275491,7
tt0276751,7
tt0276919,7
tt0277027,7
tt0277434,7
tt0278435,7
tt0278504,7
tt0280707,7
tt0281358,7
tt0283509,7
tt0285531,7
tt0285742,7
tt0286106,7
tt0286499,7
tt0286788,7
tt0287467,7
tt0287978,7
tt0289043,7
tt0289765,7
tt0289879,7
tt0289992,7
tt0290673,7
tt0292490,7
tt0292644,7
tt0292963,7
tt0293508,7
tt0293715,7
tt0294870,7
tt0295701,7
tt0296042,7
tt0297884,7
tt0298203,7
tt0299977,7
tt0300051,7
tt0300140,7
tt0301357,7
tt0304415,7
tt0305206,7
tt0307479,7
tt0307901,7
tt0307987,7
tt0308644,7
tt0309377,7
tt0309987,7
tt0310775,7
tt0310793,7
tt0311113,7
tt0311289,7
tt0313443,7
tt0313542,7
tt0314331,7
tt0314353,7
tt0315733,7
tt0315983,7
tt0316356,7
tt1135084,7
tt1135503,7
tt1137450,7
tt11389872,7
tt1139328,7
tt1139797,7
tt1142977,7
tt11464826,7
tt1149362,7
tt1360860,7
tt1365050,7
tt13651794,7
tt13669038,7
tt1371111,7
tt1371150,7
tt1374992,7
tt13751694,7
tt1600195,7
tt1600196,7
tt1601913,7
tt1602613,7
tt1602620,7
tt1605717,7
tt1606389,7
tt1606392,7
tt1613750,7
tt1615065,7
tt1615147,7
tt1616195,7
tt1619029,7
tt1625346,7
tt1626146,7
tt21942866,7
tt2194499,7
tt22041854,7
tt2205697,7
tt2209418,7
tt2209764,7
tt2223990,7
tt2870756,7
tt2872718,7
tt2873282,7
tt2883512,7
tt2884018,7
tt2884206,7
tt3359350,7
tt3361792,7
tt3390572,7
tt3397884,7
tt3398268,7
tt3402236,7
tt3405236,7
tt3416532,7
tt3967856,7
tt4003440,7
tt4005402,7
tt4016934,7
tt6452574,7
tt6472976,7
tt6491178,7
tt6513120,7
tt6543652,7
tt6566576,7
tt6571548,7
tt6587046,7
tt6628394,7
tt6644200,7
tt9354842,7
tt9389998,7
tt9411972,7
tt9421570,7
tt9426210,7
tt9466114,7
tt9495224,7
tt0211915,17
tt0212338,17
tt0212712,17
tt0213149,17
tt0213847,17
tt0230838,17
tt0238936,17
tt0240890,17
tt0241303,17
tt0243155,17
tt0243655,17
tt0243736,17
tt0247638,17
tt0248126,17
tt0250494,17
tt0250797,17
tt0251127,17
tt0252076,17
tt0253867,17
tt0254686,17
tt0256415,17
tt0259446,17
tt0259711,17
tt0263757,17
tt0265029,17
tt0265208,17
tt0268995,17
tt0272338,17
tt0274558,17
tt0274812,17
tt0276751,17
tt0277371,17
tt0280590,17
tt0281358,17
tt0283111,17
tt0285742,17
tt0286499,17
tt0287467,17
tt0290002,17
tt0292490,17
tt0292644,17
tt0293508,17
tt0293715,17
tt0294870,17
tt0297884,17
tt0299930,17
tt0300051,17
tt0301357,17
tt0305711,17
tt0307479,17
tt0309987,17
tt0313737,17
tt0314331,17
tt0316356,17
tt1135487,17
tt1135503,17
tt1135985,17
tt1142988,17
tt1374992,17
tt1605783,17
tt1606389,17
tt1616195,17
tt1618434,17
tt1621045,17
tt2203939,17
tt2205697,17
tt2209418,17
tt2870756,17
tt2884206,17
tt3361792,17
tt33996113,17
tt4016934,17
tt6472976,17
tt6543652,17
tt9354842,17
tt9411972,17
tt0212985,20
tt0220506,20
tt0227445,20
tt0228750,20
tt0228786,20
tt0230600,20
tt0232500,20
tt0233469,20
tt0240772,20
tt0244244,20
tt0245712,20
tt0246460,20
tt0247586,20
tt0250258,20
tt0250797,20
tt0251160,20
tt0256009,20
tt0257044,20
tt0258000,20
tt0258463,20
tt0259324,20
tt0260866,20
tt0264472,20
tt0264616,20
tt0264935,20
tt0265459,20
tt0266308,20
tt0266697,20
tt0266987,20
tt0267626,20
tt0267804,20
tt0271027,20
tt0272020,20
tt0278435,20
tt0278504,20
tt0280486,20
tt0280609,20
tt0285823,20
tt0288477,20
tt0289765,20
tt0289879,20
tt0290334,20
tt0292506,20
tt0292963,20
tt0293662,20
tt0295700,20
tt0297284,20
tt0309593,20
tt0309698,20
tt0310775,20
tt0313542,20
tt0314353,20
tt0315733,20
tt1136608,20
tt1139668,20
tt1144884,20
tt1148204,20
tt1149362,20
tt13603966,20
tt1606378,20
tt1614989,20
tt1615065,20
tt1615147,20
tt1615160,20
tt1622979,20
tt2199571,20
tt2209764,20
tt2866360,20
tt2872718,20
tt2872732,20
tt2873282,20
tt3359350,20
tt3393786,20
tt4016934,20
tt6499752,20
tt9347730,20
tt9421570,20
tt0230011,2
tt0243017,2
tt0245429,2
tt0266543,2
tt0268380,2
tt0275277,2
tt0275847,2
tt0286244,2
tt0298148,2
tt0307453,2
tt0312004,2
tt1142977,2
tt13622970,2
tt1617661,2
tt1623288,2
tt22022452,2
tt2224026,2
tt3398268,2
tt3411444,2
tt3416828,2
tt6467266,2
tt6587046,2
tt9362722,2
tt9426210,2
tt0221027,3
tt0248667,3
tt0253474,3
tt0264464,3
tt0268978,3
tt0270288,3
tt0305206,3
tt0308644,3
tt1135503,3
tt1613750,3
tt1616195,3
tt1619029,3
tt22041854,3
tt2870648,3
tt2888046,3
tt3361792,3
tt4005402,3
tt6452574,3
tt6513120,3
tt0310793,6
tt11464826,6
tt11466222,6
tt2870648,6
tt9412098,6
tt0241527,8
tt0243585,8
tt0245429,8
tt0247638,8
tt0250223,8
tt0267913,8
tt0286788,8
tt0295297,8
tt0304141,8
tt0304669,8
tt0308644,8
tt0312528,8
tt0316396,8
tt1623205,8
tt3398268,8
tt3416532,8
tt0218967,9
tt0219699,9
tt0230030,9
tt0238546,9
tt0241527,9
tt0243017,9
tt0245674,9
tt0245803,9
tt0253556,9
tt0256380,9
tt0259324,9
tt0259711,9
tt0277296,9
tt0278488,9
tt0281686,9
tt0286112,9
tt0293429,9
tt0295297,9
tt0302640,9
tt0304141,9
tt0304669,9
tt0311429,9
tt0315327,9
tt0316396,9
tt11358390,9
tt1139797,9
tt1365519,9
tt13664684,9
tt1374989,9
tt1605783,9
tt1611224,9
tt1618442,9
tt1623205,9
tt21942866,9
tt2194499,9
tt3410834,9
tt6475714,9
tt9376612,9
tt9419884,9
tt9426210,9
tt9484998,9
tt9495224,9
tt0265086,11
tt0267626,11
tt0277434,11
tt2884018,11
tt4005402,11
tt0211443,12
tt0219699,12
tt0220506,12
tt0228333,12
tt0230600,12
tt0235198,12
tt0238546,12
tt0245674,12
tt0251736,12
tt0256009,12
tt0257106,12
tt0261983,12
tt0263488,12
tt0265349,12
tt0280609,12
tt0281686,12
tt0285492,12
tt0285531,12
tt0288477,12
tt0289043,12
tt0295700,12
tt0297284,12
tt0298130,12
tt0301470,12
tt0303816,12
tt0309593,12
tt1139668,12
tt1139797,12
tt11426232,12
tt1144884,12
tt1148204,12
tt13654226,12
tt1611224,12
tt1622979,12
tt22048412,12
tt2870612,12
tt3387520,12
tt3416742,12
tt3986820,12
tt4003440,12
tt6566576,12
tt6644200,12
tt9347730,12
tt0249462,13
tt0253474,13
tt0254686,13
tt0298203,13
tt1605717,13
tt22041854,13
tt2870648,13
tt6543652,13
tt9412098,13
tt9466114,13
tt0238936,14
tt0248126,14
tt0293508,14
tt0294870,14
tt0299658,14
tt0211933,15
tt0216216,15
tt0217869,15
tt0218922,15
tt0228786,15
tt0230600,15
tt0235198,15
tt0237572,15
tt0242423,15
tt0246578,15
tt0247745,15
tt0257756,15
tt0258463,15
tt0259711,15
tt0260866,15
tt0261983,15
tt0263488,15
tt0264395,15
tt0264935,15
tt0265349,15
tt0268978,15
tt0272152,15
tt0278504,15
tt0280707,15
tt0285492,15
tt0286106,15
tt0287467,15
tt0288477,15
tt0289992,15
tt0290673,15
tt0296042,15
tt0298130,15
tt0307479,15
tt0309698,15
tt0313443,15
tt1139328,15
tt1139668,15
tt11426232,15
tt1148204,15
tt1149362,15
tt1360860,15
tt13640696,15
tt1371111,15
tt1600195,15
tt1600196,15
tt1618434,15
tt2866360,15
tt2870612,15
tt2884206,15
tt3387520,15
tt3986820,15
tt6566576,15
tt6628394,15
tt9411972,15
tt9484998,15
tt9495224,15
tt0211443,18
tt0212712,18
tt0212720,18
tt0216216,18
tt0217869,18
tt0228333,18
tt0234215,18
tt0238380,18
tt0242423,18
tt0242653,18
tt0246578,18
tt0251075,18
tt0253754,18
tt0255798,18
tt0258153,18
tt0267804,18
tt0268695,18
tt0272152,18
tt0285492,18
tt0285531,18
tt0286106,18
tt0286716,18
tt0289043,18
tt0289879,18
tt0290095,18
tt0290334,18
tt0296572,18
tt0298814,18
tt0300556,18
tt1133985,18
tt1136608,18
tt1371111,18
tt1374992,18
tt1375666,18
tt2209764,18
tt2866360,18
tt2872732,18
tt3385516,18
tt3986820,18
tt6450804,18
tt6499752,18
tt6565702,18
tt6604188,18
tt6644200,18
tt9362930,18
tt0248667,19
tt1606392,19
tt2223990,19
tt0213847,21
tt0215750,21
tt0245562,21
tt0251114,21
tt0283509,21
tt1365050,21
tt2884018,21
tt0899043,0
tt0910936,0
tt0918940,0
tt0936501,0
tt0938283,0
tt0942385,0
tt0944835,0
tt0945513,0
tt0947810,0
tt0948470,0
tt0955308,0
tt0960144,0
tt0963178,0
tt0963966,0
tt0964517,0
tt0970452,0
tt0974015,0
tt0978764,0
tt0983193,0
tt0985694,0
tt0986263,0
tt0988045,0
tt0988047,0
tt0990407,0
tt1185834,0
tt11858890,0
tt1186367,0
tt11866324,0
tt1188729,0
tt1190080,0
tt1190536,0
tt1190539,0
tt1192628,0
tt1194173,0
tt11976134,0
tt1197624,0
tt1197628,0
tt12003946,0
tt1428538,0
tt1430132,0
tt1430626,0
tt1431045,0
tt1433108,0
tt14331144,0
tt1436045,0
tt14371878,0
tt1438176,0
tt1440129,0
tt1731141,0
tt1735898,0
tt1742334,0
tt1745960,0
tt1757678,0
tt1764651,0
tt23289160,0
tt2333784,0
tt2334879,0
tt2345737,0
tt2345759,0
tt2361317,0
tt2368619,0
tt2369135,0
tt2372222,0
tt30144839,0
tt3014866,0
tt3566834,0
tt4116284,0
tt4139124,0
tt4139588,0
tt4154664,0
tt4154756,0
tt4154796,0
tt4158096,0
tt4172430,0
tt6654210,0
tt6663582,0
tt6679794,0
tt6710474,0
tt6723592,0
tt6738136,0
tt6791350,0
tt6806448,0
tt6850820,0
tt6856242,0
tt9531772,0
tt9603208,0
tt9603212,0
tt9637132,0
tt9663764,0
tt0903624,1
tt0910970,1
tt0918940,1
tt0926084,1
tt0938283,1
tt0949731,1
tt0952640,1
tt0955308,1
tt0960731,1
tt0963794,1
tt0963966,1
tt0970179,1
tt0970411,1
tt0970416,1
tt0970452,1
tt0974015,1
tt0978764,1
tt0980970,1
tt0983193,1
tt0988045,1
tt1185834,1
tt11858890,1
tt11866324,1
tt1186830,1
tt1190080,1
tt1192628,1
tt1194173,1
tt1201607,1
tt1430607,1
tt1430626,1
tt1436045,1
tt1436562,1
tt1440129,1
tt1731141,1
tt1735898,1
tt1748122,1
tt1753383,1
tt1754656,1
tt1757678,1
tt1764651,1
tt1772341,1
tt23289160,1
tt2333784,1
tt2345759,1
tt2357291,1
tt2368619,1
tt2990140,1
tt3553976,1
tt3554046,1
tt3566834,1
tt4116284,1
tt4123430,1
tt4123432,1
tt4154664,1
tt4154756,1
tt4154796,1
tt6663582,1
tt6673612,1
tt6710474,1
tt6718170,1
tt6791350,1
tt6806448,1
tt6820256,1
tt6856242,1
tt9603208,1
tt9603212,1
tt9663764,1
tt0901476,4
tt0910936,4
tt0942385,4
tt0952640,4
tt0960144,4
tt0960731,4
tt0962726,4
tt0970866,4
tt0974661,4
tt0978762,4
tt0981227,4
tt0988595,4
tt0990407,4
tt1185416,4
tt1187043,4
tt1190536,4
tt11909878,4
tt1193138,4
tt1195478,4
tt1196141,4
tt1197628,4
tt12001534,4
tt12003946,4
tt1201167,4
tt1430607,4
tt1431045,4
tt14364480,4
tt1436562,4
tt14371878,4
tt1438176,4
tt1440292,4
tt1441952,4
tt1748122,4
tt17527468,4
tt1753383,4
tt1754656,4
tt1758830,4
tt1763303,4
tt1767354,4
tt1772341,4
tt2333784,4
tt2333804,4
tt2334873,4
tt2338151,4
tt2347569,4
tt23561236,4
tt2357291,4
tt2361509,4
tt2372222,4
tt2990140,4
tt3011894,4
tt30253473,4
tt3553442,4
tt3553976,4
tt3554046,4
tt3566834,4
tt4136084,4
tt4139124,4
tt4158096,4
tt4176826,4
tt6663582,4
tt6673612,4
tt6710474,4
tt6718170,4
tt6791096,4
tt6791350,4
tt6802400,4
tt9619798,4
tt9686708,4
tt0898367,7
tt0907657,7
tt0914798,7
tt0914863,7
tt0918927,7
tt0918940,7
tt0929425,7
tt0929632,7
tt0935075,7
tt0938330,7
tt0945513,7
tt0947798,7
tt0947802,7
tt0947810,7
tt0949731,7
tt0955308,7
tt0959337,7
tt0962726,7
tt0962736,7
tt0963178,7
tt0964517,7
tt0970179,7
tt0970411,7
tt0970416,7
tt0971209,7
tt0974661,7
tt0975645,7
tt0976051,7
tt0977855,7
tt0978762,7
tt0981227,7
tt0983213,7
tt0985699,7
tt0986233,7
tt0986264,7
tt0988047,7
tt0989757,7
tt11851548,7
tt11858890,7
tt1186830,7
tt1187043,7
tt1188996,7
tt1189073,7
tt1189340,7
tt1190539,7
tt1191111,7
tt1193138,7
tt1193631,7
tt1195478,7
tt1196141,7
tt11976134,7
tt1197624,7
tt12004038,7
tt1201167,7
tt1433108,7
tt1433811,7
tt1436045,7
tt14364480,7
tt1438176,7
tt1438254,7
tt1439572,7
tt1440292,7
tt1440728,7
tt1441326,7
tt1441395,7
tt1441952,7
tt14444726,7
tt17351924,7
tt1735898,7
tt1740707,7
tt1741273,7
tt1742334,7
tt1745960,7
tt1748122,7
tt1748179,7
tt17526714,7
tt1753383,7
tt1758692,7
tt1758810,7
tt1758830,7
tt1763303,7
tt1764183,7
tt1764234,7
tt1772264,7
tt2321549,7
tt2322441,7
tt2328900,7
tt23289160,7
tt2333804,7
tt2334649,7
tt2334873,7
tt2334879,7
tt2338151,7
tt2345737,7
tt2347569,7
tt2350496,7
tt23561236,7
tt2356180,7
tt2357129,7
tt2358891,7
tt2359024,7
tt2361317,7
tt2361509,7
tt2369135,7
tt2370248,7
tt2991224,7
tt30057084,7
tt3007512,7
tt3011894,7
tt30144839,7
tt30253473,7
tt3553442,7
tt3553976,7
tt3569230,7
tt3581652,7
tt4126476,7
tt4136084,7
tt4169250,7
tt4172430,7
tt4176826,7
tt4178092,7
tt6679794,7
tt6738136,7
tt6742252,7
tt6751668,7
tt6772802,7
tt6820256,7
tt6823368,7
tt6857376,7
tt9531772,7
tt9620288,7
tt9620292,7
tt9637132,7
tt9639470,7
tt9686708,7
tt9701940,7
tt0910970,2
tt0952640,2
tt0978762,2
tt0983193,2
tt0983213,2
tt1185616,2
tt1185834,2
tt1192628,2
tt1430607,2
tt1430626,2
tt14331144,2
tt1436562,2
tt1754656,2
tt1757678,2
tt1772341,2
tt2357291,2
tt3554046,2
tt4116284,2
tt6718170,2
tt0962736,3
tt0964517,3
tt0975645,3
tt0977855,3
tt0986233,3
tt1185616,3
tt1186830,3
tt2328900,3
tt2334649,3
tt2356180,3
tt2357129,3
tt3553442,3
tt3569230,3
tt4136084,3
tt4169250,3
tt6679794,3
tt6772802,3
tt9620288,3
tt0910936,5
tt0914863,5
tt0929425,5
tt0936501,5
tt0947802,5
tt0963178,5
tt0985694,5
tt0986233,5
tt0988047,5
tt0990407,5
tt11851548,5
tt1189340,5
tt1190539,5
tt11976134,5
tt1197624,5
tt1197628,5
tt12001534,5
tt1433108,5
tt1433811,5
tt14364480,5
tt14371878,5
tt1440728,5
tt1741273,5
tt1742334,5
tt1758810,5
tt1764234,5
tt2334649,5
tt2345737,5
tt23468450,5
tt2359024,5
tt2361317,5
tt2364841,5
tt2368619,5
tt2369135,5
tt2372222,5
tt30144839,5
tt3569230,5
tt3581652,5
tt4139124,5
tt4139588,5
tt4158096,5
tt4160708,5
tt6742252,5
tt9531772,5
tt9620292,5
tt1185616,6
tt0910970,8
tt0926084,8
tt0938283,8
tt0960731,8
tt0962726,8
tt0963966,8
tt0970179,8
tt0970411,8
tt0980970,8
tt0983213,8
tt0986264,8
tt11909878,8
tt1196141,8
tt1201607,8
tt2990140,8
tt4123430,8
tt6673612,8
tt0903624,9
tt0926084,9
tt0970452,9
tt0974015,9
tt0974661,9
tt0978764,9
tt0980970,9
tt0983946,9
tt1187064,9
tt11909878,9
tt1191111,9
tt1201607,9
tt1428538,9
tt14331144,9
tt1438254,9
tt1740707,9
tt1748179,9
tt1767354,9
tt2333804,9
tt2345759,9
tt4123430,9
tt4123432,9
tt4176826,9
tt6823368,9
tt9663764,9
tt0962736,11
tt0985699,11
tt2328900,11
tt3007512,11
tt4172430,11
tt9637132,11
tt0905372,12
tt0938330,12
tt0963794,12
tt0983946,12
tt11851548,12
tt11866324,12
tt1188729,12
tt12004038,12
tt1428538,12
tt1441395,12
tt1748227,12
tt17526714,12
tt1758810,12
tt17663992,12
tt1767354,12
tt1772240,12
tt1772264,12
tt1778304,12
tt2321549,12
tt23468450,12
tt3567288,12
tt4160708,12
tt6738136,12
tt6772950,12
tt6823368,12
tt6857112,12
tt9619824,12
tt9639470,12
tt9701940,12
tt9701942,12
tt0907657,13
tt0981227,13
tt1193631,13
tt14444726,13
tt6802400,13
tt0907657,14
tt2338151,14
tt3581652,14
tt0905372,15
tt0918927,15
tt0938330,15
tt0945513,15
tt0971209,15
tt0976051,15
tt0983946,15
tt0988045,15
tt1187064,15
tt1188729,15
tt1189073,15
tt1189340,15
tt12001534,15
tt12004038,15
tt1433811,15
tt1441326,15
tt1441395,15
tt1741273,15
tt1748179,15
tt17663992,15
tt1772240,15
tt1772264,15
tt1778304,15
tt2321549,15
tt23468450,15
tt2364841,15
tt3567288,15
tt4178092,15
tt6772950,15
tt6857112,15
tt9620292,15
tt9639470,15
tt9701940,15
tt9701942,15
tt0901476,17
tt0959337,17
tt0970866,17
tt0975645,17
tt0976051,17
tt0988595,17
tt0989757,17
tt1185416,17
tt1188996,17
tt1193138,17
tt1193631,17
tt1195478,17
tt1438254,17
tt1439572,17
tt1440292,17
tt1441952,17
tt1758692,17
tt1758830,17
tt1763303,17
tt2322441,17
tt2334873,17
tt2347569,17
tt2350496,17
tt30057084,17
tt30253473,17
tt4126476,17
tt6791096,17
tt9619798,17
tt0905372,18
tt0948470,18
tt0949731,18
tt0970416,18
tt0986263,18
tt1187064,18
tt1190080,18
tt1430132,18
tt1431045,18
tt1439572,18
tt1440129,18
tt1731141,18
tt17526714,18
tt1772240,18
tt3014866,18
tt4154664,18
tt4154756,18
tt4154796,18
tt6654210,18
tt6723592,18
tt2356180,19
tt4169250,19
tt9620288,19
tt0898367,20
tt0899043,20
tt0914863,20
tt0936501,20
tt0944835,20
tt0947798,20
tt0947802,20
tt0947810,20
tt0963794,20
tt0971209,20
tt0977855,20
tt0985694,20
tt0985699,20
tt0986263,20
tt1186367,20
tt1189073,20
tt1194173,20
tt12003946,20
tt1440728,20
tt1441326,20
tt17351924,20
tt1740707,20
tt1748227,20
tt1764183,20
tt1764234,20
tt1764651,20
tt17663992,20
tt1778304,20
tt2322441,20
tt2334879,20
tt2359024,20
tt2364841,20
tt30057084,20
tt3011894,20
tt3014866,20
tt3567288,20
tt4139588,20
tt4160708,20
tt4178092,20
tt6654210,20
tt6723592,20
tt6742252,20
tt6751668,20
tt6772950,20
tt6806448,20
tt6850820,20
tt6856242,20
tt6857112,20
tt9603208,20
tt9603212,20
tt9619824,20
tt0914798,21
tt0942385,21
tt0989757,21
tt2991224,21
tt3007512,21
