movieId,title,year,runtimeMinutes,averageRating,numVotes
tt0111161,The Shawshank Redemption,1994,142,9.3,3181375
tt0468569,The Dark Knight,2008,152,9.1,3160664
tt1375666,Inception,2010,148,8.8,2810355
tt0137523,Fight Club,1999,139,8.8,2600182
tt0816692,Interstellar,2014,169,8.7,2519775
tt0109830,Forrest Gump,1994,142,8.8,2491441
tt0110912,Pulp Fiction,1994,154,8.8,2430748
tt0133093,The Matrix,1999,136,8.7,2242930
tt0068646,The Godfather,1972,175,9.2,2222007
tt0120737,The Lord of the Rings: The Fellowship of the Ring,2001,178,8.9,2202534
tt0167260,The Lord of the Rings: The Return of the King,2003,201,9.0,2160726
tt0114369,Seven,1995,127,8.6,2016295
tt1345836,The Dark Knight Rises,2012,164,8.4,1990025
tt0167261,The Lord of the Rings: The Two Towers,2002,179,8.8,1953339
tt1853728,Django Unchained,2012,165,8.5,1879113
tt0172495,Gladiator,2000,155,8.5,1845477
tt0993846,The Wolf of Wall Street,2013,180,8.2,1782416
tt0361748,Inglourious Basterds,2009,153,8.4,1779045
tt0102926,The Silence of the Lambs,1991,118,8.6,1719556
tt0372784,Batman Begins,2005,140,8.2,1710316
tt7286456,Joker,2019,122,8.3,1689370
tt1130884,Shutter Island,2010,138,8.2,1642365
tt0120815,Saving Private Ryan,1998,169,8.6,1635423
tt0482571,The Prestige,2006,130,8.5,1584166
tt0108052,Schindler's List,1993,195,9.0,1582959
tt0076759,Star Wars: Episode IV - A New Hope,1977,121,8.6,1567184
tt0120689,The Green Mile,1999,189,8.6,1558381
tt0848228,The Avengers,2012,143,8.0,1555715
tt0407887,The Departed,2006,151,8.5,1551393
tt0080684,Star Wars: Episode V - The Empire Strikes Back,1980,124,8.7,1501961
tt0499549,Avatar,2009,162,7.9,1495336
tt0071562,The Godfather Part II,1974,202,9.0,1492734
tt0088763,Back to the Future,1985,116,8.5,1450116
tt4154796,Avengers: Endgame,2019,181,8.4,1441760
tt0209144,Memento,2000,113,8.4,1432958
tt0120338,Titanic,1997,194,8.0,1389987
tt0099685,GoodFellas,1990,145,8.7,1388572
tt0120382,The Truman Show,1998,103,8.2,1368791
tt4154756,Avengers: Infinity War,2018,149,8.4,1367950
tt2015381,Guardians of the Galaxy,2014,121,8.0,1361747
tt0110413,Léon: The Professional,1994,110,8.5,1349006
tt0325980,Pirates of the Caribbean: The Curse of the Black Pearl,2003,143,8.1,1322533
tt0910970,WALL·E,2008,98,8.4,1318052
tt0266697,Kill Bill: Vol. 1,2003,111,8.2,1304963
tt0103064,Terminator 2: Judgment Day,1991,137,8.6,1281880
tt0169547,American Beauty,1999,122,8.3,1278495
tt0120586,American History X,1998,119,8.5,1271490
tt0110357,The Lion King,1994,88,8.5,1256214
tt1431045,Deadpool,2016,108,8.0,1251533
tt0434409,V for Vendetta,2005,132,8.1,1245115
tt0114814,The Usual Suspects,1995,106,8.5,1236975
tt0264464,Catch Me If You Can,2002,141,8.1,1234408
tt1049413,Up,2009,96,8.3,1233489
tt0081505,The Shining,1980,146,8.4,1223167
tt0371746,Iron Man,2008,126,7.9,1222317
tt0119217,Good Will Hunting,1997,126,8.4,1213745
tt0086190,Star Wars: Episode VI - Return of the Jedi,1983,131,8.3,1207420
tt0266543,Finding Nemo,2003,100,8.2,1205433
tt1392190,Mad Max: Fury Road,2015,120,8.1,1204486
tt0477348,No Country for Old Men,2007,122,8.2,1186797
tt0338013,Eternal Sunshine of the Spotless Mind,2004,108,8.3,1180978
tt0107290,Jurassic Park,1993,127,8.2,1175139
tt0114709,Toy Story,1995,81,8.3,1171626
tt0105236,Reservoir Dogs,1992,99,8.3,1169153
tt2267998,Gone Girl,2014,149,8.1,1166505
tt0112573,Braveheart,1995,178,8.3,1159554
tt6751668,Parasite,2019,132,8.5,1159466
tt0073486,One Flew Over the Cuckoo's Nest,1975,133,8.6,1155647
tt2582802,Whiplash,2014,106,8.5,1151059
tt0167404,The Sixth Sense,1999,107,8.2,1142480
tt0082971,Raiders of the Lost Ark,1981,115,8.4,1108792
tt1392170,The Hunger Games,2012,142,7.2,1079718
tt0198781,"Monsters, Inc.",2001,92,8.1,1073065
tt0078748,Alien,1979,117,8.5,1062161
tt0268978,A Beautiful Mind,2001,135,8.2,1052083
tt1201607,Harry Potter and the Deathly Hallows: Part 2,2011,130,8.1,1043681
tt1160419,Dune: Part One,2021,155,8.0,1039234
tt0095016,Die Hard,1988,132,8.2,1028790
tt1675434,The Intouchables,2011,112,8.5,1025218
tt2488496,Star Wars: Episode VII - The Force Awakens,2015,138,7.7,1024386
tt0075314,Taxi Driver,1976,114,8.2,1024335
tt15398776,Oppenheimer,2023,180,8.2,1023032
tt10872600,Spider-Man: No Way Home,2021,148,8.1,1016838
tt0086250,Scarface,1983,170,8.3,1013501
tt0253474,The Pianist,2002,150,8.5,1010546
tt3659388,The Martian,2015,144,8.0,1010104
tt0088247,The Terminator,1984,107,8.1,1002822
tt2395427,Avengers: Age of Ultron,2015,141,7.3,998848
tt0050083,12 Angry Men,1957,96,9.0,981962
tt0208092,Snatch,2000,102,8.2,975803
tt0180093,Requiem for a Dream,2000,102,8.3,971949
tt1843866,Captain America: The Winter Soldier,2014,136,7.7,970090
tt2278388,The Grand Budapest Hotel,2014,99,8.1,968819
tt0435761,Toy Story 3,2010,103,8.3,968046
tt0145487,Spider-Man,2002,121,7.4,966331
tt0458339,Captain America: The First Avenger,2011,124,6.9,965745
tt0245429,Spirited Away,2001,124,8.6,964540
tt0800369,Thor,2011,115,7.0,964345
tt1300854,Iron Man 3,2013,130,7.1,964215
tt7131622,Once Upon a Time... in Hollywood,2019,161,7.6,960152
tt0241527,Harry Potter and the Sorcerer's Stone,2001,152,7.7,950571
tt1663202,The Revenant,2015,156,8.0,948159
tt0382932,Ratatouille,2007,111,8.1,941237
tt1228705,Iron Man 2,2010,124,6.9,935935
tt0066921,A Clockwork Orange,1971,136,8.2,935705
tt1392214,Prisoners,2013,153,8.2,932321
tt1119646,The Hangover,2009,100,7.7,928029
tt0903624,The Hobbit: An Unexpected Journey,2012,169,7.8,926537
tt3498820,Captain America: Civil War,2016,147,7.8,925446
tt0120915,Star Wars: Episode I - The Phantom Menace,1999,136,6.5,924723
tt3315342,Logan,2017,137,8.1,924601
tt1877830,The Batman,2022,176,7.8,924386
tt0121766,Star Wars: Episode III - Revenge of the Sith,2005,140,7.7,919621
tt0118715,The Big Lebowski,1998,117,8.1,915951
tt2096673,Inside Out,2015,95,8.1,912880
tt0416449,300,2006,117,7.6,911164
tt0246578,Donnie Darko,2001,113,8.0,910732
tt1010048,Slumdog Millionaire,2008,120,8.0,909564
tt1825683,Black Panther,2018,134,7.3,907764
tt1454468,Gravity,2013,91,7.7,899155
tt0317705,The Incredibles,2004,115,8.0,898801
tt3501632,Thor: Ragnarok,2017,130,7.9,892975
tt0892769,How to Train Your Dragon,2010,98,8.1,891983
tt0060196,"The Good, the Bad and the Ugly",1966,178,8.8,890038
tt0947798,Black Swan,2010,108,8.0,887885
tt0083658,Blade Runner,1982,117,8.1,880825
tt1211837,Doctor Strange,2016,115,7.5,877940
tt2084970,The Imitation Game,2014,114,8.0,876640
tt0480249,I Am Legend,2007,101,7.2,875725
tt8946378,Knives Out,2019,130,7.9,875586
tt0317248,City of God,2002,130,8.6,869474
tt0378194,Kill Bill: Vol. 2,2004,137,8.0,868961
tt0770828,Man of Steel,2013,143,7.1,865744
tt0097576,Indiana Jones and the Last Crusade,1989,127,8.2,862734
tt2543164,Arrival,2016,116,7.9,861537
tt1205489,Gran Torino,2008,116,8.1,860972
tt1745960,Top Gun: Maverick,2022,130,8.2,856363
tt0093058,Full Metal Jacket,1987,116,8.2,850046
tt0090605,Aliens,1986,137,8.4,839560
tt0211915,Amélie,2001,122,8.3,839064
tt0144084,American Psycho,2000,102,7.6,835778
tt3896198,Guardians of the Galaxy: Vol. 2,2017,136,7.6,827601
tt2911666,John Wick,2014,101,7.5,826497
tt0383574,Pirates of the Caribbean: Dead Man's Chest,2006,151,7.4,824759
tt0401792,Sin City,2005,124,8.0,820034
tt0121765,Star Wars: Episode II - Attack of the Clones,2002,142,6.6,818928
tt1285016,The Social Network,2010,120,7.8,818269
tt5052448,Get Out,2017,104,7.8,814891
tt0118799,Life Is Beautiful,1997,116,8.6,811426
tt0126029,Shrek,2001,90,7.9,809233
tt5013056,Dunkirk,2017,106,7.8,805868
tt1631867,Edge of Tomorrow,2014,113,7.9,803101
tt0113277,Heat,1995,170,8.3,801652
tt2250912,Spider-Man: Homecoming,2017,133,7.4,795516
tt2975590,Batman v Superman: Dawn of Justice,2016,151,6.4,790721
tt1877832,X-Men: Days of Future Past,2014,132,7.9,787115
tt0116282,Fargo,1996,98,8.1,786699
tt4633694,Spider-Man: Into the Spider-Verse,2018,117,8.4,786422
tt2024544,12 Years a Slave,2013,134,8.1,785804
tt0054215,Psycho,1960,109,8.5,784168
tt0316654,Spider-Man 2,2004,127,7.5,783155
tt0062622,2001: A Space Odyssey,1968,149,8.3,782242
tt0816711,World War Z,2013,116,7.0,781716
tt0478970,Ant-Man,2015,117,7.2,778966
tt1981115,Thor: The Dark World,2013,112,6.7,776456
tt2802144,Kingsman: The Secret Service,2014,129,7.7,775637
tt1045658,Silver Linings Playbook,2012,122,7.7,772833
tt1951264,The Hunger Games: Catching Fire,2013,146,7.5,772464
tt1074638,Skyfall,2012,143,7.8,771977
tt1670345,Now You See Me,2013,115,7.2,769468
tt8579674,1917,2019,119,8.2,769386
tt0078788,Apocalypse Now,1979,147,8.4,769209
tt0117951,Trainspotting,1996,93,8.1,768263
tt0304141,Harry Potter and the Prisoner of Azkaban,2004,142,7.9,766040
tt0295297,Harry Potter and the Chamber of Secrets,2002,161,7.5,765202
tt0405159,Million Dollar Baby,2004,132,8.1,765197
tt0948470,The Amazing Spider-Man,2012,136,6.9,763883
tt1270798,X-Men: First Class,2011,131,7.7,763233
tt0780504,Drive,2011,100,7.8,761615
tt3783958,La La Land,2016,128,8.0,760538
tt1386697,Suicide Squad,2016,123,5.9,758723
tt3748528,Rogue One: A Star Wars Story,2016,133,7.8,754216
tt1170358,The Hobbit: The Desolation of Smaug,2013,161,7.8,752708
tt1856101,Blade Runner 2049,2017,164,8.0,752025
tt1136608,District 9,2009,112,7.9,751813
tt0330373,Harry Potter and the Goblet of Fire,2005,157,7.7,751653
tt0457430,Pan's Labyrinth,2006,118,8.2,745926
tt0421715,The Curious Case of Benjamin Button,2008,166,7.8,744123
tt0381061,Casino Royale,2006,144,8.0,743585
tt5463162,Deadpool 2,2018,119,7.6,743094
tt0099785,Home Alone,1990,103,7.8,743049
tt0449088,Pirates of the Caribbean: At World's End,2007,169,7.2,742913
tt0107048,Groundhog Day,1993,101,8.0,736531
tt15239678,Dune: Part Two,2024,166,8.4,736403
tt0073195,Jaws,1975,124,8.1,735939
tt0451279,Wonder Woman,2017,141,7.3,734895
tt1504320,The King's Speech,2010,118,8.0,732503
tt0369610,Jurassic World,2015,124,6.9,728364
tt1798709,Her,2013,126,8.0,725783
tt3460252,The Hateful Eight,2015,168,7.8,721303
tt0418279,Transformers,2007,144,7.1,717562
tt2527336,Star Wars: Episode VIII - The Last Jedi,2017,152,6.8,717272
tt0364569,Oldboy,2003,120,8.3,716866
tt2294629,Frozen,2013,102,7.4,712091
tt1637725,Ted,2012,106,6.9,709043
tt0469494,There Will Be Blood,2007,158,8.2,706947
tt0988045,Sherlock Holmes,2009,128,7.5,706030
tt2380307,Coco,2017,105,8.4,704672
tt0454876,Life of Pi,2012,127,7.9,699452
tt0413300,Spider-Man 3,2007,139,6.3,698946
tt0373889,Harry Potter and the Order of the Phoenix,2007,138,7.5,698805
tt1446714,Prometheus,2012,124,7.0,698691
tt2562232,Birdman or (The Unexpected Virtue of Ignorance),2014,119,7.7,697827
tt0758758,Into the Wild,2007,148,8.0,694874
tt1396484,It,2017,135,7.3,694480
tt0829482,Superbad,2007,113,7.6,692307
tt0120903,X-Men,2000,104,7.3,690926
tt0162222,Cast Away,2000,143,7.8,688656
tt0332280,The Notebook,2004,123,7.8,687452
tt0075148,Rocky,1976,120,8.1,687351
tt6723592,Tenet,2020,150,7.3,683715
tt0440963,The Bourne Ultimatum,2007,115,8.0,683492
tt3890160,Baby Driver,2017,113,7.5,682710
tt6966692,Green Book,2018,130,8.2,682700
tt0114746,12 Monkeys,1995,129,8.0,679368
tt2119532,Hacksaw Ridge,2016,139,8.1,679148
tt0240772,Ocean's Eleven,2001,116,7.7,672534
tt0443706,Zodiac,2007,157,7.7,671669
tt0936501,Taken,2008,90,7.7,671131
tt11286314,Don't Look Up,2021,138,7.1,669868
tt0234215,The Matrix Reloaded,2003,138,7.2,669537
tt0120363,Toy Story 2,1999,92,7.9,668797
tt1517268,Barbie,2023,114,6.8,668396
tt2872718,Nightcrawler,2014,117,7.8,667644
tt1156398,Zombieland,2009,88,7.5,666634
tt1024648,Argo,2012,120,7.7,665908
tt0926084,Harry Potter and the Deathly Hallows: Part 1,2010,146,7.7,663047
tt0119654,Men in Black,1997,98,7.3,662873
tt0417741,Harry Potter and the Half-Blood Prince,2009,153,7.6,658938
tt0119488,L.A. Confidential,1997,138,8.2,658456
tt4154664,Captain Marvel,2019,123,6.7,657600
tt6644200,A Quiet Place,2018,90,7.5,657101
tt0034583,Casablanca,1942,102,8.5,654846
tt0097165,Dead Poets Society,1989,128,8.1,650246
tt0120735,"Lock, Stock and Two Smoking Barrels",1998,107,8.1,649635
tt1219289,Limitless,2011,105,7.4,646911
tt0116629,Independence Day,1996,145,7.0,646016
tt1232829,21 Jump Street,2012,109,7.2,645123
tt1727824,Bohemian Rhapsody,2018,134,7.9,644025
tt1343092,The Great Gatsby,2013,143,7.2,641967
tt0470752,Ex Machina,2014,108,7.7,638286
tt0365748,Shaun of the Dead,2004,99,7.8,638217
tt0796366,Star Trek,2009,127,7.9,637972
tt6320628,Spider-Man: Far from Home,2019,129,7.3,637377
tt2948356,Zootopia,2016,108,8.0,634215
tt1323594,Despicable Me,2010,95,7.6,631591
tt1276104,Looper,2012,119,7.4,627953
tt6710474,Everything Everywhere All at Once,2022,139,7.7,627459
tt0450259,Blood Diamond,2006,143,8.0,625094
tt1457767,The Conjuring,2013,112,7.5,620994
tt0181689,Minority Report,2002,145,7.6,620592
tt0096874,Back to the Future Part II,1989,108,7.8,620514
tt1250777,Kick-Ass,2010,117,7.6,620363
tt4972582,Split,2016,117,7.3,619975
tt0454921,The Pursuit of Happyness,2006,117,8.0,619885
tt0112641,Casino,1995,178,8.2,618232
tt1022603,500 Days of Summer,2009,95,7.6,617282
tt1570728,"Crazy, Stupid, Love.",2011,118,7.4,617169
tt2310332,The Hobbit: The Battle of the Five Armies,2014,144,7.4,616900
tt0332452,Troy,2004,163,7.3,614502
tt0343818,"I, Robot",2004,115,7.1,613898
tt0258463,The Bourne Identity,2002,119,7.8,612694
tt0290334,X2: X-Men United,2003,134,7.4,611135
tt0409459,Watchmen,2009,162,7.6,610331
tt1630029,Avatar: The Way of Water,2022,192,7.5,609764
tt2713180,Fury,2014,134,7.6,607524
tt5027774,"Three Billboards Outside Ebbing, Missouri",2017,115,8.1,606322
tt1298650,Pirates of the Caribbean: On Stranger Tides,2011,136,6.6,606310
tt1270797,Venom,2018,112,6.6,605421
tt1318514,Rise of the Planet of the Apes,2011,105,7.6,604981
tt0071853,Monty Python and the Holy Grail,1975,91,8.1,602996
tt1659337,The Perks of Being a Wallflower,2012,103,7.9,594901
tt0356910,Mr. & Mrs. Smith,2005,120,6.5,592395
tt1872181,The Amazing Spider-Man 2,2014,142,6.6,589165
tt1483013,Oblivion,2013,124,7.0,585478
tt0095953,Rain Man,1988,133,8.0,584854
tt0945513,Source Code,2011,93,7.5,581726
tt0314331,Love Actually,2003,135,7.5,579990
tt10811166,The Kashmir Files,2022,170,8.5,578833
tt0441773,Kung Fu Panda,2008,92,7.6,578649
tt2872732,Lucy,2014,89,6.4,578032
tt1411697,The Hangover Part II,2011,102,6.5,576893
tt0242653,The Matrix Revolutions,2003,129,6.7,574499
tt0467406,Juno,2007,96,7.4,572021
tt0376994,X-Men: The Last Stand,2006,104,6.6,571678
tt0367594,Charlie and the Chocolate Factory,2005,115,6.7,570495
tt1950186,Ford v Ferrari,2019,152,8.1,569593
tt4425200,John Wick: Chapter 2,2017,122,7.4,569073
tt2179136,American Sniper,2014,133,7.3,568739
tt0047396,Rear Window,1954,112,8.5,568500
tt0087469,Indiana Jones and the Temple of Doom,1984,118,7.5,567284
tt0458525,X-Men Origins: Wolverine,2009,107,6.5,567236
tt0425112,Hot Fuzz,2007,121,7.8,566190
tt6263850,Deadpool & Wolverine,2024,128,7.5,565715
tt0206634,Children of Men,2006,109,7.9,565260
tt1229238,Mission: Impossible - Ghost Protocol,2011,132,7.4,564674
tt0099487,Edward Scissorhands,1990,105,7.8,564406
tt0800080,The Incredible Hulk,2008,112,6.6,563752
tt0268380,Ice Age,2002,81,7.5,563737
tt1790864,The Maze Runner,2014,113,6.8,561692
tt1663662,Pacific Rim,2013,131,6.9,558255
tt1979320,Rush,2013,123,8.1,558120
tt0449059,Little Miss Sunshine,2006,101,7.8,557369
tt0289879,The Butterfly Effect,2004,113,7.6,555483
tt0298148,Shrek 2,2004,93,7.4,554434
tt0038650,It's a Wonderful Life,1946,130,8.6,554085
tt1477834,Aquaman,2018,143,6.8,552593
tt2245084,Big Hero 6,2014,102,7.8,552150
tt0057012,Dr. Strangelove or: How I Learned to Stop Worrying and Love the Bomb,1964,95,8.3,550966
tt0092099,Top Gun,1986,110,7.0,550453
tt0790636,Dallas Buyers Club,2013,117,7.9,547890
tt0289043,28 Days Later,2002,113,7.5,545758
tt1951265,The Hunger Games: Mockingjay - Part 1,2014,123,6.6,545287
tt0398286,Tangled,2010,100,7.7,544097
tt0119116,The Fifth Element,1997,126,7.6,544052
tt9419884,Doctor Strange in the Multiverse of Madness,2022,126,6.9,543603
tt2527338,Star Wars: Episode IX - The Rise of Skywalker,2019,141,6.3,540801
tt1677720,Ready Player One,2018,140,7.4,540799
tt3183660,Fantastic Beasts and Where to Find Them,2016,132,7.2,539940
tt0448157,Hancock,2008,92,6.4,538714
tt1596363,The Big Short,2015,130,7.8,538433
tt3397884,Sicario,2015,121,7.7,537314
tt0362227,The Terminal,2004,128,7.4,534679
tt1895587,Spotlight,2015,129,8.1,534628
tt0317219,Cars,2006,116,7.3,534240
tt12593682,Bullet Train,2022,127,7.3,533305
tt0458352,The Devil Wears Prada,2006,109,7.0,532319
tt0335266,Lost in Translation,2003,102,7.7,529139
tt1291584,Warrior,2011,140,8.1,528129
tt1454029,The Help,2011,146,8.1,527765
tt1568346,The Girl with the Dragon Tattoo,2011,158,7.8,527696
tt1099212,Twilight,2008,122,5.4,525817
tt0084787,The Thing,1982,109,8.2,525360
tt1723121,We're the Millers,2013,110,7.0,523689
tt1430132,The Wolverine,2013,126,6.7,523319
tt11564570,Glass Onion,2022,139,7.1,522567
tt0327056,Mystic River,2003,138,7.9,522092
tt9362722,Spider-Man: Across the Spider-Verse,2023,140,8.5,520781
tt0099088,Back to the Future Part III,1990,118,7.5,519203
tt1535109,Captain Phillips,2013,134,7.8,518778
tt1800241,American Hustle,2013,138,7.2,518474
tt1840309,Divergent,2014,139,6.6,517817
tt0117060,Mission: Impossible,1996,110,7.2,516994
tt0139654,Training Day,2001,122,7.8,516304
tt0367882,Indiana Jones and the Kingdom of the Crystal Skull,2008,122,6.2,513347
tt0372183,The Bourne Supremacy,2004,108,7.7,512454
tt0319262,The Day After Tomorrow,2004,124,6.5,511306
tt2103281,Dawn of the Planet of the Apes,2014,130,7.6,510878
tt0347149,Howl's Moving Castle,2004,119,8.2,510852
tt1408101,Star Trek Into Darkness,2013,132,7.7,510118
tt0387564,Saw,2004,103,7.6,509085
tt1210166,Moneyball,2011,133,7.6,507866
tt2980516,The Theory of Everything,2014,123,7.7,507407
tt0407304,War of the Worlds,2005,117,6.6,506462
tt0217505,Gangs of New York,2002,167,7.5,504963
tt0101414,Beauty and the Beast,1991,84,8.0,504904
tt0974015,Justice League,2017,120,6.0,504265
tt0325710,The Last Samurai,2003,154,7.8,504218
tt2283362,Jumanji: Welcome to the Jungle,2017,119,6.9,501898
tt1515091,Sherlock Holmes: A Game of Shadows,2011,129,7.4,501894
tt0120616,The Mummy,1999,124,7.1,500801
tt0405422,The 40-Year-Old Virgin,2005,116,7.1,500610
tt0093773,Predator,1987,107,7.8,499919
tt0103639,Aladdin,1992,90,8.0,499874
tt0070047,The Exorcist,1973,122,8.1,498031
tt1772341,Wreck-It Ralph,2012,101,7.7,497826
tt9764362,The Menu,2022,107,7.2,497231
tt0830515,Quantum of Solace,2008,106,6.5,497046
tt0887912,The Hurt Locker,2008,131,7.5,496155
tt0446029,Scott Pilgrim vs. the World,2010,112,7.5,495998
tt2379713,Spectre,2015,148,6.8,495887
tt1355644,Passengers,2016,116,7.0,495411
tt5095030,Ant-Man and the Wasp,2018,118,7.0,494149
tt0033467,Citizen Kane,1941,119,8.2,493273
tt0780536,In Bruges,2008,107,7.9,492896
tt3385516,X-Men: Apocalypse,2016,144,6.8,491669
tt1535108,Elysium,2013,109,6.6,491135
tt1259521,The Cabin in the Woods,2011,95,7.0,489475
tt0942385,Tropic Thunder,2008,107,7.1,488851
tt1499658,Horrible Bosses,2011,98,6.9,487495
tt6264654,Free Guy,2021,115,7.1,487409
tt2584384,Jojo Rabbit,2019,108,7.9,487215
tt9376612,Shang-Chi and the Legend of the Ten Rings,2021,132,7.3,487163
tt0092005,Stand by Me,1986,89,8.1,487016
tt2382320,No Time to Die,2021,163,7.3,486869
tt0087332,Ghostbusters,1984,105,7.8,486635
tt0093779,The Princess Bride,1987,98,8.0,485618
tt0765429,American Gangster,2007,157,7.8,485585
tt0377092,Mean Girls,2004,97,7.1,485562
tt0382625,The Da Vinci Code,2006,149,6.7,485460
tt1637688,In Time,2011,109,6.7,483075
tt0119698,Princess Mononoke,1997,133,8.3,482760
tt8772262,Midsommar,2019,148,7.1,482336
tt1187043,3 Idiots,2009,170,8.4,481079
tt3170832,Room,2015,118,8.1,479600
tt6146586,John Wick: Chapter 3 - Parabellum,2019,130,7.4,479499
tt0351283,Madagascar,2005,86,6.9,479131
tt0120591,Armageddon,1998,151,6.7,478801
tt1217209,Brave,2012,93,7.1,478292
tt0319061,Big Fish,2003,125,7.9,478172
tt0119567,The Lost World: Jurassic Park,1997,129,6.6,477692
tt3480822,Black Widow,2021,134,6.6,476255
tt0443453,Borat,2006,84,7.4,476033
tt5580390,The Shape of Water,2017,123,7.3,475396
tt12361974,Zack Snyder's Justice League,2021,242,7.9,472317
tt0091763,Platoon,1986,120,8.1,472174
tt0088847,The Breakfast Club,1985,97,7.8,471938
tt1302006,The Irishman,2019,209,7.8,471821
tt0083866,E.T. the Extra-Terrestrial,1982,115,7.9,471224
tt1605783,Midnight in Paris,2011,94,7.6,470798
tt0360717,King Kong,2005,187,7.2,470198
tt0119174,The Game,1997,129,7.7,469856
tt6791350,Guardians of the Galaxy Vol. 3,2023,150,7.9,469637
tt0110475,The Mask,1994,101,7.0,469499
tt0315327,Bruce Almighty,2003,101,6.8,469411
tt31193180,Sinners,2025,137,7.5,468569
tt0105695,Unforgiven,1992,130,8.2,468330
tt0163651,American Pie,1999,95,7.0,467864
tt0086879,Amadeus,1984,160,8.4,467264
tt0217869,Unbreakable,2000,106,7.3,467243
tt1014759,Alice in Wonderland,2010,108,6.4,467241
tt0032138,The Wizard of Oz,1939,102,8.1,466977
tt0369339,Collateral,2004,120,7.5,466808
tt0455944,The Equalizer,2014,132,7.3,465017
tt0831387,Godzilla,2014,123,6.4,464193
tt0375679,Crash,2004,112,7.7,462027
tt10648342,Thor: Love and Thunder,2022,118,6.1,459635
tt1690953,Despicable Me 2,2013,98,7.3,458876
tt0052357,Vertigo,1958,128,8.2,458851
tt0363771,"The Chronicles of Narnia: The Lion, the Witch and the Wardrobe",2005,143,6.9,457390
tt6334354,The Suicide Squad,2021,132,7.2,457388
tt0232500,The Fast and the Furious,2001,106,6.8,456605
tt8367814,The Gentlemen,2019,113,7.8,455945
tt1399103,Transformers: Dark of the Moon,2011,154,6.2,455353
tt1245492,This Is the End,2013,107,6.6,455222
tt0104431,Home Alone 2: Lost in New York,1992,120,6.9,455221
tt0099674,The Godfather Part III,1990,162,7.5,454905
tt0265086,Black Hawk Down,2001,144,7.7,454141
tt7784604,Hereditary,2018,127,7.3,453909
tt1055369,Transformers: Revenge of the Fallen,2009,149,6.0,453673
tt0147800,10 Things I Hate About You,1999,97,7.4,448682
tt1517451,A Star Is Born,2018,136,7.6,448419
tt0840361,The Town,2010,125,7.5,447160
tt2948372,Soul,2020,100,8.0,447022
tt2381249,Mission: Impossible - Rogue Nation,2015,131,7.4,445477
tt0117571,Scream,1996,111,7.4,445095
tt0118971,The Devil's Advocate,1997,144,7.5,443713
tt1060277,Cloverfield,2008,85,7.0,443563
tt0109686,Dumb and Dumber,1994,107,7.3,443318
tt1282140,Easy A,2010,92,7.0,443153
tt0405094,The Lives of Others,2006,137,8.4,442702
tt0361862,The Machinist,2004,101,7.6,441323
tt3521164,Moana,2016,107,7.6,439764
tt1905041,Fast & Furious 6,2013,130,7.0,439463
tt2820852,Furious 7,2015,137,7.1,439173
tt2294449,22 Jump Street,2014,112,7.0,439031
tt0349903,Ocean's Twelve,2004,125,6.5,438125
tt0181852,Terminator 3: Rise of the Machines,2003,109,6.3,436731
tt0337978,Live Free or Die Hard,2007,128,7.1,435609
tt0079470,Monty Python's Life of Brian,1979,94,8.0,434933
tt2194499,About Time,2013,123,7.8,432990
tt1596343,Fast Five,2011,130,7.3,432828
tt0096895,Batman,1989,126,7.5,431772
tt0120912,Men in Black II,2002,88,6.2,431024
tt0112864,Die Hard with a Vengeance,1995,128,7.6,430315
tt0096283,My Neighbor Totoro,1988,86,8.1,430307
tt0493464,Wanted,2008,110,6.7,428206
tt0120663,Eyes Wide Shut,1999,159,7.5,427910
tt0166924,Mulholland Drive,2001,147,7.9,427571
tt0230600,The Others,2001,104,7.6,426569
tt0119094,Face/Off,1997,138,7.3,426429
tt9032400,Eternals,2021,156,6.2,426314
tt0317919,Mission: Impossible III,2006,126,6.9,424479
tt0454848,Inside Man,2006,129,7.6,424295
tt2582846,The Fault in Our Stars,2014,126,7.6,424101
tt1542344,127 Hours,2010,94,7.5,424040
tt1453405,Monsters University,2013,104,7.2,424029
tt1587310,Maleficent,2014,97,6.9,423816
tt0111257,Speed,1994,116,7.3,422684
tt1190080,2012,2009,158,5.9,421479
tt2737304,Bird Box,2018,124,6.6,421093
tt1706620,Snowpiercer,2013,126,7.1,420046
tt1632708,Friends with Benefits,2011,109,6.5,419583
tt4912910,Mission: Impossible - Fallout,2018,147,7.7,419209
tt0328107,Man on Fire,2004,146,7.7,419086
tt0094721,Beetlejuice,1988,92,7.4,417789
tt17526714,The Substance,2024,141,7.2,417567
tt0388795,Brokeback Mountain,2005,134,7.7,416444
tt0091042,Ferris Bueller's Day Off,1986,103,7.8,415336
tt1490017,The Lego Movie,2014,100,7.7,415166
tt0343660,50 First Dates,2004,99,6.8,414090
tt3799694,The Nice Guys,2016,116,7.4,414004
tt0286106,Signs,2002,106,6.8,413748
tt0120755,Mission: Impossible II,2000,123,6.1,413613
tt1951266,The Hunger Games: Mockingjay - Part 2,2015,137,6.6,413263
tt0448115,Shazam!,2019,132,7.0,412880
tt0162661,Sleepy Hollow,1999,105,7.3,412484
tt0113497,Jumanji,1995,104,7.1,412349
tt1409024,Men in Black³,2012,106,6.8,411447
tt0107688,The Nightmare Before Christmas,1993,76,7.9,410981
tt0081398,Raging Bull,1980,129,8.1,410580
tt10366206,John Wick: Chapter 4,2023,169,7.6,410228
tt0477347,Night at the Museum,2006,108,6.5,409213
tt2106476,The Hunt,2012,115,8.3,408413
tt3778644,Solo: A Star Wars Story,2018,135,6.9,408372
tt0087843,Once Upon a Time in America,1984,229,8.3,408339
tt0338751,The Aviator,2004,170,7.5,407977
tt5950044,Superman,2025,129,7.0,407690
tt0964517,The Fighter,2010,116,7.8,407624
tt0360486,Constantine,2005,121,7.0,407084
tt0099423,Die Hard 2,1990,124,7.2,406889
tt0317740,The Italian Job,2003,111,7.0,406795
tt0408236,Sweeney Todd: The Demon Barber of Fleet Street,2007,116,7.3,406219
tt1068680,Yes Man,2008,104,6.8,404490
tt0100405,Pretty Woman,1990,119,7.1,404186
tt0443543,The Illusionist,2006,110,7.5,404127
tt0119396,Jackie Brown,1997,154,7.5,403640
tt0298130,The Ring,2002,115,7.1,401746
tt0047478,Seven Samurai,1954,207,8.6,401211
tt0357413,Anchorman: The Legend of Ron Burgundy,2004,94,7.1,401071
tt1646971,How to Train Your Dragon 2,2014,102,7.8,401038
tt4649466,Kingsman: The Golden Circle,2017,141,6.7,400763
tt0363163,Downfall,2004,156,8.2,399929
tt0478311,Knocked Up,2007,129,6.9,398341
tt0396269,Wedding Crashers,2005,119,7.0,397680
tt1907668,Flight,2012,138,7.3,396880
tt1041829,The Proposal,2009,108,6.8,396103
tt2140479,The Accountant,2016,128,7.3,395426
tt6208148,Snow White,2025,109,2.2,395269
tt1182345,Moon,2009,97,7.8,394585
tt30144839,One Battle After Another,2025,161,7.7,394529
tt2798920,Annihilation,2018,115,6.8,393122
tt0438488,Terminator Salvation,2009,115,6.5,392474
tt7888964,Nobody,2021,92,7.4,392331
tt0395169,Hotel Rwanda,2004,121,8.1,391653
tt14230458,Poor Things,2023,141,7.7,391650
tt0790724,Jack Reacher,2012,130,7.0,391264
tt6857112,Us,2019,116,6.8,391000
tt5311514,Your Name.,2016,106,8.4,390845
tt1104001,Tron: Legacy,2010,125,6.8,386930
tt0496806,Ocean's Thirteen,2007,122,6.9,386854
tt0389860,Click,2006,107,6.4,386735
tt0077416,The Deer Hunter,1978,183,8.1,386536
tt0878804,The Blind Side,2009,129,7.6,386337
tt1371111,Cloud Atlas,2012,172,7.3,386332
tt1790809,Pirates of the Caribbean: Dead Men Tell No Tales,2017,129,6.5,384336
tt0095327,Grave of the Fireflies,1988,88,8.5,383841
tt0125439,Notting Hill,1999,124,7.2,383795
tt0064116,Once Upon a Time in the West,1968,145,8.5,383714
tt1179933,10 Cloverfield Lane,2016,103,7.2,383546
tt1748122,Moonrise Kingdom,2012,94,7.7,382650
tt1065073,Boyhood,2014,165,7.9,381534
tt4881806,Jurassic World: Fallen Kingdom,2018,128,6.1,380715
tt0100802,Total Recall,1990,113,7.5,380673
tt1650062,Super 8,2011,112,7.0,380615
tt1320253,The Expendables,2010,103,6.4,380262
tt0433035,Real Steel,2011,127,7.1,380200
tt0117500,The Rock,1996,136,7.4,379791
tt0212338,Meet the Parents,2000,108,7.0,377887
tt0071315,Chinatown,1974,130,8.1,376624
tt0368891,National Treasure,2004,131,6.9,376516
tt2788710,The Interview,2014,112,6.5,376516
tt0112471,Before Sunrise,1995,101,8.1,376508
tt0110148,Interview with the Vampire,1994,123,7.5,376119
tt1403865,True Grit,2010,110,7.6,376004
tt0414387,Pride & Prejudice,2005,129,7.8,375819
tt0887883,Burn After Reading,2008,96,7.0,375726
tt0822854,Shooter,2007,124,7.2,375438
tt3731562,Kong: Skull Island,2017,118,6.7,374114
tt0884328,The Mist,2007,126,7.1,373897
tt0120667,Fantastic Four,2005,106,5.7,373404
tt0910936,Pineapple Express,2008,111,6.9,372812
tt1231583,Due Date,2010,95,6.5,371619
tt7653254,Marriage Story,2019,137,7.9,371457
tt0105323,Scent of a Woman,1992,156,8.0,371048
tt0359950,The Secret Life of Walter Mitty,2013,114,7.3,370760
tt0167190,Hellboy,2004,122,6.9,370184
tt0163025,Jurassic Park III,2001,92,6.0,370015
tt3606756,Incredibles 2,2018,118,7.5,369726
tt0116367,From Dusk Till Dawn,1996,108,7.2,369708
tt0120601,Being John Malkovich,1999,113,7.7,369496
tt0053125,North by Northwest,1959,136,8.3,369395
tt0213149,Pearl Harbor,2001,183,6.3,369207
tt9114286,Black Panther: Wakanda Forever,2022,161,6.6,369105
tt0209163,The Mummy Returns,2001,130,6.4,367282
tt1645170,The Dictator,2012,83,6.5,366893
tt0457939,The Holiday,2006,136,7.0,366821
tt1591095,Insidious,2010,103,6.8,365902
tt4925292,Lady Bird,2017,94,7.4,363212
tt0462538,The Simpsons Movie,2007,87,7.3,363203
tt1951261,The Hangover Part III,2013,100,5.9,362521
tt0119528,Liar Liar,1997,86,6.9,362347
tt0463854,28 Weeks Later,2007,100,6.8,362047
tt0238380,Equilibrium,2002,107,7.3,362035
tt1707386,Les Misérables,2012,158,7.5,361839
tt1037705,The Book of Eli,2010,118,6.8,360672
tt1193138,Up in the Air,2009,109,7.4,360539
tt3110958,Now You See Me 2,2016,129,6.4,360263
tt0413267,Shrek the Third,2007,93,6.1,360039
tt0399295,Lord of War,2005,122,7.6,358581
tt2771200,Beauty and the Beast,2017,129,7.1,358247
tt5726616,Call Me by Your Name,2017,132,7.8,358244
tt0472043,Apocalypto,2006,139,7.9,357833
tt0332379,School of Rock,2003,109,7.2,357768
tt1302011,Kung Fu Panda 2,2011,90,7.3,356259
tt1638355,The Man from U.N.C.L.E.,2015,116,7.2,356247
tt0031381,Gone with the Wind,1939,238,8.2,356212
tt4034228,Manchester by the Sea,2016,137,7.8,355903
tt0119008,Donnie Brasco,1997,127,7.7,355896
tt2322441,Fifty Shades of Grey,2015,125,4.2,355881
tt5727208,Uncut Gems,2019,135,7.4,355312
tt7991608,Red Notice,2021,118,6.3,353877
tt7349950,It: Chapter Two,2019,169,6.5,353866
tt1306980,50/50,2011,100,7.6,353803
tt0094226,The Untouchables,1987,119,7.8,353792
tt0109040,Ace Ventura: Pet Detective,1994,86,6.9,353262
tt0320661,Kingdom of Heaven,2005,144,7.3,352593
tt0103644,Alien³,1992,114,6.4,351997
tt4975722,Moonlight,2016,111,7.4,351689
tt16311594,F1: The Movie,2025,155,7.6,351579
tt0056592,To Kill a Mockingbird,1962,129,8.2,351389
tt0190590,"O Brother, Where Art Thou?",2000,107,7.7,351325
tt0298203,8 Mile,2002,110,7.2,351093
tt4263482,The Witch,2015,92,7.0,351065
tt0381849,3:10 to Yuma,2007,122,7.6,350757
tt1981677,Pitch Perfect,2012,112,7.1,350620
tt0175880,Magnolia,1999,188,8.0,350352
tt0103776,Batman Returns,1992,126,7.1,349955
tt2109248,Transformers: Age of Extinction,2014,165,5.6,349331
tt0970179,Hugo,2011,126,7.5,349104
tt0386588,Hitch,2005,118,6.6,348960
tt0129387,There's Something About Mary,1998,119,7.1,348185
tt1485796,The Greatest Showman,2017,105,7.5,346564
tt26581740,Weapons,2025,128,7.4,346541
tt0119177,Gattaca,1997,106,7.7,346512
tt0319343,Elf,2003,97,7.1,346448
tt0106977,The Fugitive,1993,130,7.8,345995
tt0120201,Starship Troopers,1997,129,7.3,345717
tt0120762,Mulan,1998,87,7.7,345530
tt2004420,Neighbors,2014,97,6.3,345133
tt0453467,Deja Vu,2006,126,7.1,345081
tt1197624,Law Abiding Citizen,2009,109,7.4,344703
tt2316204,Alien: Covenant,2017,122,6.4,344456
tt3682448,Bridge of Spies,2015,142,7.6,344144
tt0944835,Salt,2010,100,6.5,342709
tt9243946,El Camino,2019,122,7.3,342613
tt1028532,Hachi: A Dog's Tale,2009,93,8.1,342255
tt0278504,Insomnia,2002,118,7.2,342098
tt3065204,The Conjuring 2,2016,134,7.3,342067
tt0399201,The Island,2005,136,6.8,342036
tt0056172,Lawrence of Arabia,1962,227,8.3,341664
tt1790885,Zero Dark Thirty,2012,157,7.4,341100
tt0838283,Step Brothers,2008,98,6.9,340795
tt0118880,Con Air,1997,115,6.9,338882
tt0212720,A.I. Artificial Intelligence,2001,146,7.2,338804
tt0425210,Lucky Number Slevin,2006,110,7.7,338739
tt4550098,Nocturnal Animals,2016,116,7.4,338542
tt1245526,RED,2010,111,7.0,338494
tt0077651,Halloween,1978,91,7.7,338475
tt0119822,As Good as It Gets,1997,139,7.7,338366
tt0293662,The Transporter,2002,92,6.8,337960
tt0120623,A Bug's Life,1998,95,7.2,337617
tt0489099,Jumper,2008,88,6.1,337538
tt0112384,Apollo 13,1995,140,7.7,337374
tt1397280,Taken 2,2012,92,6.2,336698
tt1013752,Fast & Furious,2009,107,6.5,335119
tt1152836,Public Enemies,2009,140,6.9,334694
tt0265666,The Royal Tenenbaums,2001,110,7.6,334573
tt1764651,The Expendables 2,2012,103,6.6,334393
tt0195714,Final Destination,2000,98,6.7,334309
tt2397535,Predestination,2014,97,7.4,334116
tt3076658,Creed,2015,133,7.6,333959
tt2674426,Me Before You,2016,110,7.4,333915
tt1028528,Death Proof,2007,127,7.0,333527
tt2277860,Finding Dory,2016,97,7.2,333349
tt3464902,The Lobster,2015,119,7.1,333162
tt0170016,How the Grinch Stole Christmas,2000,104,6.4,332798
tt0463985,The Fast and the Furious: Tokyo Drift,2006,104,6.1,331330
tt4123430,Fantastic Beasts: The Crimes of Grindelwald,2018,134,6.5,331208
tt1125849,The Wrestler,2008,109,7.9,331029
tt1598778,Contagion,2011,106,6.8,330355
tt4160708,Don't Breathe,2016,88,7.1,329936
tt0120611,Blade,1998,120,7.1,329766
tt0449467,Babel,2006,143,7.4,328817
tt1253863,300: Rise of an Empire,2014,102,6.2,328715
tt0783233,Atonement,2007,123,7.8,328402
tt0120812,Rush Hour,1998,98,7.1,328280
tt1194173,The Bourne Legacy,2012,135,6.6,328024
tt0121164,Corpse Bride,2005,77,7.4,327746
tt9603212,Mission: Impossible - Dead Reckoning Part One,2023,163,7.6,326658
tt3450958,War for the Planet of the Apes,2017,140,7.4,326311
tt0089218,The Goonies,1985,114,7.7,326122
tt0814314,Seven Pounds,2008,123,7.6,325731
tt0808151,Angels & Demons,2009,138,6.7,325597
tt0077631,Grease,1978,110,7.2,325594
tt1001526,Megamind,2010,95,7.3,325123
tt0175142,Scary Movie,2000,88,6.3,325119
tt1478338,Bridesmaids,2011,125,6.8,325096
tt1091191,Lone Survivor,2013,121,7.5,323687
tt0322259,2 Fast 2 Furious,2003,107,6.0,323625
tt8228288,The Platform,2019,94,7.0,323350
tt0437086,Alita: Battle Angel,2019,122,7.3,323241
tt8332922,A Quiet Place Part II,2020,97,7.2,321984
tt1259571,The Twilight Saga: New Moon,2009,130,4.8,321821
tt3263904,Sully,2016,96,7.4,321764
tt0251127,How to Lose a Guy in 10 Days,2003,116,6.5,320840
tt3402236,Murder on the Orient Express,2017,114,6.5,320802
tt0800039,Forgetting Sarah Marshall,2008,111,7.1,319592
tt0120669,Fear and Loathing in Las Vegas,1998,118,7.4,319026
tt12037194,Furiosa: A Mad Max Saga,2024,148,7.5,318854
tt7975244,Jumanji: The Next Level,2019,123,6.6,318683
tt1192628,Rango,2011,107,7.3,318612
tt0438097,Ice Age: The Meltdown,2006,91,6.8,317762
tt0473075,Prince of Persia: The Sands of Time,2010,116,6.5,317287
tt0095765,Cinema Paradiso,1988,174,8.5,317034
tt0104257,A Few Good Men,1992,138,7.7,316653
tt0196229,Zoolander,2001,90,6.5,316334
tt0185937,The Blair Witch Project,1999,81,6.5,316242
tt1922777,Sinister,2012,110,6.8,315814
tt0107614,Mrs. Doubtfire,1993,125,7.1,315479
tt1016150,All Quiet on the Western Front,2022,148,7.8,315360
tt0379786,Serenity,2005,119,7.8,315197
tt0112442,Bad Boys,1995,119,6.8,315105
tt0181875,Almost Famous,2000,122,7.9,315018
tt10954984,Nope,2022,130,6.8,314943
tt1735898,Snow White and the Huntsman,2012,127,6.1,314720
tt0381681,Before Sunset,2004,80,8.1,314487
tt5362988,Wind River,2017,107,7.7,314384
tt6139732,Aladdin,2019,128,6.9,314281
tt0258000,Panic Room,2002,112,6.8,314243
tt0203009,Moulin Rouge!,2001,127,7.5,314209
tt7349662,BlacKkKlansman,2018,135,7.5,314102
tt0450385,1408,2007,104,6.8,313784
tt1979376,Toy Story 4,2019,100,7.6,313705
tt0212985,Hannibal,2001,131,6.8,313400
tt0837562,Hotel Transylvania,2012,91,7.0,313188
tt0118884,Contact,1997,150,7.5,312659
tt1213663,The World's End,2013,109,6.9,312572
tt0187393,The Patriot,2000,165,7.2,312268
tt1375670,Grown Ups,2010,102,6.0,312178
tt1343727,Dredd,2012,95,7.1,311725
tt0097757,The Little Mermaid,1989,83,7.6,311545
tt0289765,Red Dragon,2002,124,7.2,311342
tt0116695,Jerry Maguire,1996,139,7.3,310908
tt7126948,Wonder Woman 1984,2020,151,5.3,310634
tt0452623,Gone Baby Gone,2007,114,7.6,310505
tt0120804,Resident Evil,2002,100,6.6,310126
tt0099348,Dances with Wolves,1990,181,8.0,309867
tt0187078,Gone in 60 Seconds,2000,118,6.5,309774
tt1386588,The Other Guys,2010,107,6.7,309168
tt1817273,The Place Beyond the Pines,2012,140,7.3,309014
tt2361509,The Intern,2015,121,7.1,308473
tt1133985,Green Lantern,2011,114,5.5,308358
tt0259711,Vanilla Sky,2001,136,6.9,308321
tt0093870,RoboCop,1987,102,7.6,308301
tt0151804,Office Space,1999,89,7.6,308206
tt1340138,Terminator Genisys,2015,126,6.3,307120
tt4046784,Maze Runner: The Scorch Trials,2015,131,6.3,306931
tt0338526,Van Helsing,2004,131,6.1,306737
tt2302755,Olympus Has Fallen,2013,119,6.5,306596
tt0116483,Happy Gilmore,1996,92,7.0,306584
tt1312221,Frankenstein,2025,149,7.4,306464
tt5537002,Killers of the Flower Moon,2023,206,7.5,306461
tt5700672,Train to Busan,2016,118,7.6,305495
tt3040964,The Jungle Book,2016,106,7.3,305399
tt0118749,Boogie Nights,1997,155,7.9,305282
tt0800320,Clash of the Titans,2010,106,5.8,304862
tt0795421,Mamma Mia!,2008,108,6.5,304515
tt0053291,Some Like It Hot,1959,121,8.2,304514
tt0432283,Fantastic Mr. Fox,2009,87,7.9,304330
tt6823368,Glass,2019,129,6.6,303491
tt7097896,Venom: Let There Be Carnage,2021,97,5.9,303205
tt6443346,Black Adam,2022,125,6.1,303159
tt0061722,The Graduate,1967,106,8.0,302833
tt0348150,Superman Returns,2006,154,6.1,302826
tt10838180,The Matrix Resurrections,2021,148,5.6,302552
tt0290002,Meet the Fockers,2004,115,6.4,302086
tt0183649,Phone Booth,2002,81,7.1,301554
tt0111503,True Lies,1994,141,7.3,301398
tt7984734,The Lighthouse,2019,109,7.4,301267
tt0083944,First Blood,1982,93,7.7,300778
tt0320691,Underworld,2003,121,7.0,300445
tt0257044,Road to Perdition,2002,117,7.6,300412
tt0070735,The Sting,1973,129,8.2,300234
tt1650554,Kick-Ass 2,2013,103,6.5,299922
tt0059578,For a Few Dollars More,1965,132,8.2,299804
tt0119643,Meet Joe Black,1998,178,7.2,299627
tt0327597,Coraline,2009,100,7.8,299587
tt1464335,Uncharted,2022,116,6.3,298952
tt0401729,John Carter,2012,132,6.6,298869
tt0486576,Fantastic Four: Rise of the Silver Surfer,2007,92,5.6,298784
tt11138512,The Northman,2022,137,7.0,298682
tt0411477,Hellboy II: The Golden Army,2008,120,7.0,298641
tt3235888,It Follows,2014,100,6.8,298364
tt0486655,Stardust,2007,127,7.6,298286
tt2005151,War Dogs,2016,114,7.1,297640
tt0432348,Saw II,2005,93,6.6,296556
tt0368447,The Village,2004,108,6.6,296374
tt2953050,Encanto,2021,102,7.2,296229
tt0955308,Robin Hood,2010,140,6.6,296082
tt0093409,Lethal Weapon,1987,109,7.6,295566
tt3228774,Cruella,2021,134,7.3,295518
tt11813216,The Banshees of Inisherin,2022,114,7.6,295230
tt0803096,Warcraft,2016,123,6.7,294765
tt2381941,Focus,2015,105,6.6,294736
tt0190332,"Crouching Tiger, Hidden Dragon",2000,120,7.9,294304
tt1077368,Dark Shadows,2012,113,6.2,294050
tt9218128,Gladiator II,2024,148,6.5,293984
tt0215750,Enemy at the Gates,2001,131,7.5,293073
tt6718170,The Super Mario Bros. Movie,2023,92,7.0,292930
tt0286716,Hulk,2003,138,5.7,292408
tt0309698,Identity,2003,90,7.3,292168
tt0072890,Dog Day Afternoon,1975,125,8.0,292141
tt0118583,Alien: Resurrection,1997,109,6.2,291840
tt1855199,End of Watch,2012,109,7.6,291745
tt6105098,The Lion King,2019,118,6.8,291455
tt0059742,The Sound of Music,1965,174,8.1,291223
tt0102057,Hook,1991,142,6.8,291037
tt0075686,Annie Hall,1977,93,7.9,290913
tt0087800,A Nightmare on Elm Street,1984,91,7.4,290493
tt1564367,Just Go with It,2011,117,6.4,289573
tt8936646,Extraction,2020,116,6.8,289153
tt4846340,Hidden Figures,2016,127,7.8,288464
tt0363547,Dawn of the Dead,2004,101,7.2,288138
tt0172156,Bad Boys II,2003,147,6.6,288104
tt0082096,Das Boot,1981,149,8.3,287614
tt1931533,Seven Psychopaths,2012,110,7.1,287520
tt2024469,Non-Stop,2014,106,6.9,287301
tt0080339,Airplane!,1980,88,7.7,287278
tt0221027,Blow,2001,124,7.5,287216
tt0448134,Sunshine,2007,107,7.2,286703
tt0252866,American Pie 2,2001,108,6.5,286660
tt0243155,Bridget Jones's Diary,2001,97,6.8,286533
tt0113189,GoldenEye,1995,130,7.2,286099
tt18412256,Alien: Romulus,2024,119,7.1,285938
tt0364725,Dodgeball: A True Underdog Story,2004,92,6.7,285720
tt1080016,Ice Age: Dawn of the Dinosaurs,2009,94,6.9,285442
tt0027977,Modern Times,1936,87,8.5,284939
tt0844471,Cloudy with a Chance of Meatballs,2009,90,6.9,284816
tt0443272,Lincoln,2012,150,7.3,284470
tt1051906,The Invisible Man,2020,124,7.1,284161
tt0250494,Legally Blonde,2001,96,6.5,284000
tt2293640,Minions,2015,91,6.4,283974
tt1823672,Chappie,2015,120,6.8,283676
tt3281548,Little Women,2019,135,7.8,283585
tt0117381,Primal Fear,1996,129,7.7,283173
tt1385826,The Adjustment Bureau,2011,106,7.0,282341
tt0045152,Singin' in the Rain,1952,103,8.3,282182
tt0118688,Batman & Robin,1997,125,3.8,282150
tt0080678,The Elephant Man,1980,124,8.2,282084
tt7713068,Birds of Prey and the Fantabulous Emancipation of One Harley Quinn,2020,109,6.1,282035
tt13833688,The Whale,2022,117,7.6,281908
tt1673434,The Twilight Saga: Breaking Dawn - Part 2,2012,115,5.6,281864
tt1092026,Paul,2011,104,6.9,281840
tt0112462,Batman Forever,1995,121,5.5,281789
tt1325004,The Twilight Saga: Eclipse,2010,124,5.1,281238
tt0478087,21,2008,123,6.8,280910
tt2935510,Ad Astra,2019,123,6.5,280643
tt0497465,Vicky Cristina Barcelona,2008,96,7.1,280372
tt0358273,Walk the Line,2005,136,7.8,280148
tt0092890,Dirty Dancing,1987,100,7.1,279586
tt0119282,Hercules,1997,93,7.3,279102
tt0396171,Perfume: The Story of a Murderer,2006,147,7.5,278868
tt1798684,Southpaw,2015,124,7.3,278058
tt2704998,Game Night,2018,100,6.9,277617
tt1706593,Chronicle,2012,84,7.0,277424
tt1832382,A Separation,2011,123,8.3,277420
tt0057115,The Great Escape,1963,172,8.2,277341
tt0765443,Eastern Promises,2007,100,7.6,277266
tt0429493,The A-Team,2010,117,6.7,277234
tt1148204,Orphan,2009,123,7.0,277198
tt0479884,Crank,2006,88,6.9,277188
tt0112697,Clueless,1995,97,6.9,277106
tt2582782,Hell or High Water,2016,102,7.6,276995
tt5442430,Life,2017,104,6.6,276800
tt1959490,Noah,2014,138,5.8,276776
tt1401152,Unknown,2011,113,6.8,276399
tt1386703,Total Recall,2012,118,6.2,276211
tt20969586,Thunderbolts*,2025,127,7.1,275667
tt2126355,San Andreas,2015,114,6.1,275349
tt1032755,RocknRolla,2008,114,7.2,275093
tt0824747,Changeling,2008,141,7.7,274898
tt0985699,Valkyrie,2008,121,7.1,274731
tt0120660,Enemy of the State,1998,132,7.3,274599
tt1601913,The Grey,2011,117,6.7,274297
tt0486822,Disturbia,2007,105,6.8,274082
tt0087363,Gremlins,1984,106,7.3,274032
tt4630562,The Fate of the Furious,2017,136,6.6,273940
tt0335345,The Passion of the Christ,2004,127,7.3,273935
tt0914798,The Boy in the Striped Pajamas,2008,94,7.7,273927
tt3079380,Spy,2015,120,7.0,273885
tt0976051,The Reader,2008,124,7.6,273705
tt0107818,Philadelphia,1993,125,7.7,273569
tt0118655,Austin Powers: International Man of Mystery,1997,89,7.0,273192
tt2906216,Dungeons & Dragons: Honor Among Thieves,2023,134,7.2,273068
tt1324999,The Twilight Saga: Breaking Dawn - Part 1,2011,117,5.0,272887
tt1436562,Rio,2011,96,6.9,272838
tt0399146,A History of Violence,2005,96,7.4,272492
tt0245712,Amores Perros,2000,154,8.0,272275
tt0098635,When Harry Met Sally...,1989,95,7.7,272174
tt1649418,The Gray Man,2022,122,6.5,272119
tt11866324,Prey,2022,100,7.1,272091
tt0825232,The Bucket List,2007,97,7.3,271927
tt0435625,The Descent,2005,99,7.2,271914
tt1179904,Paranormal Activity,2007,86,6.3,271788
tt0052618,Ben-Hur,1959,212,8.1,271746
tt0134119,The Talented Mr. Ripley,1999,139,7.4,271588
tt2908446,The Divergent Series: Insurgent,2015,119,6.2,271134
tt28607951,Anora,2024,139,7.4,270984
tt0338348,The Polar Express,2004,100,6.6,270971
tt0087538,The Karate Kid,1984,126,7.3,270803
tt0898367,The Road,2009,111,7.2,270562
tt0479952,Madagascar: Escape 2 Africa,2008,89,6.7,270496
tt1211956,Escape Plan,2013,115,6.7,270416
tt1189340,The Lincoln Lawyer,2011,118,7.3,270020
tt2660888,Star Trek Beyond,2016,122,7.0,269809
tt0108550,What's Eating Gilbert Grape,1993,118,7.7,269662
tt2321549,The Babadook,2014,94,6.8,269532
tt1440129,Battleship,2012,131,5.8,269136
tt10954600,Ant-Man and the Wasp: Quantumania,2023,124,6.0,268931
tt0103874,Dracula,1992,128,7.4,268816
tt1243957,The Tourist,2010,103,6.0,268673
tt0259324,Ghost Rider,2007,110,5.3,268647
tt0163978,The Beach,2000,119,6.6,268561
tt0120855,Tarzan,1999,88,7.3,268440
tt5109784,Mother!,2017,121,6.6,267885
tt17279496,Civil War,2024,109,7.0,267571
tt0110632,Natural Born Killers,1994,119,7.2,267453
tt0465234,National Treasure: Book of Secrets,2007,124,6.5,266846
tt5034838,Godzilla vs. Kong,2021,113,6.3,266740
tt3741834,Lion,2016,118,8.0,266202
tt0100157,Misery,1990,107,7.8,265651
tt0353969,Memories of Murder,2003,131,8.1,265361
tt0183505,"Me, Myself & Irene",2000,116,6.6,264933
tt5040012,Nosferatu,2024,132,7.1,264853
tt17351924,Saltburn,2023,131,7.0,264810
tt1731141,Ender's Game,2013,114,6.6,264739
tt0134847,Pitch Black,2000,109,7.0,263613
tt7144666,The Black Phone,2021,103,6.9,262869
tt1649419,The Impossible,2012,114,7.5,262768
tt0265208,The Girl Next Door,2004,109,6.7,262722
tt1212450,Lawless,2012,116,7.2,262546
tt0384537,Silent Hill,2006,125,6.5,262389
tt0145660,Austin Powers: The Spy Who Shagged Me,1999,95,6.7,262389
tt1959563,The Hitman's Bodyguard,2017,118,6.9,262290
tt1424381,Predators,2010,107,6.4,262278
tt0144117,The Boondock Saints,1999,108,7.6,262164
tt0448011,Knowing,2009,121,6.2,261866
tt5580036,"I, Tonya",2017,119,7.5,261228
tt0978764,Sucker Punch,2011,110,6.1,261145
tt0123755,Cube,1997,90,7.1,261112
tt1684562,The Fall Guy,2024,126,6.8,260937
tt5164214,Ocean's Eight,2018,110,6.3,260924
tt0043014,Sunset Boulevard,1950,110,8.4,260853
tt3704428,Elvis,2022,159,7.3,260653
tt0108399,True Romance,1993,119,7.9,260613
tt0117509,Romeo + Juliet,1996,120,6.7,260568
tt2637276,Ted 2,2015,115,6.3,260359
tt2184339,The Purge,2013,85,5.8,260117
tt0266915,Rush Hour 2,2001,90,6.7,260058
tt0094737,Big,1988,104,7.3,260005
tt0129167,The Iron Giant,1999,86,8.1,259739
tt1033575,The Descendants,2011,115,7.3,259698
tt10676052,The Fantastic Four: First Steps,2025,115,6.8,259543
tt0032553,The Great Dictator,1940,125,8.4,259239
tt15791034,Barbarian,2022,102,7.0,258702
tt1289401,Ghostbusters,2016,117,6.8,258545
tt5083738,The Favourite,2018,119,7.5,258330
tt0116996,Mars Attacks!,1996,106,6.4,258222
tt20215234,Conclave,2024,120,7.4,258182
tt0414993,The Fountain,2006,97,7.1,257985
tt0063522,Rosemary's Baby,1968,137,8.0,257516
tt2463208,The Adam Project,2022,106,6.7,257374
tt0485947,Mr. Nobody,2009,141,7.7,257367
tt1636826,Project X,2012,88,6.7,257311
tt4196776,Jason Bourne,2016,123,6.6,257112
tt0302886,Old School,2003,88,7.0,257035
tt6806448,Fast & Furious Presents: Hobbs & Shaw,2019,137,6.4,256714
tt0462499,Rambo,2008,92,7.0,256411
tt0299658,Chicago,2002,113,7.2,256298
tt0099653,Ghost,1990,126,7.1,256289
tt0374900,Napoleon Dynamite,2004,96,7.0,255693
tt0311113,Master and Commander: The Far Side of the World,2003,138,7.5,255334
tt1216475,Cars 2,2011,106,6.2,255331
tt1655442,The Artist,2011,100,7.8,255305
tt1411238,No Strings Attached,2011,108,6.2,255115
tt1588173,Warm Bodies,2013,98,6.8,255063
tt2229499,Don Jon,2013,90,6.5,254821
tt0983193,The Adventures of Tintin,2011,107,7.3,254540
tt9620292,Promising Young Woman,2020,113,7.5,254296
tt0315733,21 Grams,2003,124,7.6,253417
tt9777666,The Tomorrow War,2021,138,6.6,253261
tt0058461,A Fistful of Dollars,1964,99,7.9,253259
tt0408306,Munich,2005,164,7.5,253228
tt1464540,I Am Number Four,2011,111,6.1,252903
tt1210819,The Lone Ranger,2013,150,6.4,252855
tt0187738,Blade II,2002,117,6.7,252222
tt0430922,Role Models,2008,99,6.8,251950
tt0117998,Twister,1996,113,6.6,251772
tt0117665,Sleepers,1996,147,7.5,251526
tt0142342,Big Daddy,1999,93,6.5,251467
tt0296572,The Chronicles of Riddick,2004,119,6.6,251457
tt0481499,The Croods,2013,98,7.1,251127
tt0758752,Love & Other Drugs,2010,112,6.7,251002
tt0083907,The Evil Dead,1981,85,7.3,250918
tt0376541,Closer,2004,104,7.1,250681
tt2883512,Chef,2014,114,7.3,250380
tt3553976,Captain Fantastic,2016,118,7.8,250333
tt0758774,Body of Lies,2008,128,7.0,250243
tt1255953,Incendies,2010,131,8.3,249876
tt1599348,Safe House,2012,115,6.7,249463
tt0210945,Remember the Titans,2000,113,7.8,249408
tt0373469,Kiss Kiss Bang Bang,2005,103,7.4,249393
tt22022452,Inside Out 2,2024,96,7.5,249207
tt0079817,Rocky II,1979,119,7.3,249207
tt1234721,RoboCop,2014,117,6.1,249045
tt0112281,Ace Ventura: When Nature Calls,1995,90,6.4,248949
tt2334879,White House Down,2013,131,6.3,248757
tt0120917,The Emperor's New Groove,2000,78,7.4,248463
tt0050212,The Bridge on the River Kwai,1957,161,8.1,248459
tt0212346,Miss Congeniality,2000,109,6.4,247781
tt0397892,Bolt,2008,96,6.8,247722
tt0106519,Carlito's Way,1993,144,7.9,247653
tt14849194,The Holdovers,2023,133,7.9,247265
tt0083987,Gandhi,1982,191,8.0,247188
tt0097958,National Lampoon's Christmas Vacation,1989,97,7.5,247040
tt0337563,13 Going on 30,2004,98,6.3,246965
tt1972591,King Arthur: Legend of the Sword,2017,126,6.7,246963
tt0439572,The Flash,2023,144,6.6,246915
tt2209764,Transcendence,2014,119,6.2,246832
tt2719848,Everest,2015,121,7.1,246793
tt2404435,The Magnificent Seven,2016,132,6.9,245754
tt0195685,Erin Brockovich,2000,131,7.5,245699
tt8041270,Jurassic World: Dominion,2022,147,5.6,245546
tt0128853,You've Got Mail,1998,119,6.7,245479
tt0892791,Shrek Forever After,2010,93,6.3,245335
tt7846844,Enola Holmes,2020,123,6.6,245328
tt0420223,Stranger Than Fiction,2006,113,7.5,245133
tt0090756,Blue Velvet,1986,120,7.7,244965
tt0067992,Willy Wonka & the Chocolate Factory,1971,100,7.8,244955
tt0089927,Rocky IV,1985,91,6.9,244628
tt0079501,Mad Max,1979,88,6.8,244573
tt7798634,Ready or Not,2019,95,6.9,244487
tt5606664,Doctor Sleep,2019,152,7.3,244443
tt0356150,EuroTrip,2004,92,6.6,243918
tt10272386,The Father,2020,97,8.2,243774
tt12299608,Mickey 17,2025,137,6.7,243515
tt0275847,Lilo & Stitch,2002,85,7.4,243422
tt1220719,Ip Man,2008,106,8.0,243248
tt1667889,Ice Age: Continental Drift,2012,88,6.5,243084
tt0103772,Basic Instinct,1992,127,7.1,243030
tt4555426,Darkest Hour,2017,125,7.4,242954
tt0138097,Shakespeare in Love,1998,123,7.1,242921
tt0479143,Rocky Balboa,2006,102,7.1,242772
tt0101540,Cape Fear,1991,128,7.3,242541
tt5074352,Dangal,2016,161,8.3,242362
tt1305806,The Secret in Their Eyes,2009,129,8.2,241868
tt0305224,Anger Management,2003,106,6.3,241839
tt0133152,Planet of the Apes,2001,120,5.7,241767
tt12747748,Leave the World Behind,2023,138,6.4,241719
tt0409847,Cowboys & Aliens,2011,119,6.0,241662
tt1142988,The Ugly Truth,2009,96,6.4,241540
tt1365519,Tomb Raider,2018,119,6.3,241370
tt1980209,Pain & Gain,2013,129,6.4,241079
tt0287978,Daredevil,2003,103,5.3,240815
tt4513678,Ghostbusters: Afterlife,2021,124,7.0,240742
tt0246460,Die Another Day,2002,133,6.1,240536
tt0120655,Dogma,1999,130,7.3,240440
tt0109445,Clerks,1994,92,7.7,240303
tt0094898,Coming to America,1988,117,7.1,239817
tt1139797,Let the Right One In,2008,114,7.8,239746
tt0097428,Ghostbusters II,1989,108,6.6,239558
tt1219827,Ghost in the Shell,2017,107,6.3,239355
tt0207201,What Women Want,2000,127,6.5,239295
tt0499448,The Chronicles of Narnia: Prince Caspian,2008,150,6.5,239177
tt1124035,The Ides of March,2011,101,7.1,239156
tt0064115,Butch Cassidy and the Sundance Kid,1969,110,8.0,239147
tt2316411,Enemy,2013,91,6.8,238949
tt0416320,Match Point,2005,124,7.6,238879
tt15474916,Smile,2022,115,6.5,238763
tt0029583,Snow White and the Seven Dwarfs,1937,83,7.6,238630
tt0050825,Paths of Glory,1957,88,8.4,238466
tt1489889,Central Intelligence,2016,107,6.3,238289
tt11083552,Wrath of Man,2021,119,7.1,237920
tt3011894,Wild Tales,2014,122,8.1,237775
tt0425061,Get Smart,2008,110,6.5,237488
tt1272878,2 Guns,2013,109,6.7,237275
tt0120082,Scream 2,1997,120,6.3,236191
tt0959337,Revolutionary Road,2008,119,7.3,236044
tt4729430,Klaus,2019,96,8.2,236031
tt0427944,Thank You for Smoking,2005,92,7.5,235597
tt2709768,The Secret Life of Pets,2016,86,6.5,235459
tt0488120,Fracture,2007,113,7.2,235342
tt0295178,Austin Powers in Goldmember,2002,94,6.3,234489
tt0172493,"Girl, Interrupted",1999,127,7.3,234379
tt14364480,Wake Up Dead Man,2025,144,7.3,234336
tt0838221,The Darjeeling Limited,2007,91,7.2,234085
tt15097216,Jai Bhim,2021,164,8.6,233933
tt1605630,American Reunion,2012,113,6.7,233744
tt1398426,Straight Outta Compton,2015,147,7.8,233490
tt0096438,Who Framed Roger Rabbit,1988,104,7.7,233256
tt6499752,Upgrade,2018,100,7.5,233187
tt1077258,Planet Terror,2007,105,7.0,233079
tt0075860,Close Encounters of the Third Kind,1977,138,7.6,232832
tt0370263,Alien vs. Predator,2004,101,5.7,232537
tt12042730,Project Hail Mary,2026,156,8.4,232508
tt3532216,American Made,2017,115,7.2,232422
tt1462764,Indiana Jones and the Dial of Destiny,2023,154,6.5,232397
tt0086960,Beverly Hills Cop,1984,105,7.4,232013
tt0974661,17 Again,2009,102,6.4,231793
tt0986264,Like Stars on Earth,2007,162,8.3,231687
tt0339291,A Series of Unfortunate Events,2004,108,6.8,231188
tt0281358,A Walk to Remember,2002,101,7.3,231075
tt1127180,Drag Me to Hell,2009,99,6.6,230833
tt0109506,The Crow,1994,102,7.5,230666
tt0146316,Lara Croft: Tomb Raider,2001,100,5.8,230637
tt0099810,The Hunt for Red October,1990,135,7.5,230522
tt1132620,The Girl with the Dragon Tattoo,2009,152,7.8,230485
tt0181865,Traffic,2000,147,7.5,230317
tt1291150,Teenage Mutant Ninja Turtles,2014,101,5.8,230015
tt1899353,The Raid: Redemption,2011,101,7.6,229787
tt0117705,Space Jam,1996,88,6.5,229737
tt0461770,Enchanted,2007,107,7.1,229332
tt0080455,The Blues Brothers,1980,133,7.9,229107
tt0333766,Garden State,2004,102,7.4,228949
tt0328828,American Wedding,2003,96,6.3,228948
tt1321870,Gangster Squad,2013,113,6.7,228831
tt3741700,Godzilla: King of the Monsters,2019,132,6.0,228783
tt1078912,Night at the Museum: Battle of the Smithsonian,2009,105,6.0,228670
tt3766354,The Equalizer 2,2018,121,6.7,228606
tt1262426,Wicked,2024,160,7.3,228383
tt0452608,Death Race,2008,105,6.4,228332
tt1655441,The Age of Adaline,2015,112,7.2,228304
tt0074285,Carrie,1976,98,7.4,228114
tt0084602,Rocky III,1982,99,6.9,227901
tt0489270,Saw III,2006,108,6.2,227789
tt9603208,Mission: Impossible - The Final Reckoning,2025,169,7.1,227770
tt4779682,The Meg,2018,113,5.7,227687
tt6565702,X-Men: Dark Phoenix,2019,113,5.7,227500
tt2234155,The Internship,2013,119,6.3,227424
tt0960144,You Don't Mess with the Zohan,2008,113,5.6,227349
tt0870154,Jungle Cruise,2021,127,6.5,226982
tt0949731,The Happening,2008,91,5.0,226695
tt0094012,Spaceballs,1987,96,7.1,226650
tt1155076,The Karate Kid,2010,140,6.3,226634
tt1700841,Sausage Party,2016,89,6.1,226628
tt1428538,Hansel & Gretel: Witch Hunters,2013,88,6.1,226587
tt0094625,Akira,1988,124,8.0,226286
tt1340800,Tinker Tailor Soldier Spy,2011,127,7.0,226199
tt0106856,Falling Down,1993,113,7.5,225990
tt10288566,Another Round,2020,117,7.7,225970
tt0118929,Dark City,1998,100,7.5,225964
tt0388482,Transporter 2,2005,87,6.3,225931
tt0113247,La haine,1995,98,8.1,225798
tt0431308,P.S. I Love You,2007,126,7.0,225545
tt1155056,"I Love You, Man",2009,105,7.0,225538
tt1120985,Blue Valentine,2010,112,7.3,225379
tt1560220,Zombieland: Double Tap,2019,99,6.6,225050
tt0120630,Chicken Run,2000,84,7.1,224745
tt1013743,Knight and Day,2010,109,6.3,224619
tt0418763,Jarhead,2005,125,7.0,224607
tt0102685,Point Break,1991,122,7.3,224600
tt0158983,"South Park: Bigger, Longer & Uncut",1999,81,7.7,224486
tt28015403,Heretic,2024,111,7.0,224232
tt0114898,Waterworld,1995,135,6.3,224222
tt3915174,Puss in Boots: The Last Wish,2022,102,7.8,224160
tt0091064,The Fly,1986,96,7.6,223846
tt0118571,Air Force One,1997,124,6.5,223589
tt3569230,Legend,2015,132,6.9,223368
tt13560574,X,2022,105,6.5,223323
tt23468450,Longlegs,2024,101,6.5,223127
tt1606378,A Good Day to Die Hard,2013,98,5.2,223046
tt1136617,The Killer,2023,118,6.7,223038
tt1284575,Bad Teacher,2011,92,5.7,222771
tt12801262,Luca,2021,95,7.4,222586
tt0829150,Dracula Untold,2014,92,6.2,222563
tt0088846,Brazil,1985,132,7.8,222491
tt2338151,PK,2014,153,8.1,222373
tt10293406,The Power of the Dog,2021,126,6.8,222219
tt0095705,The Naked Gun: From the Files of Police Squad!,1988,85,7.6,221862
tt2345759,The Mummy,2017,110,5.4,221770
tt0102798,Robin Hood: Prince of Thieves,1991,143,6.9,221766
tt29623480,The Wild Robot,2024,102,8.2,221549
tt0363988,Secret Window,2004,96,6.5,221423
tt0481369,The Number 23,2007,98,6.4,221413
tt1046173,G.I. Joe: The Rise of Cobra,2009,118,5.7,221375
tt1623205,Oz the Great and Powerful,2013,130,6.3,221307
tt0318627,Resident Evil: Apocalypse,2004,94,6.1,221101
tt0362270,The Life Aquatic with Steve Zissou,2004,119,7.2,220910
tt0143145,The World Is Not Enough,1999,128,6.4,220514
tt0139134,Cruel Intentions,1999,97,6.8,220100
tt2334873,Blue Jasmine,2013,98,7.3,219859
tt0056869,The Birds,1963,119,7.6,219842
tt2406566,Atomic Blonde,2017,115,6.7,219721
tt0183790,A Knight's Tale,2001,132,7.0,219493
tt2094766,Assassin's Creed,2016,115,5.6,219016
tt1872194,The Judge,2014,141,7.4,218994
tt0053604,The Apartment,1960,125,8.3,218964
tt0477080,Unstoppable,2010,98,6.8,218956
tt0111282,Stargate,1994,121,7.0,218877
tt4520988,Frozen II,2019,103,6.8,218544
tt1469304,Baywatch,2017,116,5.5,218510
tt0756683,The Man from Earth,2007,87,7.8,218465
tt9770150,Nomadland,2020,107,7.3,218111
tt0130827,Run Lola Run,1998,80,7.6,217809
tt0401855,Underworld: Evolution,2006,106,6.7,217729
tt2267968,Kung Fu Panda 3,2016,95,7.1,217577
tt2873282,Red Sparrow,2018,140,6.6,217562
tt0309593,Final Destination 2,2003,90,6.2,217517
tt0058150,Goldfinger,1964,110,7.7,217502
tt0114148,Pocahontas,1995,81,6.7,217345
tt1723811,Shame,2011,101,7.2,217255
tt1111422,The Taking of Pelham 123,2009,106,6.4,217231
tt0308644,Finding Neverland,2004,106,7.6,217231
tt1277953,Madagascar 3: Europe's Most Wanted,2012,93,6.8,217060
tt0371724,The Hitchhiker's Guide to the Galaxy,2005,109,6.7,216991
tt0375063,Sideways,2004,127,7.5,216822
tt1815862,After Earth,2013,100,4.8,216514
tt1038988,REC,2007,78,7.4,216303
tt1213641,First Man,2018,141,7.3,216274
tt0021749,City Lights,1931,87,8.5,216220
tt0050976,The Seventh Seal,1957,96,8.1,215957
tt0366551,Harold & Kumar Go to White Castle,2004,88,7.0,215936
tt0120347,Tomorrow Never Dies,1997,119,6.5,215895
tt7322224,Triangle of Sadness,2022,147,7.2,215870
tt0106677,Dazed and Confused,1993,103,7.6,215865
tt0432021,Resident Evil: Extinction,2007,94,6.2,215576
tt1458175,The Next Three Days,2010,133,7.3,215203
tt0387808,Idiocracy,2006,84,6.5,215164
tt15671028,No Hard Feelings,2023,103,6.3,215147
tt0814255,Percy Jackson & the Olympians: The Lightning Thief,2010,118,5.9,215063
tt2446042,Taken 3,2014,108,6.0,214782
tt0993842,Hanna,2011,111,6.7,214778
tt5715874,The Killing of a Sacred Deer,2017,121,7.0,214683
tt0119081,Event Horizon,1997,96,6.6,214632
tt0268126,Adaptation.,2002,115,7.6,213962
tt10638522,Talk to Me,2022,95,7.1,213833
tt1606389,The Vow,2012,104,6.8,213712
tt0415306,Talladega Nights: The Ballad of Ricky Bobby,2006,108,6.6,213672
tt9484998,Palm Springs,2020,90,7.4,213666
tt0366548,Happy Feet,2006,108,6.4,213541
tt0116209,The English Patient,1996,162,7.4,213388
tt3416742,What We Do in the Shadows,2014,86,7.6,213337
tt0120685,Godzilla,1998,139,5.5,213042
tt0061852,The Jungle Book,1967,78,7.6,213027
tt0082694,The Road Warrior,1981,96,7.6,213003
tt0307453,Shark Tale,2004,90,6.0,212872
tt0120863,The Thin Red Line,1998,170,7.6,212792
tt4857264,The Invisible Guest,2016,106,8.0,212549
tt3470600,Sing,2016,108,7.1,212278
tt1288558,Evil Dead,2013,91,6.5,212173
tt6450804,Terminator: Dark Fate,2019,128,6.2,211899
tt0072271,The Texas Chain Saw Massacre,1974,83,7.4,211538
tt0448694,Puss in Boots,2011,90,6.6,211002
tt0398165,The Longest Yard,2005,113,6.4,210984
tt8106534,6 Underground,2019,128,6.1,210964
tt3631112,The Girl on the Train,2016,112,6.5,210822
tt5104604,Isle of Dogs,2018,101,7.8,210727
tt0063442,Planet of the Apes,1968,112,8.0,210588
tt10548174,28 Years Later,2025,115,6.6,210302
tt0241303,Chocolat,2000,121,7.2,210222
tt7405458,A Man Called Otto,2022,126,7.5,210108
tt2557490,A Million Ways to Die in the West,2014,116,6.1,209919
tt0120746,The Mask of Zorro,1998,136,6.8,209903
tt7556122,The Old Guard,2020,125,6.7,209900
tt0142688,The Ninth Gate,1999,133,6.7,209821
tt7657566,Death on the Nile,2022,127,6.3,209698
tt17009710,Anatomy of a Fall,2023,151,7.6,209594
tt0985694,Machete,2010,105,6.6,209571
tt5519340,Bright,2017,117,6.3,209549
tt2239822,Valerian and the City of a Thousand Planets,2017,136,6.4,209282
tt4873118,The Covenant,2023,123,7.5,209157
tt0096754,The Abyss,1989,140,7.5,209154
tt1446192,Rise of the Guardians,2012,97,7.2,208912
tt0352248,Cinderella Man,2005,144,8.0,208897
tt1465522,Tucker and Dale vs Evil,2010,89,7.5,208836
tt2066051,Rocketman,2019,121,7.3,208813
tt0106697,Demolition Man,1993,115,6.7,208680
tt3104988,Crazy Rich Asians,2018,120,6.9,208479
tt0106308,Army of Darkness,1992,81,7.4,208275
tt0128445,Rushmore,1998,93,7.6,208216
tt0112851,Desperado,1995,104,7.1,208158
tt1935859,Miss Peregrine's Home for Peculiar Children,2016,127,6.7,208140
tt1527186,Melancholia,2011,135,7.1,207956
tt4701182,Bumblebee,2018,114,6.7,207823
tt0375912,Layer Cake,2004,105,7.2,207730
tt0122690,Ronin,1998,122,7.2,207705
tt0160127,Charlie's Angels,2000,98,5.7,207436
tt0078346,Superman,1978,143,7.4,207387
tt0108160,Sleepless in Seattle,1993,105,6.8,206989
tt0266308,Battle Royale,2000,114,7.5,206978
tt10366460,CODA,2021,111,8.0,206931
tt0104691,The Last of the Mohicans,1992,112,7.6,206433
tt0117913,A Time to Kill,1996,149,7.5,206358
tt0810819,The Danish Girl,2015,119,7.1,206295
tt4244994,The Last Duel,2021,152,7.3,206062
tt2333784,The Expendables 3,2014,126,6.1,205976
tt10640346,Babylon,2022,189,7.1,205853
tt0455590,The Last King of Scotland,2006,123,7.6,205749
tt2053463,Side Effects,2013,106,7.0,205203
tt5848272,Ralph Breaks the Internet,2018,112,7.0,205185
tt0293429,Mortal Kombat,2021,110,6.1,205158
tt1070874,The Trial of the Chicago 7,2020,129,7.7,205112
tt0120647,Deep Impact,1998,120,6.3,205054
tt1488555,The Change-Up,2011,112,6.3,204925
tt1661199,Cinderella,2015,105,6.9,204876
tt4276820,The Founder,2016,115,7.2,204537
tt0046912,Dial M for Murder,1954,105,8.1,204465
tt0072684,Barry Lyndon,1975,185,8.1,204292
tt0054698,Breakfast at Tiffany's,1961,115,7.5,204206
tt0443680,The Assassination of Jesse James by the Coward Robert Ford,2007,160,7.5,204026
tt0450278,Hostel,2005,94,5.9,204015
tt0385752,The Golden Compass,2007,113,6.1,203650
tt4209788,Molly's Game,2017,140,7.4,203435
tt0244244,Swordfish,2001,99,6.5,203261
tt1646987,Wrath of the Titans,2012,99,5.7,203238
tt23289160,Godzilla Minus One,2023,124,7.6,203192
tt8178634,RRR,2022,187,7.8,203082
tt0327084,Over the Hedge,2006,83,6.7,202908
tt4016934,The Handmaiden,2016,145,8.1,202513
tt0107207,In the Name of the Father,1993,133,8.1,202463
tt0272152,K-PAX,2001,120,7.4,202452
tt2226417,Insidious: Chapter 2,2013,106,6.6,202279
tt3062096,Inferno,2016,121,6.2,202231
tt1355683,Black Mass,2015,123,6.8,202169
tt1229340,Anchorman 2: The Legend Continues,2013,119,6.3,201880
tt0100403,Predator 2,1990,108,6.3,201845
tt1059786,Eagle Eye,2008,118,6.6,201671
tt0978762,Mary and Max,2009,92,8.1,201424
tt1617661,Jupiter Ascending,2015,127,5.3,201423
tt2231461,Rampage,2018,107,6.1,201191
tt0097733,Lethal Weapon 2,1989,114,7.3,201114
tt0017136,Metropolis,1927,153,8.2,200987
tt0389722,30 Days of Night,2007,113,6.6,200981
tt0359013,Blade: Trinity,2004,113,5.8,200955
tt0101272,The Addams Family,1991,99,7.0,200919
tt1560747,The Master,2012,138,7.1,200787
tt0993840,Army of the Dead,2021,148,5.8,200660
tt1596350,This Means War,2012,103,6.3,200572
tt2023587,Mama,2013,100,6.2,200270
tt0145681,The Bone Collector,1999,118,6.7,200254
tt0276751,About a Boy,2002,101,7.1,200024
tt1596365,The Woman in Black,2012,95,6.4,199457
tt1964418,Tomorrowland,2015,130,6.4,199426
tt0110322,Legends of the Fall,1994,133,7.5,199392
tt1935179,Mud,2012,130,7.3,199392
tt1628841,Independence Day: Resurgence,2016,120,5.2,199306
tt9639470,Last Night in Soho,2021,116,7.0,199297
tt0293564,Rush Hour 3,2007,91,6.3,199198
tt1860357,Deepwater Horizon,2016,107,7.1,199062
tt0146882,High Fidelity,2000,113,7.4,199007
tt1809398,Unbroken,2014,137,7.2,198703
tt0058331,Mary Poppins,1964,139,7.8,198492
tt0272338,Punch-Drunk Love,2002,95,7.3,198321
tt1231587,Hot Tub Time Machine,2010,99,6.4,198195
tt0092067,Castle in the Sky,1986,124,8.0,197751
tt0918940,The Legend of Tarzan,2016,110,6.2,197698
tt0061512,Cool Hand Luke,1967,127,8.0,197370
tt11858890,The Creator,2023,133,6.7,197016
tt0200465,The Bank Job,2008,111,7.2,196915
tt1502397,Bad Boys for Life,2020,124,6.5,196896
tt0462322,Grindhouse,2007,191,7.5,196860
tt0087544,Nausicaä of the Valley of the Wind,1984,117,8.0,196850
tt0389790,Bee Movie,2007,91,6.1,196739
tt5884052,Pokémon: Detective Pikachu,2019,104,6.5,196599
tt2543472,Wonder,2017,113,7.9,196405
tt0055254,One Hundred and One Dalmatians,1961,79,7.3,196336
tt0042876,Rashomon,1950,88,8.1,196261
tt1033643,What Happens in Vegas,2008,99,6.1,196066
tt0092991,Evil Dead II,1987,84,7.7,195996
tt0089880,Rambo: First Blood Part II,1985,96,6.5,195686
tt6856242,The King's Man,2021,131,6.3,195557
tt0454841,The Hills Have Eyes,2006,107,6.4,195478
tt3322940,Annabelle,2014,99,5.5,195446
tt0055928,Dr. No,1962,110,7.2,195381
tt0117008,Matilda,1996,98,7.0,195253
tt0041959,The Third Man,1949,104,8.1,195239
tt5814060,The Nun,2018,96,5.4,195125
tt16419074,Air,2023,111,7.4,194675
tt0084516,Poltergeist,1982,114,7.3,194629
tt31036941,Jurassic World: Rebirth,2025,133,5.8,194627
tt1001508,He's Just Not That Into You,2009,129,6.4,194400
tt12584954,Twisters,2024,122,6.5,194364
tt0299977,Hero,2002,94,7.9,194088
tt0295701,xXx,2002,124,5.9,193614
tt0257106,Scary Movie 2,2001,83,5.4,193561
tt2170439,Horrible Bosses 2,2014,108,6.3,193373
tt1583421,G.I. Joe: Retaliation,2013,110,5.7,192984
tt3393786,Jack Reacher: Never Go Back,2016,118,6.2,192960
tt6166392,Wonka,2023,116,6.9,192954
tt21382296,Carry-On,2024,119,6.5,192793
tt0138704,Pi,1998,84,7.3,192780
tt0381707,White Chicks,2004,109,5.9,192730
tt0103074,Thelma & Louise,1991,130,7.6,192638
tt0454945,She's the Man,2006,105,6.4,192583
tt0087182,Dune,1984,137,6.2,192566
tt0040522,Bicycle Thieves,1948,89,8.2,192450
tt1502712,Fantastic Four,2015,100,4.3,192450
tt4116284,The Lego Batman Movie,2017,104,7.3,192421
tt4123432,Fantastic Beasts: The Secrets of Dumbledore,2022,142,6.2,192348
tt3794354,Sonic the Hedgehog,2020,99,6.5,192281
tt0393162,Coach Carter,2005,136,7.4,192269
tt0140352,The Insider,1999,157,7.8,192252
tt0478304,The Tree of Life,2011,139,6.8,192161
tt7668870,Searching,2018,102,7.6,192078
tt0311429,The League of Extraordinary Gentlemen,2003,110,5.8,191862
tt0120484,The Waterboy,1998,90,6.2,191819
tt0307901,25th Hour,2002,135,7.6,191515
tt0108358,Tombstone,1993,130,7.8,191460
tt0177789,Galaxy Quest,1999,102,7.4,191351
tt0380510,The Lovely Bones,2009,135,6.6,191315
tt0109707,Ed Wood,1994,127,7.8,191251
tt5052474,Sicario: Day of the Soldado,2018,122,7.1,191093
tt0398808,Bridge to Terabithia,2007,96,7.2,191063
tt4500922,Maze Runner: The Death Cure,2018,143,6.3,191023
tt1262416,Scream 4,2011,111,6.2,190801
tt0093894,The Running Man,1987,101,6.6,190655
tt2191701,Grown Ups 2,2013,101,5.4,190650
tt0120744,The Man in the Iron Mask,1998,132,6.5,190561
tt1217613,Battle Los Angeles,2011,116,5.7,190391
tt1226229,Get Him to the Greek,2010,109,6.3,190344
tt7040874,A Simple Favor,2018,117,6.7,189927
tt1618434,Murder Mystery,2019,97,6.1,189663
tt0115798,The Cable Guy,1996,96,6.1,189484
tt0988595,27 Dresses,2008,111,6.1,189419
tt1821694,RED 2,2013,116,6.6,188604
tt0215129,Road Trip,2000,93,6.5,188577
tt0892782,Monsters vs. Aliens,2009,94,6.4,188496
tt2404463,The Heat,2013,117,6.6,188390
tt0104714,Lethal Weapon 3,1992,118,6.7,188366
tt0177971,The Perfect Storm,2000,130,6.5,188206
tt0118694,In the Mood for Love,2000,98,8.0,187838
tt0097814,Kiki's Delivery Service,1989,103,7.8,187732
tt0088944,Commando,1985,90,6.7,187609
tt1220634,Resident Evil: Afterlife,2010,96,5.8,187569
tt0120188,Three Kings,1999,114,7.1,187478
tt5109280,Raya and the Last Dragon,2021,107,7.3,187467
tt11245972,Scream,2022,114,6.3,187254
tt2080374,Steve Jobs,2015,122,7.2,187152
tt0970416,The Day the Earth Stood Still,2008,104,5.5,187148
tt0042332,Cinderella,1950,74,7.3,186946
tt1528100,Exodus: Gods and Kings,2014,150,6.0,186754
tt1502407,Halloween,2018,106,6.5,186628
tt2369135,Need for Speed,2014,132,6.4,186609
tt1007028,Zack and Miri Make a Porno,2008,101,6.5,186590
tt0780521,The Princess and the Frog,2009,97,7.2,186492
tt0074958,Network,1976,121,8.1,186461
tt0465494,Hitman,2007,89,6.2,186283
tt1411250,Riddick,2013,119,6.4,186165
tt0445934,Blades of Glory,2007,93,6.3,186156
tt13287846,Napoleon,2023,158,6.3,186081
tt0159097,The Virgin Suicides,1999,97,7.2,186023
tt1013753,Milk,2008,128,7.5,185978
tt7146812,Onward,2020,102,7.4,185890
tt5308322,Happy Death Day,2017,96,6.6,185785
tt3371366,Transformers: The Last Knight,2017,154,5.2,185774
tt1129442,Transporter 3,2008,104,6.1,185590
tt2209418,Before Midnight,2013,109,7.9,185569
tt0408790,Flightplan,2005,98,6.3,185296
tt0274166,Johnny English,2003,87,6.3,185206
tt5363618,Sound of Metal,2019,120,7.7,185014
tt4178092,The Gift,2015,108,7.0,185008
tt0372588,Team America: World Police,2004,98,7.2,184947
tt0134084,Scream 3,2000,116,5.7,184942
tt0986263,Surrogates,2009,89,6.3,184885
tt0876563,Ponyo,2008,101,7.6,184871
tt0106489,A Bronx Tale,1993,121,7.8,184840
tt3359350,Road House,2024,121,6.2,184806
tt8079248,Yesterday,2019,116,6.8,184716
tt0414982,Final Destination 3,2006,93,5.9,184257
tt0116583,The Hunchback of Notre Dame,1996,91,7.0,184166
tt6412452,The Ballad of Buster Scruggs,2018,133,7.2,184085
tt0465538,Michael Clayton,2007,119,7.2,183704
tt0073629,The Rocky Horror Picture Show,1975,100,7.4,183322
tt0346491,Alexander,2004,175,5.6,183267
tt10954652,Old,2021,108,5.8,183198
tt1253864,Immortals,2011,110,6.0,183122
tt0472399,The Mechanic,2011,93,6.5,182755
tt0349683,King Arthur,2004,126,6.3,182731
tt0022100,M,1931,99,8.3,182648
tt0086465,Trading Places,1983,116,7.5,182305
tt10545296,The Hunger Games: The Ballad of Songbirds & Snakes,2023,157,6.6,182281
tt7740496,Nightmare Alley,2021,150,7.0,182280
tt0102138,JFK,1991,189,8.0,182040
tt0105793,Wayne's World,1992,94,7.0,181980
tt11315808,Joker: Folie à Deux,2024,138,5.2,181963
tt0109831,Four Weddings and a Funeral,1994,117,7.1,181854
tt10888594,Radhe,2021,109,1.8,181652
tt0832266,"Definitely, Maybe",2008,112,7.1,181629
tt0247638,The Princess Diaries,2001,115,6.4,181613
tt8760708,M3GAN,2022,102,6.3,181402
tt10028196,Laal Singh Chaddha,2022,159,5.6,181156
tt1242460,We Need to Talk About Kevin,2011,112,7.4,181121
tt0938283,The Last Airbender,2010,103,3.9,181117
tt14513804,Captain America: Brave New World,2025,118,5.6,181081
tt0036775,Double Indemnity,1944,107,8.3,181072
tt0072431,Young Frankenstein,1974,106,8.0,181066
tt0085334,A Christmas Story,1983,93,7.9,180682
tt0066999,Dirty Harry,1971,102,7.7,180638
tt0119345,I Know What You Did Last Summer,1997,101,5.9,180626
tt3469046,Despicable Me 3,2017,89,6.3,180476
tt0093748,"Planes, Trains & Automobiles",1987,93,7.6,180475
tt0122151,Lethal Weapon 4,1998,127,6.6,180459
tt4776998,The Promise,2016,133,6.1,180358
tt3300542,London Has Fallen,2016,99,5.9,180330
tt0330793,The Punisher,2004,124,6.4,180304
tt2848292,Pitch Perfect 2,2015,115,6.4,180173
tt1189073,The Skin I Live In,2011,120,7.6,180005
tt0859163,The Mummy: Tomb of the Dragon Emperor,2008,112,5.2,179995
tt3640424,Allied,2016,124,7.1,179847
tt5433138,F9: The Fast Saga,2021,143,5.2,179768
tt0442933,Beowulf,2007,115,6.3,179639
tt4172430,13 Hours,2016,144,7.3,179562
tt1279935,Date Night,2010,88,6.3,179520
tt1335975,47 Ronin,2013,128,6.2,179439
tt1563738,One Day,2011,107,7.0,179432
tt15314262,The Beekeeper,2024,105,6.3,179399
tt12300742,Bugonia,2025,118,7.4,179360
tt2120120,Pixels,2015,105,5.6,179272
tt11291274,The Unbearable Weight of Massive Talent,2022,107,7.0,178767
tt2386490,How to Train Your Dragon: The Hidden World,2019,104,7.4,178619
tt0458481,Sin City: A Dame to Kill For,2014,102,6.5,178607
tt6628394,Bad Times at the El Royale,2018,141,7.1,178390
tt6155172,Roma,2018,135,7.6,178343
tt5971474,The Little Mermaid,2023,135,7.2,178264
tt7984766,The King,2019,140,7.3,177991
tt16426418,Challengers,2024,131,7.0,177839
tt0266987,Spy Game,2001,126,7.1,177722
tt0047296,On the Waterfront,1954,108,8.1,177620
tt0980970,The Chronicles of Narnia: The Voyage of the Dawn Treader,2010,113,6.3,177359
tt0093437,The Lost Boys,1987,97,7.2,177184
tt0322330,Freaky Friday,2003,97,6.4,177157
tt0097523,"Honey, I Shrunk the Kids",1989,93,6.4,176947
tt0498380,Letters from Iwo Jima,2006,141,7.8,176936
tt1139328,The Ghost Writer,2010,128,7.2,176674
tt0963966,The Sorcerer's Apprentice,2010,109,6.1,176596
tt0099077,Awakenings,1990,121,7.8,176568
tt0890870,Saw IV,2007,93,5.9,176483
tt5439796,Logan Lucky,2017,118,7.0,176465
tt0285823,Once Upon a Time in Mexico,2003,102,6.3,176362
tt13320622,The Lost City,2022,112,6.1,176318
tt1462758,Buried,2010,95,7.0,176235
tt1980929,Begin Again,2013,104,7.4,176207
tt10731256,Don't Worry Darling,2022,123,6.3,176085
tt13433802,A Quiet Place: Day One,2024,99,6.3,175714
tt2140373,Saving Mr. Banks,2013,125,7.5,175549
tt0822832,Marley & Me,2008,115,7.0,175515
tt0080761,Friday the 13th,1980,95,6.4,175335
tt0099938,Kindergarten Cop,1990,111,6.3,175301
tt9421570,The Guilty,2021,90,6.3,174939
tt0834001,Underworld: Rise of the Lycans,2009,92,6.5,174933
tt6266538,Vice,2018,132,7.2,174809
tt3567288,The Visit,2015,94,6.3,174729
tt0435705,Next,2007,96,6.2,174710
tt0358082,Robots,2005,91,6.4,174689
tt11214590,House of Gucci,2021,158,6.6,174653
tt1091722,Adventureland,2009,107,6.8,174525
tt0094291,Wall Street,1987,126,7.3,174452
tt0107362,Last Action Hero,1993,130,6.5,174430
tt26584495,Companion,2025,97,6.9,174414
tt0424136,Hard Candy,2005,104,7.0,174255
tt1057500,Invictus,2009,134,7.3,174191
tt0033870,The Maltese Falcon,1941,100,7.9,174112
tt2049403,Beetlejuice Beetlejuice,2024,105,6.6,173602
tt0082198,Conan the Barbarian,1982,129,6.9,173573
tt16277242,Society of the Snow,2023,144,7.8,173468
tt0120891,Wild Wild West,1999,106,4.9,173370
tt8097030,Turning Red,2022,100,6.9,173279
tt0120783,The Parent Trap,1998,128,6.7,173255
tt0120888,The Wedding Singer,1998,97,6.9,173241
tt0113568,Ghost in the Shell,1995,83,7.9,173162
tt2278871,Blue Is the Warmest Colour,2013,180,7.6,173030
tt1568911,War Horse,2011,146,7.2,172980
tt12263384,Extraction II,2023,122,7.0,172752
tt0397535,Memoirs of a Geisha,2005,145,7.3,172734
tt0340855,Monster,2003,109,7.3,172718
tt3774114,Snowden,2016,134,7.3,172537
tt2975578,The Purge: Anarchy,2014,103,6.4,172529
tt2866360,Coherence,2013,89,7.2,172429
tt0107120,Hocus Pocus,1993,96,6.9,172428
tt0082340,Escape from New York,1981,99,7.1,172413
tt0032910,Pinocchio,1940,88,7.5,172312
tt26047818,Anyone But You,2023,103,6.1,172273
tt0765010,Brothers,2009,105,7.1,172129
tt0306047,Scary Movie 3,2003,84,5.6,172071
tt13238346,Past Lives,2023,105,7.8,172067
tt0053285,Sleeping Beauty,1959,75,7.2,172016
tt2042568,Inside Llewyn Davis,2013,104,7.4,171823
tt0120681,From Hell,2001,122,6.7,171779
tt6294822,The Post,2017,116,7.2,171755
tt1267297,Hercules,2014,98,6.0,171712
tt5108870,Morbius,2022,104,5.1,171340
tt3521126,The Disaster Artist,2017,104,7.3,171315
tt0385002,Green Street Hooligans,2005,109,7.4,171108
tt0120587,Antz,1998,83,6.5,171074
tt23849204,12th Fail,2023,147,8.7,170719
tt1131734,Jennifer's Body,2009,102,5.6,170433
tt0464141,The Orphanage,2007,105,7.4,170370
tt1441395,Under the Skin,2013,108,6.3,170338
tt9620288,King Richard,2021,144,7.5,170111
tt6343314,Creed II,2018,130,7.1,170047
tt0128442,Rounders,1998,121,7.3,170047
tt0116922,Lost Highway,1997,134,7.6,170035
tt0088323,The NeverEnding Story,1984,102,7.3,170028
tt1600196,The Drop,2014,106,7.0,169880
tt5140878,Annabelle: Creation,2017,109,6.5,169641
tt13654226,The Gorge,2025,128,6.7,169603
tt10698680,K.G.F: Chapter 2,2022,166,8.2,169331
tt2554274,Crimson Peak,2015,119,6.5,169313
tt0122933,Analyze This,1999,103,6.7,169265
tt5022702,Hush,2016,82,6.6,169264
tt7395114,The Devil All the Time,2020,138,7.1,169007
tt0990407,The Green Hornet,2011,119,5.8,168999
tt2692904,Locke,2013,85,7.1,168921
tt7069210,The Conjuring: The Devil Made Me Do It,2021,112,6.2,168872
tt0430105,Four Brothers,2005,109,6.8,168852
tt7959026,The Mule,2018,116,7.0,168520
tt0276919,Dogville,2003,171,8.0,168496
tt1638002,"Love, Rosie",2014,102,7.1,168390
tt1714206,The Spectacular Now,2013,95,7.0,168366
tt0101507,Boyz n the Hood,1991,112,7.8,168324
tt11389872,Kingdom of the Planet of the Apes,2024,145,6.8,168254
tt1611224,Abraham Lincoln: Vampire Hunter,2012,105,5.9,168214
tt0120768,The Negotiator,1998,140,7.3,168040
tt4566758,Mulan,2020,115,5.8,167819
tt0120102,Seven Years in Tibet,1997,136,7.1,167766
tt7737786,Greenland,2020,119,6.4,167604
tt0307987,Bad Santa,2003,92,7.0,167591
tt1188729,Pandorum,2009,108,6.7,167581
tt8847712,The French Dispatch,2021,107,7.1,167551
tt0112508,Billy Madison,1995,89,6.4,167451
tt1496025,Underworld: Awakening,2012,88,6.3,167369
tt0805564,Lars and the Real Girl,2007,106,7.3,167321
tt13345606,Evil Dead Rise,2023,96,6.5,167144
tt1121931,Crank: High Voltage,2009,96,6.1,167016
tt0090728,Big Trouble in Little China,1986,99,7.2,166935
tt0119738,My Best Friend's Wedding,1997,105,6.4,166494
tt0261392,Jay and Silent Bob Strike Back,2001,104,6.8,166380
tt0043274,Alice in Wonderland,1951,75,7.3,166368
tt0473705,State of Play,2009,127,7.1,166318
tt7160372,The Zone of Interest,2023,105,7.3,166169
tt0079417,Kramer vs. Kramer,1979,105,7.8,166151
tt12844910,Pathaan,2023,146,5.8,166076
tt1314655,Devil,2010,80,6.3,165795
tt0100814,Tremors,1990,96,7.2,165729
tt0421239,Red Eye,2005,85,6.4,165719
tt0452694,The Time Traveler's Wife,2009,107,7.1,165654
tt0350258,Ray,2004,152,7.7,165444
tt0095159,A Fish Called Wanda,1988,108,7.5,165368
tt0046183,Peter Pan,1953,77,7.2,165316
tt0093105,"Good Morning, Vietnam",1987,121,7.3,165185
tt0410297,The Lake House,2006,99,6.8,165126
tt1588170,I Saw the Devil,2010,144,7.8,165008
tt0034492,Bambi,1942,69,7.3,164990
tt0040746,Rope,1948,80,7.9,164877
tt13143964,Borat Subsequent Moviefilm,2020,95,6.6,164502
tt0071230,Blazing Saddles,1974,93,7.7,164453
tt26753003,Trap,2024,105,5.8,164294
tt0091369,Labyrinth,1986,101,7.3,164199
tt0159365,Cold Mountain,2003,154,7.2,164159
tt3289956,The Autopsy of Jane Doe,2016,86,6.8,164119
tt8009428,Hustle,2022,117,7.3,164027
tt0373074,Kung Fu Hustle,2004,99,7.7,163844
tt1727388,The Way Way Back,2013,103,7.4,163816
tt0989757,Dear John,2010,108,6.3,163793
tt15789038,Elemental,2023,101,7.0,163791
tt0280590,Mr. Deeds,2002,96,5.8,163731
tt0079116,Escape from Alcatraz,1979,112,7.5,163727
tt1403981,Remember Me,2010,113,7.1,163673
tt0096256,They Live,1988,94,7.2,163659
tt0780571,Mr. Brooks,2007,120,7.2,163451
tt10676048,The Marvels,2023,105,5.5,163345
tt0369441,Fun with Dick and Jane,2005,90,6.2,162926
tt0413099,Evan Almighty,2007,96,5.4,162837
tt0290673,Irreversible,2002,97,7.3,162602
tt3829266,The Predator,2018,107,5.3,162539
tt0032976,Rebecca,1940,130,8.1,162388
tt0277027,I Am Sam,2001,132,7.6,162255
tt1568338,Man on a Ledge,2012,102,6.6,162212
tt0089530,Mad Max Beyond Thunderdome,1985,107,6.2,162067
tt0324216,The Texas Chainsaw Massacre,2003,98,6.2,161996
tt0120794,The Prince of Egypt,1998,99,7.2,161940
tt2510894,Hotel Transylvania 2,2015,89,6.6,161837
tt5776858,Phantom Thread,2017,130,7.4,161816
tt0051201,Witness for the Prosecution,1957,116,8.4,161756
tt1615147,Margin Call,2011,107,7.1,161635
tt0335438,Starsky & Hutch,2004,101,6.1,161633
tt0048280,Lady and the Tramp,1955,76,7.3,161574
tt1488606,Triple Frontier,2019,125,6.5,161226
tt0100507,Rocky V,1990,104,5.4,161177
tt0106918,The Firm,1993,154,6.9,161161
tt2854926,Tag,2018,100,6.5,161093
tt1034303,Defiance,2008,137,7.1,161030
tt0088258,This Is Spinal Tap,1984,82,7.9,160978
tt0762107,I Now Pronounce You Chuck & Larry,2007,115,5.9,160946
tt17024450,The Equalizer 3,2023,109,6.8,160920
tt11271038,Licorice Pizza,2021,133,7.1,160673
tt0093822,Raising Arizona,1987,94,7.3,160583
tt2203939,The Other Woman,2014,109,6.0,160515
tt9619824,Final Destination: Bloodlines,2025,110,6.7,160489
tt2283336,Men in Black: International,2019,114,5.6,160343
tt1389137,We Bought a Zoo,2011,124,7.0,160270
tt1764234,Killing Them Softly,2012,97,6.2,160208
tt0164912,Stuart Little,1999,84,6.0,160192
tt1334260,Never Let Me Go,2010,103,7.1,160000
tt0257076,S.W.A.T.,2003,117,6.1,159916
tt1758830,This Is 40,2012,134,6.2,159711
tt0245844,The Count of Monte Cristo,2002,131,7.7,159698
tt0301357,Good Bye Lenin!,2003,121,7.7,159660
tt0277434,We Were Soldiers,2002,138,7.2,159487
tt5886046,Escape Room,2019,99,6.4,159349
tt2222042,Love and Monsters,2020,109,6.9,159349
tt0103855,The Bodyguard,1992,129,6.4,159332
tt0112642,Casper,1995,100,6.2,159299
tt2034800,The Great Wall,2016,103,5.9,159136
tt14948432,Red One,2024,123,6.2,159078
tt0465602,Shoot 'Em Up,2007,86,6.6,159073
tt1390411,In the Heart of the Sea,2015,122,6.9,159062
tt32916440,Marty Supreme,2025,149,7.7,158971
tt1855325,Resident Evil: Retribution,2012,95,5.3,158671
tt0057076,From Russia with Love,1963,115,7.3,158643
tt4481414,Gifted,2017,101,7.6,158613
tt0091203,Highlander,1986,110,7.0,158575
tt9893250,I Care a Lot,2020,118,6.4,158515
tt0451079,Horton Hears a Who!,2008,86,6.8,158456
tt2381111,Brooklyn,2015,117,7.5,158442
tt18925334,Pearl,2022,103,7.0,158390
tt0889583,Brüno,2009,81,5.9,158377
tt0046250,Roman Holiday,1953,118,8.0,158370
tt1019452,A Serious Man,2009,106,7.0,158325
tt0104952,My Cousin Vinny,1992,120,7.6,158205
tt3566834,A Minecraft Movie,2025,101,5.6,158170
tt0391198,The Grudge,2004,91,5.9,158115
tt0443274,Vantage Point,2008,90,6.6,157876
tt9411972,Where the Crawdads Sing,2022,125,7.2,157861
tt3874544,The Boss Baby,2017,97,6.3,157810
tt1086772,Blended,2014,117,6.5,157729
tt1399683,Winter's Bone,2010,100,7.1,157718
tt1757678,Avatar: Fire and Ash,2025,197,7.3,157613
tt0475394,Smokin' Aces,2006,109,6.6,157606
tt1054606,The Imaginarium of Doctor Parnassus,2009,123,6.7,157583
tt0263488,Jeepers Creepers,2001,90,6.2,157398
tt0471042,Tower Heist,2011,104,6.2,157339
tt0312004,Wallace & Gromit: The Curse of the Were-Rabbit,2005,85,7.5,157310
tt0482606,The Strangers,2008,86,6.1,157230
tt5177120,The Ministry of Ungentlemanly Warfare,2024,122,6.8,157131
tt1058017,The Invention of Lying,2009,100,6.4,157060
tt0472033,9,2009,79,7.0,156962
tt0079944,Stalker,1979,162,8.0,156712
tt1109624,Paddington,2014,95,7.3,156100
tt4846232,Good Time,2017,102,7.3,155739
tt0387131,The Constant Gardener,2005,129,7.3,155731
tt1939659,Carrie,2013,100,5.8,155630
tt1648190,The Dark Tower,2017,95,5.6,155529
tt1351685,Jack the Giant Slayer,2013,114,6.3,155138
tt2561572,Get Hard,2015,100,6.0,155116
tt1100089,Foxcatcher,2014,134,7.0,155001
tt0385880,Monster House,2006,91,6.7,154986
tt16366836,Venom: The Last Dance,2024,110,6.0,154914
tt2101441,Spring Breakers,2012,94,5.3,154481
tt0905372,The Thing,2011,103,6.3,154472
tt0256380,Shallow Hal,2001,114,6.0,154102
tt0079522,Manhattan,1979,96,7.8,153890
tt0097441,Glory,1989,122,7.8,153760
tt2631186,Baahubali: The Beginning,2015,159,8.0,153709
tt0093177,Hellraiser,1987,94,6.9,153639
tt2180411,Into the Woods,2014,125,5.9,153630
tt0120784,Payback,1999,100,7.0,153550
tt2402927,Carol,2015,118,7.3,153533
tt2096672,Dumb and Dumber To,2014,109,5.6,153524
tt4052882,The Shallows,2016,86,6.3,153523
tt0251160,John Q,2002,116,7.1,153514
tt4062536,Green Room,2015,95,7.0,153380
tt0815236,She's Out of My League,2010,104,6.4,153023
tt1259528,Den of Thieves,2018,140,7.0,153009
tt1571234,Mortal Engines,2018,128,6.1,152908
tt4698684,Hunt for the Wilderpeople,2016,101,7.8,152844
tt8244784,The Hunt,2020,90,6.6,152671
tt0242423,"Dude, Where's My Car?",2000,83,5.5,152650
tt0253556,Reign of Fire,2002,101,6.2,152574
tt1915581,Magic Mike,2012,110,6.1,152525
tt0310793,Bowling for Columbine,2002,120,7.9,152392
tt2446980,Joy,2015,124,6.6,152299
tt0054331,Spartacus,1960,184,7.9,152050
tt4786282,Lights Out,2016,81,6.3,152015
tt0804497,It's Kind of a Funny Story,2010,101,7.1,151857
tt0249462,Billy Elliot,2000,110,7.7,151830
tt0089881,Ran,1985,160,8.2,151730
tt0325703,Lara Croft: Tomb Raider - The Cradle of Life,2003,117,5.5,151721
tt17663992,Scream VI,2023,122,6.4,151660
tt0277296,The Scorpion King,2002,92,5.5,151631
tt0033563,Dumbo,1941,64,7.2,151384
tt0790736,R.I.P.D.,2013,96,5.6,151378
tt0149261,Deep Blue Sea,1999,105,5.9,151322
tt0134273,8MM,1999,123,6.6,151283
tt1878870,The Edge of Seventeen,2016,104,7.3,151171
tt0259446,My Big Fat Greek Wedding,2002,95,6.6,151161
tt1622979,Final Destination 5,2011,92,5.9,150952
tt0343135,Along Came Polly,2004,90,6.0,150937
tt0063350,Night of the Living Dead,1968,96,7.8,150730
tt3606752,Cars 3,2017,102,6.7,150656
tt0104070,Death Becomes Her,1992,104,6.7,150601
tt3316960,Still Alice,2014,101,7.5,150421
tt1549920,The Last Stand,2013,107,6.3,150416
tt0067116,The French Connection,1971,104,7.7,150285
tt5462602,The Big Sick,2017,120,7.5,150241
tt0475290,"Hail, Caesar!",2016,106,6.3,149965
tt0070608,Robin Hood,1973,83,7.5,149871
tt0417148,Snakes on a Plane,2006,105,5.5,149602
tt1172570,Bronson,2008,92,7.0,149575
tt2388715,Oculus,2013,104,6.6,149421
tt0095956,Rambo III,1988,102,5.8,149408
tt0424095,Flushed Away,2006,85,6.6,149404
tt2692250,Night at the Museum: Secret of the Tomb,2014,98,6.2,149294
tt0096928,Bill & Ted's Excellent Adventure,1989,90,6.9,149293
tt0379725,Capote,2005,114,7.3,149241
tt0100150,Miller's Crossing,1990,115,7.7,149236
tt1634122,Johnny English Reborn,2011,101,6.3,149233
tt7181546,Ballerina,2025,124,6.8,149162
tt0404032,The Exorcism of Emily Rose,2005,119,6.7,149108
tt0042192,All About Eve,1950,138,8.2,149090
tt0044079,Strangers on a Train,1951,101,7.9,148964
tt0087928,Police Academy,1984,96,6.7,148871
tt0096320,Twins,1988,107,6.2,148870
tt2024432,Identity Thief,2013,111,5.7,148689
tt2177771,The Monuments Men,2014,118,6.1,148460
tt0118842,Chasing Amy,1997,113,7.2,148289
tt0106582,Cliffhanger,1993,113,6.5,148200
tt1187064,Triangle,2009,99,6.9,148198
tt0092644,Beverly Hills Cop II,1987,103,6.6,148141
tt0327850,The Rundown,2003,104,6.6,148108
tt1132626,Saw V,2008,92,5.8,148055
tt0133240,Treasure Planet,2002,95,7.2,147869
tt0384793,Accepted,2006,93,6.4,147786
tt0947810,Green Zone,2010,115,6.8,147761
tt0816442,The Book Thief,2013,131,7.5,147570
tt0111070,The Santa Clause,1994,97,6.6,147524
tt0230011,Atlantis: The Lost Empire,2001,95,6.9,147483
tt3531824,Nerve,2016,96,6.5,147438
tt0133751,The Faculty,1998,104,6.6,147421
tt0292506,The Recruit,2003,115,6.6,147357
tt14961016,I'm Still Here,2024,137,8.1,147274
tt0164052,Hollow Man,2000,112,5.9,147139
tt3152624,Trainwreck,2015,125,6.2,147033
tt0274558,The Hours,2002,114,7.5,146951
tt14966898,Late Night with the Devil,2023,93,7.0,146771
tt0118617,Anastasia,1997,94,7.2,146737
tt0918927,Doubt,2008,104,7.5,146644
tt0758730,Aliens vs. Predator: Requiem,2007,94,4.6,146637
tt4302938,Kubo and the Two Strings,2016,101,7.7,146614
tt8404614,The Two Popes,2019,125,7.6,146527
tt0070666,Serpico,1973,130,7.7,146467
tt5649144,The Florida Project,2017,111,7.6,146413
tt3410834,The Divergent Series: Allegiant,2016,120,5.7,146298
tt2305051,Wild,2014,115,7.1,146191
tt0084827,Tron,1982,96,6.7,146003
tt0481536,Harold & Kumar Escape from Guantanamo Bay,2008,102,6.5,145994
tt0075005,The Omen,1976,111,7.5,145981
tt0070511,Papillon,1973,151,8.0,145824
tt0295700,Wrong Turn,2003,84,6.1,145767
tt0107977,Robin Hood: Men in Tights,1993,104,6.7,145671
tt5433140,Fast X,2023,141,5.7,145640
tt0452594,The Break-Up,2006,106,5.8,145626
tt0114069,Outbreak,1995,128,6.6,145607
tt0427327,Hairspray,2007,117,6.7,145538
tt0012349,The Kid,1921,68,8.2,145494
tt0161081,What Lies Beneath,2000,130,6.6,145405
tt0325805,Matchstick Men,2003,116,7.3,145370
tt0397065,House of Wax,2005,113,5.5,145260
tt5758778,Skyscraper,2018,102,5.8,145175
tt0113627,Leaving Las Vegas,1995,111,7.5,145007
tt10151854,Shazam! Fury of the Gods,2023,130,5.9,144897
tt0870984,Antichrist,2009,108,6.5,144716
tt1055292,Life as We Know It,2010,114,6.5,144701
tt31227572,Predator: Badlands,2025,107,7.2,144526
tt1536537,What Happened to Monday,2017,123,6.8,144507
tt14230388,Asteroid City,2023,105,6.4,144451
tt0424345,Clerks II,2006,97,7.3,144393
tt2582496,Me and Earl and the Dying Girl,2015,105,7.7,144378
tt1924435,Let's Be Cops,2014,104,6.4,144264
tt1488589,Guillermo del Toro's Pinocchio,2022,117,7.6,144043
tt0117438,Ransom,1996,121,6.7,144017
tt1034032,Gamer,2009,95,5.7,143893
tt1482459,The Lorax,2012,86,6.4,143732
tt1538403,The Mortal Instruments: City of Bones,2013,130,5.8,143646
tt0227445,The Score,2001,124,6.8,143605
tt0125664,Man on the Moon,1999,118,7.4,143409
tt0074486,Eraserhead,1977,89,7.2,143289
tt0120789,Pleasantville,1998,124,7.5,143216
tt9495224,Black Mirror: Bandersnatch,2018,90,7.1,143132
tt1205537,Jack Ryan: Shadow Recruit,2014,105,6.2,142962
tt0251075,Evolution,2001,101,6.1,142952
tt5638642,The Ritual,2017,94,6.4,142920
tt0055630,Yojimbo,1961,110,8.2,142854
tt0468492,The Host,2006,120,7.1,142802
tt2312718,Homefront,2013,100,6.5,142708
tt0092965,Empire of the Sun,1987,153,7.7,142705
tt2503944,Burnt,2015,101,6.6,142326
tt0184894,Shanghai Noon,2000,110,6.6,142179
tt7979580,The Mitchells vs. the Machines,2021,114,7.6,142150
tt0309987,The Dreamers,2003,115,7.1,142036
tt0112431,Babe,1995,91,6.9,142016
tt0453451,Mr. Bean's Holiday,2007,90,6.4,141998
tt3748172,Gerald's Game,2017,103,6.5,141929
tt1860213,Dirty Grandpa,2016,102,5.9,141762
tt10016180,The Little Things,2021,128,6.3,141733
tt1234548,The Men Who Stare at Goats,2009,94,6.2,141728
tt3967856,Okja,2017,120,7.3,141658
tt1790886,The Campaign,2012,85,6.1,141501
tt0120890,Wild Things,1998,108,6.6,141431
tt3488710,The Walk,2015,123,7.3,141409
tt2763304,T2 Trainspotting,2017,117,7.1,141382
tt0040897,The Treasure of the Sierra Madre,1948,126,8.2,141309
tt15679400,Knock at the Cabin,2023,100,6.1,141194
tt4651520,Bad Moms,2016,100,6.2,141126
tt0102510,The Naked Gun 2½: The Smell of Fear,1991,85,6.9,141107
tt1174732,An Education,2009,100,7.2,141089
tt1067106,A Christmas Carol,2009,96,6.8,141012
tt1448755,Killer Elite,2011,116,6.4,140996
tt29268110,Smile 2,2024,127,6.7,140993
tt14138650,The Pale Blue Eye,2022,128,6.6,140971
tt2884206,I Origins,2014,106,7.3,140969
tt1144884,The Final Destination,2009,82,5.1,140934
tt4034354,Swiss Army Man,2016,97,6.9,140914
tt22687790,A Haunting in Venice,2023,103,6.5,140883
tt0245574,Y Tu Mamá También,2001,106,7.7,140882
tt0433362,Daybreakers,2009,98,6.4,140872
tt0373051,Journey to the Center of the Earth,2008,93,5.8,140806
tt5323662,A Silent Voice: The Movie,2016,130,8.2,140775
tt0267913,Scooby-Doo,2002,86,5.4,140534
tt0087884,"Paris, Texas",1984,145,8.1,140521
tt21823606,A Real Pain,2024,90,7.0,140500
tt14998742,Rebel Moon - Part One: A Child of Fire,2023,133,5.6,140404
tt0060827,Persona,1966,83,8.0,140361
tt1038919,The Bounty Hunter,2010,110,5.6,140304
tt1204975,Last Vegas,2013,105,6.6,140256
tt1489887,Booksmart,2019,102,7.1,140084
tt3846674,To All the Boys I've Loved Before,2018,99,7.0,139832
tt0265459,One Hour Photo,2002,96,6.8,139672
tt2494362,Bone Tomahawk,2015,132,7.1,139624
tt1979388,The Good Dinosaur,2015,93,6.7,139529
tt0443649,"10,000 BC",2008,109,5.2,139417
tt0362120,Scary Movie 4,2006,83,5.1,139385
tt0120657,The 13th Warrior,1999,102,6.6,139245
tt0096446,Willow,1988,126,7.2,139238
tt1528854,Daddy's Home,2015,96,6.2,139098
tt0305357,Charlie's Angels: Full Throttle,2003,106,5.0,138920
tt0097351,Field of Dreams,1989,107,7.5,138836
tt0337741,Something's Gotta Give,2003,128,6.8,138807
tt2265171,The Raid 2,2014,150,7.9,138801
tt8503618,Hamilton,2020,160,8.3,138795
tt0373883,Halloween,2007,109,6.1,138767
tt1937390,Nymphomaniac: Vol. I,2013,117,6.9,138663
tt1615065,Savages,2012,131,6.4,138595
tt0365737,Syriana,2005,128,6.8,138502
tt0450232,16 Blocks,2006,102,6.6,138467
tt1692486,Carnage,2011,80,7.1,138320
tt0074119,All the President's Men,1976,138,7.9,138307
tt0293508,The Phantom of the Opera,2004,143,7.2,138292
tt1616195,J. Edgar,2011,137,6.5,138170
tt0119303,Home Alone 3,1997,102,4.6,138150
tt0338564,Infernal Affairs,2002,101,8.0,138145
tt0257360,About Schmidt,2002,125,7.2,138073
tt4589218,Five Nights at Freddy's,2023,109,5.4,137935
tt1298649,The Watch,2012,102,5.7,137798
tt0117731,Star Trek: First Contact,1996,111,7.6,137786
tt0059800,Thunderball,1965,130,6.9,137698
tt8110330,Dil Bechara,2020,101,8.3,137614
tt0314353,Tears of the Sun,2003,121,6.6,137457
tt0431197,The Kingdom,2007,110,7.0,137441
tt12915716,Adipurush,2023,179,2.6,137441
tt1389072,Downsizing,2017,135,5.8,137393
tt0842926,The Kids Are All Right,2010,106,7.0,137351
tt0455407,The Crazies,2010,101,6.5,137331
tt0114388,Sense and Sensibility,1995,136,7.7,137218
tt27543632,The Housemaid,2025,131,6.7,137142
tt7599146,Sound of Freedom,2023,131,7.6,137139
tt4438848,Neighbors 2: Sorority Rising,2016,92,5.7,137068
tt2557478,Pacific Rim: Uprising,2018,111,5.6,136945
tt0402022,Æon Flux,2005,93,5.4,136944
tt1924396,The Best Offer,2013,131,7.7,136902
tt15325794,Fall,2022,107,6.4,136858
tt0113118,Friday,1995,91,7.2,136764
tt0071360,The Conversation,1974,113,7.7,136747
tt33014583,Dhurandhar,2025,214,8.3,136644
tt8999762,The Brutalist,2024,216,7.2,136507
tt0190138,The Whole Nine Yards,2000,98,6.7,136465
tt0077402,Dawn of the Dead,1978,127,7.8,136428
tt10295212,Shershaah,2021,135,8.3,136357
tt0328880,Brother Bear,2003,85,6.9,136212
tt0480687,Hall Pass,2011,105,5.9,136199
tt1135503,Julie & Julia,2009,123,7.0,136156
tt0329101,Freddy vs. Jason,2003,97,5.8,136074
tt0077975,National Lampoon's Animal House,1978,109,7.4,135977
tt0112740,Crimson Tide,1995,116,7.4,135883
tt1904996,Parker,2013,118,6.2,135880
tt6394270,Bombshell,2019,109,6.8,135876
tt0268695,The Time Machine,2002,96,6.0,135862
tt10298810,Lightyear,2022,105,6.1,135812
tt0227538,Spy Kids,2001,88,5.6,135785
tt0084726,Star Trek II: The Wrath of Khan,1982,113,7.7,135707
tt0101410,Barton Fink,1991,116,7.6,135508
tt2404233,Gods of Egypt,2016,127,5.4,135488
tt1233227,Saw VI,2009,90,6.1,135468
tt5742374,You Were Never Really Here,2017,89,6.7,135416
tt0433400,Just Friends,2005,96,6.2,135331
tt0088128,Sixteen Candles,1984,93,7.0,135304
tt4501244,Why Him?,2016,111,6.2,135283
tt7401588,Instant Family,2018,118,7.3,135204
tt1862079,Safety Not Guaranteed,2012,86,6.9,135045
tt0361596,Fahrenheit 9/11,2004,122,7.5,135019
tt0480025,This Is England,2006,101,7.7,134999
tt4495098,Gran Turismo,2023,134,7.1,134817
tt0120632,City of Angels,1998,114,6.7,134675
tt14539740,Godzilla X Kong: The New Empire,2024,115,6.0,134644
tt0449010,Eragon,2006,104,5.1,134600
tt1258197,Exam,2009,101,6.7,134583
tt0256415,Sweet Home Alabama,2002,108,6.2,134566
tt14208870,The Fabelmans,2022,151,7.5,134538
tt2567026,Alice Through the Looking Glass,2016,113,6.2,134472
tt1911644,The Call,2013,94,6.7,134406
tt0053198,The 400 Blows,1959,99,8.0,134402
tt0313737,Two Weeks Notice,2002,101,6.2,134336
tt0080487,Caddyshack,1980,98,7.2,134328
tt0082010,An American Werewolf in London,1981,97,7.5,134311
tt0113749,Mallrats,1995,94,7.0,134225
tt0418689,Flags of Our Fathers,2006,135,7.1,134183
tt5164432,"Love, Simon",2018,110,7.5,134106
tt0164184,The Sum of All Fears,2002,124,6.5,134102
tt0462590,Step Up,2006,104,6.5,134090
tt1854564,Percy Jackson: Sea of Monsters,2013,106,5.7,133985
tt0467197,Max Payne,2008,100,5.3,133942
tt1071875,Ghost Rider: Spirit of Vengeance,2011,96,4.4,133934
tt0216216,The 6th Day,2000,123,6.0,133856
tt0490215,Silence,2016,161,7.2,133763
tt1590193,The Commuter,2018,104,6.3,133760
tt4849438,Baahubali 2: The Conclusion,2017,167,8.2,133750
tt0455824,Australia,2008,165,6.6,133675
tt23561236,American Fiction,2023,117,7.5,133565
tt27534307,Speak No Evil,2024,110,6.8,133512
tt1172049,Demolition,2015,101,7.0,133505
tt1000774,Sex and the City,2008,145,5.7,133219
tt1228987,Let Me In,2010,116,7.1,133139
tt0182789,Bicentennial Man,1999,132,6.9,133013
tt0317198,Bridget Jones: The Edge of Reason,2004,108,6.0,132988
tt6048922,Greyhound,2020,91,7.0,132844
tt0085794,The King of Comedy,1982,109,7.8,132736
tt0056801,8½,1963,138,8.0,132673
tt1981128,Geostorm,2017,111,5.4,132527
tt0112461,The Basketball Diaries,1995,102,7.3,132383
tt0289992,The Life of David Gale,2003,130,7.5,132269
tt1615160,The Foreigner,2017,113,7.0,132263
tt1524930,Vacation,2015,99,6.2,132218
tt0327554,Catwoman,2004,104,3.5,132131
tt0113492,Judge Dredd,1995,96,5.6,132086
tt0162346,Ghost World,2001,111,7.3,132075
tt0113855,Mortal Kombat,1995,101,5.8,132066
tt1206543,Out of the Furnace,2013,116,6.7,131993
tt4777008,Maleficent: Mistress of Evil,2019,119,6.6,131991
tt0119395,The Jackal,1997,124,6.4,131989
tt0355295,The Brothers Grimm,2005,118,5.9,131974
tt26743210,How to Train Your Dragon,2025,125,7.7,131950
tt0365907,A Walk Among the Tombstones,2014,114,6.5,131809
tt0422720,Marie Antoinette,2006,123,6.5,131774
tt0094862,Child's Play,1988,87,6.7,131748
tt14205554,KPop Demon Hunters,2025,95,7.4,131693
tt10189514,Soorarai Pottru,2020,153,8.6,131684
tt0240890,Serendipity,2001,90,6.8,131647
tt0064665,Midnight Cowboy,1969,113,7.8,131557
tt0203019,Men of Honor,2000,129,7.2,131554
tt0397101,The Skeleton Key,2005,104,6.5,131553
tt9243804,The Green Knight,2021,130,6.6,131516
tt1355630,If I Stay,2014,107,6.7,131356
tt0146838,Any Given Sunday,1999,162,6.9,131332
tt1025100,Gemini Man,2019,117,5.7,130997
tt0430357,Miami Vice,2006,132,6.1,130951
tt5090568,Transformers: Rise of the Beasts,2023,127,6.0,130903
tt0117218,The Nutty Professor,1996,95,5.7,130840
tt0218967,The Family Man,2000,125,6.9,130818
tt0817230,Valentine's Day,2010,125,5.8,130682
tt0435651,The Giver,2014,97,6.4,130600
tt0472062,Charlie Wilson's War,2007,102,7.0,130493
tt20215968,Hit Man,2023,115,6.8,130431
tt0250687,Rat Race,2001,112,6.5,130332
tt2870612,"As Above, So Below",2014,93,6.3,130307
tt0104694,A League of Their Own,1992,128,7.4,130245
tt0116705,Jingle All the Way,1996,89,5.8,130018
tt0085959,Monty Python's the Meaning of Life,1983,107,7.5,130000
tt0129290,Patch Adams,1998,115,6.9,129873
tt0137494,Entrapment,1999,113,6.3,129713
tt0822847,Priest,2011,87,5.7,129683
tt0031679,Mr. Smith Goes to Washington,1939,129,8.1,129369
tt1408253,Ride Along,2014,99,6.1,129346
tt14858658,Blink Twice,2024,102,6.5,129235
tt0169102,Lagaan: Once Upon a Time in India,2001,224,8.1,129191
tt2400463,The Invitation,2015,100,6.6,129176
tt1524137,Contraband,2012,109,6.4,129160
tt0099871,Jacob's Ladder,1990,113,7.4,128893
tt0096061,Scrooged,1988,101,6.9,128884
tt0223897,Pay It Forward,2000,123,7.2,128739
tt0068473,Deliverance,1972,109,7.6,128663
tt8721424,"tick, tick... BOOM!",2021,115,7.5,128578
tt0460791,The Fall,2006,117,7.8,128562
tt1821549,Nebraska,2013,115,7.7,128517
tt0200550,Coyote Ugly,2000,100,5.8,128495
tt2139881,Long Shot,2019,125,6.8,128390
tt7068946,The Accountant 2,2025,132,6.6,128301
tt0085995,National Lampoon's Vacation,1983,98,7.3,128264
tt0105112,Patriot Games,1992,117,6.8,128229
tt1226837,Beautiful Boy,2018,120,7.4,128111
tt3195644,Insidious: Chapter 3,2015,97,6.1,128091
tt0015864,The Gold Rush,1925,95,8.1,128019
tt2404311,The Family,2013,111,6.3,128017
tt0110622,Naked Gun 33 1/3: The Final Insult,1994,83,6.5,128015
tt11233960,The Unforgivable,2021,112,7.2,128005
tt0061418,Bonnie and Clyde,1967,111,7.7,128004
tt0070379,Mean Streets,1973,112,7.2,127997
tt19770238,Aftersun,2022,102,7.6,127971
tt0795368,Death at a Funeral,2007,90,7.3,127849
tt0486946,Wild Hogs,2007,100,5.9,127761
tt0095647,Mississippi Burning,1988,128,7.8,127649
tt0055614,West Side Story,1961,153,7.6,127541
tt1023114,The Way Back,2010,133,7.3,127434
tt0062512,You Only Live Twice,1967,117,6.8,127321
tt1201167,Funny People,2009,146,6.3,127249
tt1179034,From Paris with Love,2010,92,6.4,127017
tt8613070,Portrait of a Lady on Fire,2019,122,8.0,126974
tt0097493,Heathers,1989,103,7.1,126955
tt0091605,The Name of the Rose,1986,130,7.7,126904
tt0104348,Glengarry Glen Ross,1992,100,7.6,126797
tt0421073,Street Kings,2008,109,6.8,126769
tt10370710,The Worst Person in the World,2021,128,7.7,126752
tt26443597,Zootopia 2,2025,108,7.4,126732
tt0114924,While You Were Sleeping,1995,103,6.8,126664
tt2381991,The Huntsman: Winter's War,2016,114,6.1,126561
tt0405508,Rang De Basanti,2006,167,8.1,126518
tt0467200,The Other Boleyn Girl,2008,115,6.7,126515
tt0758746,Friday the 13th,2009,97,5.5,126439
tt4772188,Flow,2024,85,7.8,126419
tt0277371,Not Another Teen Movie,2001,89,5.8,126370
tt14209916,Cocaine Bear,2023,95,5.9,126368
tt4686844,The Death of Stalin,2017,107,7.3,126328
tt1142977,Frankenweenie,2012,87,6.9,126228
tt0425123,Just Like Heaven,2005,95,6.7,126156
tt2304933,The 5th Wave,2016,112,5.2,126151
tt0110478,Maverick,1994,127,7.0,126093
tt6587046,The Boy and the Heron,2023,124,7.3,125968
tt0970866,Little Fockers,2010,98,5.5,125945
tt0406375,Zathura: A Space Adventure,2005,101,6.3,125897
tt1985966,Cloudy with a Chance of Meatballs 2,2013,95,6.3,125377
tt2671706,Fences,2016,139,7.2,125287
tt0076752,The Spy Who Loved Me,1977,125,7.0,125176
tt3402138,The Naked Gun,2025,85,6.3,125113
tt0118615,Anaconda,1997,89,5.0,125075
tt13622970,Moana 2,2024,100,6.3,125055
tt10633456,Minari,2020,115,7.4,125008
tt1114740,Paul Blart: Mall Cop,2009,91,5.3,125003
tt0102059,Hot Shots!,1991,85,6.7,124987
tt0907657,Once,2006,86,7.8,124929
tt0065421,The Aristocats,1970,78,7.1,124903
tt0083929,Fast Times at Ridgemont High,1982,90,7.1,124729
tt1860353,Turbo,2013,96,6.4,124634
tt1656190,Safe,2012,94,6.5,124609
tt0070328,Live and Let Die,1973,121,6.7,124605
tt0366627,The Jacket,2005,103,7.1,124581
tt0213847,Malena,2000,108,7.4,124534
tt0348836,Gothika,2003,98,5.8,124527
tt0081573,Superman II,1980,127,6.8,124477
tt0050986,Wild Strawberries,1957,92,8.1,124462
tt0115433,101 Dalmatians,1996,103,5.8,124421
tt27403986,"Juror #2",2024,114,7.0,124328
tt0097239,Driving Miss Daisy,1989,99,7.3,124299
tt0096969,Born on the Fourth of July,1989,145,7.2,124296
tt4731136,A Cure for Wellness,2016,146,6.4,124121
tt0090555,Crocodile Dundee,1986,97,6.7,124110
tt32642706,The Rip,2026,113,6.8,124095
tt0116213,Eraser,1996,115,6.2,124031
tt1067583,Water for Elephants,2011,120,6.9,123975
tt8267604,Capernaum,2018,126,8.4,123900
tt0168629,Dancer in the Dark,2000,135,7.9,123874
tt0098084,Pet Sematary,1989,103,6.5,123863
tt0419706,Doom,2005,105,5.2,123795
tt0097216,Do the Right Thing,1989,120,7.9,123771
tt1327773,The Butler,2013,132,7.2,123719
tt0901476,Bride Wars,2009,89,5.5,123575
tt0064276,Easy Rider,1969,95,7.2,123486
tt0106611,Cool Runnings,1993,98,7.0,123387
tt0186151,Frequency,2000,118,7.4,123360
tt0106220,Addams Family Values,1993,94,6.9,123285
tt0013442,Nosferatu,1922,94,7.8,123255
tt1307068,Seeking a Friend for the End of the World,2012,101,6.7,123203
tt0066995,Diamonds Are Forever,1971,120,6.5,123185
tt1188996,My Name Is Khan,2010,165,7.9,123073
tt1956620,Sex Tape,2014,94,5.1,123006
tt0107206,In the Line of Fire,1993,128,7.2,122928
tt1602613,Only God Forgives,2013,90,5.7,122874
tt1379182,Dogtooth,2009,97,7.1,122867
tt0286499,Bend It Like Beckham,2002,112,6.7,122830
tt0368008,The Manchurian Candidate,2004,129,6.6,122756
tt32246771,Bring Her Back,2025,104,7.1,122736
tt0146675,End of Days,1999,122,5.8,122637
tt6189022,Angel Has Fallen,2019,121,6.4,122626
tt0384806,The Amityville Horror,2005,90,5.9,122625
tt3581652,West Side Story,2021,156,7.1,122490
tt0088930,Clue,1985,94,7.3,122457
tt1547234,Premium Rush,2012,91,6.5,122422
tt1921064,Pompeii,2014,105,5.5,122357
tt0091251,Come and See,1985,142,8.3,122346
tt1450321,Filth,2013,97,7.0,122163
tt1315981,A Single Man,2009,99,7.5,122096
tt0292963,Before the Devil Knows You're Dead,2007,117,7.3,122090
tt0084805,Tootsie,1982,116,7.4,122066
tt4572514,Patriots Day,2016,133,7.3,121977
tt4225622,The Babysitter,2017,85,6.4,121932
tt0404203,Little Children,2006,137,7.5,121884
tt0405296,A Scanner Darkly,2006,100,7.0,121876
tt1517260,The Host,2013,125,5.8,121816
tt0071807,The Man with the Golden Gun,1974,125,6.7,121760
tt0287467,Talk to Her,2002,112,7.9,121670
tt1063669,The Wave,2008,107,7.6,121593
tt1232200,That's My Boy,2012,116,5.6,121578
tt0396555,Meet the Robinsons,2007,95,6.8,121550
tt0367959,Hannibal Rising,2007,121,6.1,121519
tt0390384,Primer,2004,77,6.7,121487
tt0156887,Perfect Blue,1997,82,8.0,121396
tt0313542,Runaway Jury,2003,127,7.1,121369
tt4465564,Fifty Shades Darker,2017,118,4.6,121304
tt9071322,Dark Waters,2019,126,7.6,121302
tt3811906,Malignant,2021,111,6.2,121268
tt0098554,Uncle Buck,1989,100,7.1,121262
tt1078940,Couples Retreat,2009,113,5.6,121252
tt0086567,WarGames,1983,114,7.1,121250
tt12003946,Violent Night,2022,112,6.7,121156
tt0086034,Octopussy,1983,131,6.5,121066
tt2224026,Home,2015,94,6.5,121056
tt0236493,The Mexican,2001,123,6.1,121042
tt0929632,Precious,2009,110,7.3,121014
tt1702439,Safe Haven,2013,115,6.7,121005
tt7752126,Brightburn,2019,90,6.1,120957
tt2548396,The Cloverfield Paradox,2018,102,5.5,120912
tt1924429,Trance,2013,101,6.9,120881
tt0098439,Tango & Cash,1989,104,6.4,120822
tt14846026,Sisu,2022,91,6.9,120797
tt1397514,Journey 2: The Mysterious Island,2012,94,5.7,120784
tt0283111,Van Wilder,2002,92,6.4,120660
tt0120889,What Dreams May Come,1998,113,7.0,120485
tt0099700,Gremlins 2: The New Batch,1990,106,6.5,120483
tt0120873,U.S. Marshals,1998,131,6.6,120482
tt0102266,The Last Boy Scout,1991,105,7.0,120411
tt1131729,The Boat That Rocked,2009,117,7.3,120404
tt0097742,Licence to Kill,1989,133,6.7,120399
tt0243133,The Man Who Wasn't There,2001,116,7.5,120360
tt6911608,Mamma Mia! Here We Go Again,2018,114,6.6,120354
tt1682180,Stoker,2013,99,6.7,120308
tt1333125,Movie 43,2013,94,4.4,120265
tt0070034,Enter the Dragon,1973,99,7.6,120245
tt0115963,The Craft,1996,101,6.5,120056
tt0044081,A Streetcar Named Desire,1951,122,7.9,119909
tt1029234,Martyrs,2008,99,7.0,119888
tt2199571,Run All Night,2015,114,6.6,119856
tt1038686,Legion,2010,100,5.3,119786
tt3381008,The Brothers Grimsby,2016,83,6.2,119785
tt0119164,The Full Monty,1997,91,7.2,119754
tt0436697,The Queen,2006,103,7.3,119685
tt0025316,It Happened One Night,1934,105,8.1,119672
tt0385004,House of Flying Daggers,2004,119,7.5,119664
tt1438176,Fright Night,2011,106,6.4,119570
tt1486185,Red Riding Hood,2011,100,5.4,119492
tt11358390,Renfield,2023,93,6.4,119491
tt0365830,Tenacious D in the Pick of Destiny,2006,94,6.8,119485
tt0465580,Push,2009,111,6.1,119476
tt1206885,Rambo: Last Blood,2019,89,6.1,119464
tt0093389,The Last Emperor,1987,163,7.7,119419
tt0185431,Little Nicky,2000,90,5.3,119418
tt1791528,Inherent Vice,2014,148,6.6,119414
tt4364194,The Peanut Butter Falcon,2019,97,7.6,119401
tt0861739,Elite Squad,2007,115,8.0,119369
tt0080120,The Warriors,1979,93,7.5,119342
tt0159273,Behind Enemy Lines,2001,106,6.4,119309
tt3717490,Power Rangers,2017,124,5.9,119222
tt8385148,Hitman's Wife's Bodyguard,2021,100,6.1,119217
tt0790686,Mirrors,2008,110,6.1,119159
tt0230030,Bedazzled,2000,93,6.1,119145
tt13452446,Damsel,2024,110,6.1,119083
tt1853739,You're Next,2011,95,6.6,119050
tt0105665,Twin Peaks: Fire Walk with Me,1992,134,7.3,118992
tt4094724,The Purge: Election Year,2016,108,6.0,118925
tt0138749,The Road to El Dorado,2000,89,6.9,118878
tt0108394,Three Colors: Blue,1993,98,7.8,118869
tt0247745,Super Troopers,2001,100,7.0,118612
tt27489557,Abigail,2024,109,6.5,118582
tt21064584,The Iron Claw,2023,132,7.5,118507
tt0120184,Sphere,1998,134,6.1,118457
tt14641788,Enola Holmes 2,2022,129,6.8,118435
tt1477076,Saw 3D,2010,90,5.5,118374
tt1327194,The Lucky One,2012,101,6.4,118360
tt0338337,Paycheck,2003,119,6.3,118342
tt0105417,Sister Act,1992,100,6.6,118294
tt0445922,Across the Universe,2007,133,7.3,117651
tt9663764,Aquaman and the Lost Kingdom,2023,124,5.6,117596
tt0780653,The Wolfman,2010,103,5.9,117595
tt12789558,Belfast,2021,98,7.2,117586
tt0300471,Shanghai Knights,2003,114,6.2,117537
tt0079574,Moonraker,1979,126,6.3,117502
tt0889573,The Switch,2010,101,6.1,117465
tt1623288,ParaNorman,2012,92,7.0,117408
tt31868189,Happy Gilmore 2,2025,114,6.1,117284
tt1985949,The Angry Birds Movie,2016,97,6.3,117216
tt1433108,Faster,2010,98,6.4,117122
tt0288477,Ghost Ship,2002,91,5.6,117082
tt0113101,Four Rooms,1995,98,6.7,116854
tt0111495,Three Colors: Red,1994,99,8.1,116841
tt11563598,A Complete Unknown,2024,141,7.3,116830
tt1007029,The Iron Lady,2011,105,6.4,116816
tt1568921,The Secret World of Arrietty,2010,94,7.6,116805
tt0390521,Super Size Me,2004,100,7.2,116665
tt1386932,Ip Man 2,2010,108,7.5,116606
tt0349205,Cheaper by the Dozen,2003,98,5.9,116483
tt0118689,Bean,1997,89,6.5,116439
tt15327088,Kantara,2022,148,8.1,116414
tt1618442,The Last Witch Hunter,2015,106,5.9,116404
tt1216492,Leap Year,2010,100,6.5,116399
tt0082398,For Your Eyes Only,1981,127,6.7,116356
tt0427152,Dinner for Schmucks,2010,114,5.9,116355
tt9362930,Blue Beetle,2023,127,5.9,116302
tt0340163,Hostage,2005,113,6.5,116286
tt0462504,Rescue Dawn,2006,125,7.2,116278
tt0044706,High Noon,1952,85,7.9,116273
tt0109444,Clear and Present Danger,1994,141,6.9,116242
tt0104652,Porco Rosso,1992,94,7.7,116179
tt0076786,Suspiria,1977,92,7.3,116101
tt12412888,Sonic the Hedgehog 2,2022,122,6.5,116015
tt32376165,A House of Dynamite,2025,112,6.4,115981
tt0870111,Frost/Nixon,2008,122,7.6,115926
tt0209958,The Cell,2000,107,6.4,115898
tt8108198,Andhadhun,2018,139,8.2,115886
tt0056193,Lolita,1962,153,7.5,115878
tt0115685,The Birdcage,1996,117,7.3,115729
tt1509767,The Three Musketeers,2011,110,5.7,115721
tt0409182,Poseidon,2006,98,5.7,115591
tt6277462,Brahmastra Part One: Shiva,2022,167,5.6,115570
tt4530422,Overlord,2018,110,6.6,115538
tt1478964,Attack the Block,2011,88,6.6,115535
tt0298814,The Core,2003,135,5.5,115514
tt1714915,Only Lovers Left Alive,2013,123,7.2,115512
tt1675192,Take Shelter,2011,120,7.3,115493
tt0475276,United 93,2006,111,7.6,115452
tt1536044,Paranormal Activity 2,2010,91,5.7,115399
tt1911658,Penguins of Madagascar,2014,92,6.6,115395
tt1073498,Meet the Spartans,2008,87,2.8,115325
tt13751694,Animal,2023,204,6.2,115321
tt0118887,Cop Land,1997,105,7.0,115318
tt3605418,Knock Knock,2015,99,4.9,115195
tt1179056,A Nightmare on Elm Street,2010,95,5.2,114886
tt0052311,Touch of Evil,1958,95,7.9,114754
tt1567609,Get the Gringo,2012,96,6.9,114733
tt0120902,The X Files,1998,121,7.0,114685
tt0426931,August Rush,2007,114,7.4,114628
tt0108037,The Sandlot,1993,101,7.8,114600
tt0093428,The Living Daylights,1987,130,6.7,114569
tt0386140,The Legend of Zorro,2005,129,6.0,114555
tt11057302,Madame Web,2024,116,4.1,114514
tt1657507,Colombiana,2011,108,6.4,114423
tt9784798,Judas and the Black Messiah,2021,126,7.4,114390
tt0373926,The Interpreter,2005,128,6.4,114365
tt0066206,Patton,1970,172,7.9,114361
tt0848537,Epic,2013,102,6.6,114261
tt0057546,The Sword in the Stone,1963,79,7.1,114246
tt0862856,Trick 'r Treat,2007,82,6.7,114233
tt0118883,Conspiracy Theory,1997,135,6.7,114157
tt0204946,Bring It On,2000,98,6.2,114145
tt2980592,The Guest,2014,100,6.7,114103
tt1053424,Repo Men,2010,111,6.3,114096
tt0400717,Open Season,2006,86,6.1,114054
tt1954470,Gangs of Wasseypur,2012,321,8.2,114049
tt0393109,Brick,2005,110,7.1,114002
tt0090329,Witness,1985,112,7.3,113781
tt0038787,Notorious,1946,102,7.9,113760
tt4468740,Paddington 2,2017,103,7.8,113725
tt0086979,Blood Simple,1984,99,7.5,113698
tt0879870,Eat Pray Love,2010,133,5.9,113694
tt0892318,Letters to Juliet,2010,105,6.5,113648
tt2709692,The Grinch,2018,85,6.4,113612
tt0799949,Epic Movie,2007,86,2.5,113602
tt0120907,eXistenZ,1999,97,6.8,113572
tt1860242,The Highwaymen,2019,132,6.9,113469
tt0865556,The Forbidden Kingdom,2008,104,6.5,113447
tt2170593,St. Vincent,2014,102,7.2,113409
tt4919268,Bad Boys: Ride or Die,2024,115,6.5,113348
tt4633690,Shot Caller,2017,121,7.3,113345
tt0114214,The Quick and the Dead,1995,108,6.5,113184
tt0160862,She's All That,1999,95,6.0,113184
tt0351977,Walking Tall,2004,86,6.2,113170
tt20221436,Emilia Pérez,2024,132,5.3,113115
tt0452702,Vacancy,2007,85,6.2,113006
tt0401383,The Diving Bell and the Butterfly,2007,112,8.0,112858
tt4998632,Ambulance,2022,136,6.1,112820
tt5503686,Hustlers,2019,110,6.3,112797
tt0086541,Videodrome,1983,87,7.2,112770
tt0090264,A View to a Kill,1985,131,6.3,112731
tt2013293,The Wind Rises,2013,126,7.8,112721
tt1396218,Mr. Popper's Penguins,2011,94,6.0,112691
tt5813916,The Mountain II,2016,135,8.1,112681
tt0441909,Volver,2006,121,7.6,112667
tt0348333,Waiting...,2005,94,6.7,112664
tt4332232,Fractured,2019,99,6.5,112608
tt0335245,The Ladykillers,2004,104,6.2,112503
tt8633478,Run,2020,90,6.7,112497
tt5834426,Moonfall,2022,130,5.2,112489
tt0100758,Teenage Mutant Ninja Turtles,1990,93,6.8,112442
tt2481498,"Extremely Wicked, Shockingly Evil and Vile",2019,110,6.7,112367
tt0345950,The SpongeBob SquarePants Movie,2004,87,7.2,112360
tt0100935,Wild at Heart,1990,125,7.2,112344
tt0343737,The Good Shepherd,2006,167,6.7,112312
tt0851578,Paprika,2006,90,7.7,112182
tt1781769,Anna Karenina,2012,129,6.6,112182
tt2241351,Money Monster,2016,98,6.5,112103
tt1571222,A Dangerous Method,2011,99,6.4,111999
tt0386117,Where the Wild Things Are,2009,101,6.7,111982
tt0342258,Unleashed,2005,103,7.0,111961
tt0082495,Halloween II,1981,92,6.5,111916
tt0088011,Romancing the Stone,1984,106,6.9,111868
tt0132477,October Sky,1999,108,7.8,111779
tt0098206,Road House,1989,114,6.7,111679
tt10374610,The Long Walk,2025,108,6.7,111654
tt0122718,Small Soldiers,1998,110,6.3,111641
tt3622592,Paper Towns,2015,109,6.2,111627
tt0426883,Alpha Dog,2006,122,6.9,111614
tt1683526,Detachment,2011,98,7.7,111556
tt0480255,The Losers,2010,97,6.2,111476
tt1614989,Headhunters,2011,100,7.5,111464
tt0758766,Music and Lyrics,2007,104,6.5,111453
tt0126886,Election,1999,103,7.2,111442
tt1023111,Never Back Down,2008,113,6.6,111332
tt3420504,Finch,2021,115,6.9,111306
tt0093010,Fatal Attraction,1987,119,6.9,111186
tt2357291,Rio 2,2014,101,6.3,111182
tt0032455,Fantasia,1940,124,7.7,111094
tt15354916,Jawan,2023,169,6.9,111084
tt3863552,Bajrangi Bhaijaan,2015,163,8.1,111081
tt0104797,Malcolm X,1992,202,7.7,111007
tt0395584,The Devil's Rejects,2005,107,6.7,110993
tt0480242,Dan in Real Life,2007,98,6.8,110963
tt7838252,K.G.F: Chapter 1,2018,154,8.2,110937
tt4695012,It Comes at Night,2017,91,6.1,110856
tt1974419,The Neon Demon,2016,117,6.1,110831
tt1622547,30 Minutes or Less,2011,83,6.0,110789
tt0109424,Chungking Express,1994,102,7.9,110734
tt7985704,Operation Fortune: Ruse de Guerre,2023,114,6.3,110690
tt1602620,Amour,2012,127,7.9,110476
tt0163187,Runaway Bride,1999,116,5.6,110471
tt0054047,The Magnificent Seven,1960,128,7.7,110463
tt0115759,Broken Arrow,1996,108,6.1,110418
tt0337921,Cellular,2004,94,6.5,110415
tt1800246,That Awkward Moment,2014,94,6.1,110404
tt0412019,Broken Flowers,2005,106,7.1,110231
tt0154506,Following,1998,69,7.4,110222
tt0808279,Funny Games,2007,111,6.5,110176
tt0248667,Ali,2001,157,6.7,110164
tt0082406,The Fox and the Hound,1981,83,7.2,110142
tt0127536,Elizabeth,1998,124,7.4,110141
tt0376136,The Rum Diary,2011,119,6.1,110119
tt7939766,I'm Thinking of Ending Things,2020,134,6.5,110051
tt0302640,The Hot Chick,2002,104,5.6,109969
tt6566576,Fear Street: Part One - 1994,2021,107,6.2,109888
tt31434639,Warfare,2025,95,7.1,109861
tt1027718,Wall Street: Money Never Sleeps,2010,133,6.2,109858
tt2193215,The Counselor,2013,117,5.4,109843
tt0103873,Braindead,1992,104,7.4,109660
tt1020530,Eden Lake,2008,91,6.7,109602
tt0185125,All About My Mother,1999,101,7.8,109534
tt0311289,Holes,2003,117,7.0,109516
tt13274016,Reptile,2023,134,6.8,109509
tt0274812,Secretary,2002,107,6.9,109439
tt14444726,Tár,2022,158,7.4,109407
tt0091326,The Karate Kid Part II,1986,113,6.2,109405
tt0124315,The Cider House Rules,1999,126,7.4,109403
tt0086066,The Outsiders,1983,91,7.0,109382
tt0103919,Candyman,1992,99,6.7,109369
tt8580274,Eurovision Song Contest: The Story of Fire Saga,2020,123,6.5,109295
tt0318649,Sahara,2005,124,6.1,109254
tt4682786,Collateral Beauty,2016,97,6.8,109228
tt1839492,Ruby Sparks,2012,104,7.2,109093
tt4218572,Widows,2018,129,6.8,109064
tt0371606,Chicken Little,2005,81,5.7,109044
tt0155267,The Thomas Crown Affair,1999,113,6.9,108998
tt0318462,The Motorcycle Diaries,2004,126,7.7,108968
tt0112817,Dead Man,1995,121,7.5,108960
tt0166896,The Straight Story,1999,112,8.0,108958
tt0416236,The Spiderwick Chronicles,2008,96,6.5,108846
tt0453562,42,2013,128,7.5,108658
tt0064757,On Her Majesty's Secret Service,1969,142,6.7,108629
tt1045778,Year One,2009,97,5.0,108625
tt4430212,Drishyam,2015,163,8.2,108599
tt3072482,Hardcore Henry,2015,96,6.7,108568
tt0365686,Revolver,2005,111,6.3,108551
tt0455760,Dead Silence,2007,89,6.2,108438
tt10886166,365 Days,2020,114,3.3,108399
tt0112818,Dead Man Walking,1995,122,7.5,108292
tt0032551,The Grapes of Wrath,1940,129,8.1,108259
tt2592614,Resident Evil: The Final Chapter,2016,107,5.5,108240
tt0817177,Flipped,2010,90,7.7,108144
tt5774060,Underwater,2020,95,5.9,108125
tt0844708,The Last House on the Left,2009,113,6.5,108112
tt10665338,Halloween Kills,2021,105,5.5,108085
tt0086200,Risky Business,1983,99,6.8,108022
tt3882082,The Boy,2016,97,6.0,107988
tt2140379,Self/less,2015,117,6.5,107931
tt0452637,Lady in the Water,2006,110,5.5,107931
tt0477302,Extremely Loud & Incredibly Close,2011,129,6.9,107825
tt0328538,Thirteen,2003,100,6.8,107812
tt1240982,Your Highness,2011,102,5.5,107714
tt14905854,Hamnet,2025,125,7.8,107700
tt0118998,Doctor Dolittle,1998,85,5.4,107693
tt0118928,Dante's Peak,1997,108,6.1,107682
tt0171804,Boys Don't Cry,1999,118,7.5,107644
tt0058385,My Fair Lady,1964,170,7.7,107642
tt0174856,The Hurricane,1999,146,7.6,107568
tt3544112,Sing Street,2016,106,7.9,107561
tt7456310,Anna,2019,118,6.7,107511
tt0048424,The Night of the Hunter,1955,92,8.0,107431
tt1235166,A Prophet,2009,155,7.8,107412
tt2357129,Jobs,2013,128,6.0,107374
tt0250797,Unfaithful,2002,124,6.7,107370
tt1083452,Eddie the Eagle,2015,106,7.3,107350
tt2274648,Hellboy,2019,120,5.3,107312
tt2431286,Philomena,2013,98,7.6,107244
tt10304142,Amsterdam,2022,134,6.2,107160
tt5478478,Hostiles,2017,134,7.2,107110
tt11145118,Creed III,2023,116,6.7,107090
tt0095489,The Land Before Time,1988,69,7.4,107062
tt4139588,Polar,2019,118,6.3,107034
tt0101761,The Doors,1991,140,7.2,106998
tt0401445,A Good Year,2006,117,6.9,106981
tt1666801,The DUFF,2015,101,6.4,106965
tt0404390,Running Scared,2006,122,7.3,106902
tt0120791,Practical Magic,1998,104,6.4,106879
tt12758060,Tetris,2023,118,7.4,106835
tt0395699,The Pacifier,2005,95,5.6,106795
tt1502404,Drive Angry,2011,104,5.4,106648
tt1440728,The American,2010,105,6.3,106595
tt12261776,65,2023,93,5.4,106478
tt3513548,Richard Jewell,2019,131,7.5,106426
tt1017460,Splice,2009,104,5.8,106411
tt3949660,Teenage Mutant Ninja Turtles: Out of the Shadows,2016,112,5.9,106393
tt8629748,Spenser Confidential,2020,111,6.2,106370
tt0960731,Bedtime Stories,2008,99,6.0,106258
tt0322802,Jackass: The Movie,2002,85,6.6,106175
tt8623904,Last Christmas,2019,103,6.5,106154
tt0017925,The General,1926,78,8.1,106148
tt1161864,The Rite,2011,114,6.0,106061
tt6292852,I Am Mother,2019,113,6.7,106013
tt2358891,The Great Beauty,2013,141,7.7,106001
tt0367110,Swades,2004,189,8.2,105980
tt0816462,Conan the Barbarian,2011,113,5.2,105879
tt0377109,The Ring Two,2005,110,5.4,105849
tt0138524,Intolerable Cruelty,2003,100,6.3,105788
tt0116136,DragonHeart,1996,103,6.4,105751
tt4003440,The House That Jack Built,2018,152,6.8,105744
tt0117318,The People vs. Larry Flynt,1996,130,7.3,105708
tt1212428,The Lost City of Z,2016,141,6.6,105668
tt0120780,Out of Sight,1998,123,7.0,105604
tt0090305,Weird Science,1985,94,6.6,105601
tt0049406,The Killing,1956,84,7.9,105536
tt21235248,Ghostbusters: Frozen Empire,2024,115,6.1,105534
tt0099371,Days of Thunder,1990,107,6.1,105520
tt0808417,Persepolis,2007,96,8.0,105436
tt0070917,The Wicker Man,1973,88,7.5,105428
tt4287320,The Circle,2017,110,5.4,105305
tt0069704,American Graffiti,1973,110,7.4,105278
tt0150377,Double Jeopardy,1999,105,6.5,105222
tt0952640,Alvin and the Chipmunks,2007,92,5.3,105220
tt5113044,Minions: The Rise of Gru,2022,87,6.5,105217
tt0837563,Pet Sematary,2019,100,5.7,105203
tt0433383,"Good Night, and Good Luck.",2005,93,7.4,105165
tt0069293,Solaris,1972,167,7.9,105122
tt1195478,The Five-Year Engagement,2012,124,6.2,105105
tt0357277,Elektra,2005,97,4.7,105027
tt0117666,Sling Blade,1996,135,8.0,104997
tt6924650,Midway,2019,138,6.7,104957
tt0119229,Grosse Pointe Blank,1997,107,7.3,104953
tt1034415,Suspiria,2018,152,6.7,104895
tt0418819,Land of the Dead,2005,93,6.2,104876
tt0105812,White Men Can't Jump,1992,115,6.8,104811
tt3322364,Concussion,2015,123,7.1,104753
tt0114694,Tommy Boy,1995,97,7.1,104706
tt0383028,"Synecdoche, New York",2008,124,7.5,104588
tt1126590,Big Eyes,2014,106,6.9,104534
tt11003218,Pig,2021,92,6.9,104484
tt1778304,Paranormal Activity 3,2011,83,5.8,104417
tt0472181,The Smurfs,2011,103,5.4,104342
tt1549572,Another Earth,2011,92,6.9,104235
tt0363589,Elephant,2003,81,7.1,104165
tt10618286,Mank,2020,131,6.8,104150
tt0963178,The International,2009,118,6.5,104052
tt0088939,The Color Purple,1985,154,7.7,104040
tt27503384,Perfect Days,2023,124,7.9,104032
tt0164334,Along Came a Spider,2001,104,6.4,103897
tt1412386,The Best Exotic Marigold Hotel,2011,124,7.2,103860
tt0165798,Ghost Dog: The Way of the Samurai,1999,116,7.5,103848
tt0092563,Angel Heart,1987,113,7.2,103823
tt3799232,The Kissing Booth,2018,105,5.9,103779
tt0492956,The Game Plan,2007,110,6.2,103774
tt0107144,Hot Shots! Part Deux,1993,86,6.6,103743
tt0107798,The Pelican Brief,1993,141,6.6,103630
tt0095631,Midnight Run,1988,126,7.5,103613
tt0049730,The Searchers,1956,119,7.8,103597
tt14257582,Wolfs,2024,108,6.5,103568
tt2382009,Nymphomaniac: Vol. II,2013,124,6.6,103546
tt7550000,Project Power,2020,113,6.0,103534
tt1045772,I Love You Phillip Morris,2009,98,6.6,103525
tt5884796,Plane,2023,107,6.5,103525
tt0490204,Reign Over Me,2007,124,7.4,103471
tt1226273,Edge of Darkness,2010,117,6.6,103462
tt1592525,Lockout,2012,95,6.0,103396
tt0048545,Rebel Without a Cause,1955,111,7.6,103172
tt0406816,The Guardian,2006,139,6.9,103097
tt1230414,It's Complicated,2009,120,6.6,103066
tt0151738,Never Been Kissed,1999,107,6.0,102963
tt0092675,Bloodsport,1988,92,6.8,102941
tt3522806,Mechanic: Resurrection,2016,98,5.8,102938
tt0479997,Season of the Witch,2011,95,5.4,102745
tt1078588,My Sister's Keeper,2009,109,7.3,102734
tt1242432,I Spit on Your Grave,2010,108,6.2,102723
tt8364368,Crawl,2019,87,6.1,102606
tt3348730,Jigsaw,2017,92,5.7,102572
tt29768334,Train Dreams,2025,102,7.5,102501
tt0105690,Under Siege,1992,103,6.5,102419
tt0079945,Star Trek: The Motion Picture,1979,143,6.4,102341
tt0085333,Christine,1983,110,6.8,102319
tt1051904,Goosebumps,2015,103,6.3,102304
tt0116365,The Frighteners,1996,110,7.1,102296
tt0252076,Maid in Manhattan,2002,105,5.4,102279
tt11301886,Rebel Ridge,2024,131,6.8,102274
tt2347569,Frances Ha,2012,86,7.4,102231
tt0119099,Fallen,1998,124,7.0,102137
tt0280707,Gosford Park,2001,137,7.2,102123
tt0498353,Hostel: Part II,2007,94,5.5,102097
tt0044741,Ikiru,1952,143,8.3,102080
tt0423294,Surf's Up,2007,85,6.7,102079
tt0464154,Piranha 3D,2010,88,5.5,102031
tt8695030,The Dead Don't Die,2019,104,5.4,102024
tt0457510,Nacho Libre,2006,92,5.9,101980
tt13375076,The Pope's Exorcist,2023,103,6.1,101973
tt1216487,The Girl Who Played with Fire,2009,129,7.1,101937
tt0087277,Footloose,1984,107,6.6,101827
tt0356470,A Cinderella Story,2004,95,6.0,101820
tt1470827,Monsters,2010,94,6.3,101812
tt9224104,Meg 2: The Trench,2023,116,5.0,101783
tt1293847,xXx: Return of Xander Cage,2017,107,5.2,101702
tt0105698,Universal Soldier,1992,102,6.1,101651
tt0098258,Say Anything,1989,100,7.3,101649
tt8350360,Annabelle Comes Home,2019,106,5.9,101553
tt0499556,War,2007,103,6.2,101476
tt0120679,Frida,2002,123,7.3,101426
tt1540133,The Guard,2011,96,7.3,101422
tt2172934,3 Days to Kill,2014,117,6.2,101366
tt0408839,The Heartbreak Kid,2007,116,5.9,101260
tt2679042,Hitman: Agent 47,2015,96,5.7,101234
tt0090863,The Color of Money,1986,119,7.0,101196
tt4682266,The New Mutants,2020,94,5.3,101179
tt0107822,The Piano,1993,121,7.5,101158
tt0285531,Dreamcatcher,2003,134,5.6,101150
tt0364045,Taking Lives,2004,103,6.2,101126
tt6878306,News of the World,2020,118,6.8,101053
tt0245674,Thir13en Ghosts,2001,91,5.6,100991
tt0405325,Sky High,2005,100,6.3,100991
tt1204342,The Muppets,2011,103,7.1,100927
tt1440292,Submarine,2010,97,7.3,100887
tt6467266,Sing 2,2021,110,7.3,100870
tt0364970,Babylon A.D.,2008,90,5.5,100860
tt5028340,Mary Poppins Returns,2018,130,6.6,100784
tt0154420,The Celebration,1998,101,8.0,100781
tt10655524,It Ends with Us,2024,130,6.3,100717
tt1413492,12 Strong,2018,130,6.6,100692
tt0356634,Garfield: The Movie,2004,80,5.1,100691
tt0476735,My Father and My Son,2005,112,8.2,100648
tt3063516,Jackass Presents: Bad Grandpa,2013,92,6.5,100603
tt2823054,Mike and Dave Need Wedding Dates,2016,98,6.0,100504
tt1679335,Trolls,2016,92,6.4,100452
tt1961175,American Assassin,2017,111,6.2,100443
tt0109254,Beverly Hills Cop III,1994,104,5.5,100426
tt11032374,Demon Slayer: Kimetsu no Yaiba - The Movie: Mugen Train,2020,117,8.2,100194
tt0119468,Kiss the Girls,1997,115,6.6,100171
tt0119137,Flubber,1997,93,5.3,100150
tt3316948,American Ultra,2015,96,6.1,100137
tt0914863,Unthinkable,2010,97,7.0,100130
tt9389998,Pushpa: The Rise - Part 1,2021,179,7.6,100050
tt0251736,House of 1000 Corpses,2003,89,6.0,100012
tt0446755,The Painted Veil,2006,125,7.4,99954
tt15009428,Argylle,2024,139,5.6,99936
tt0100502,RoboCop 2,1990,117,5.8,99880
tt0267804,The One,2001,87,5.9,99818
tt0368226,The Room,2003,99,3.6,99792
tt0093629,A Nightmare on Elm Street 3: Dream Warriors,1987,96,6.7,99719
tt1103153,Killers,2010,100,5.5,99684
tt9214772,Monkey Man,2024,121,6.8,99668
tt0264616,Frailty,2001,100,7.2,99656
tt0284837,Ali G Indahouse,2002,87,6.2,99595
tt1322269,August: Osage County,2013,121,7.2,99544
tt0327437,Around the World in 80 Days,2004,120,5.9,99459
tt5220122,Hotel Transylvania 3: Summer Vacation,2018,97,6.3,99359
tt0795351,Case 39,2009,109,6.2,99287
tt3691740,The BFG,2016,117,6.3,99279
tt1648179,Here Comes the Boom,2012,105,6.4,99274
tt0452625,Good Luck Chuck,2007,96,5.6,99242
tt1126591,Burlesque,2010,119,6.4,99230
tt0304415,Mona Lisa Smile,2003,117,6.6,99224
tt1292566,How to Be Single,2016,110,6.1,99212
tt1263670,Crazy Heart,2009,112,7.2,99138
tt0787475,Hot Rod,2007,88,6.7,99134
tt2568862,Going in Style,2017,96,6.6,99130
tt1020072,Selma,2014,128,7.5,99114
tt0821640,Ghosts of Girlfriends Past,2009,100,5.8,99086
tt0383216,The Pink Panther,2006,93,5.7,99014
tt13314558,Day Shift,2022,113,6.1,99012
tt0235198,Audition,1999,115,7.1,98871
tt1034314,Iron Sky,2012,93,5.9,98848
tt0250258,The Experiment,2001,120,7.7,98827
tt0230838,Sweet November,2001,119,6.7,98796
tt3416532,A Monster Calls,2016,108,7.4,98755
tt0099582,Flatliners,1990,115,6.6,98663
tt22898462,The Conjuring: Last Rites,2025,135,6.2,98621
tt6998518,Mandy,2018,121,6.5,98577
tt1781922,No Escape,2015,103,6.8,98576
tt0137363,Arlington Road,1999,117,7.2,98509
tt0120787,A Perfect Murder,1998,107,6.6,98397
tt0285742,Monster's Ball,2001,111,7.0,98393
tt5215952,The Wailing,2016,156,7.4,98375
tt1212419,Hereafter,2010,129,6.5,98314
tt0094889,Cocktail,1988,104,6.0,98168
tt1164999,Biutiful,2010,148,7.4,97933
tt1213644,Disaster Movie,2008,87,1.9,97917
tt0374887,Munna Bhai M.B.B.S.,2003,156,8.2,97910
tt0362478,The Box,2009,115,5.6,97818
tt0088680,After Hours,1985,97,7.6,97738
tt13024674,Army of Thieves,2021,127,6.4,97736
tt0102492,My Girl,1991,102,6.9,97657
tt1229822,Jane Eyre,2011,120,7.3,97641
tt21807222,Saw X,2023,118,6.6,97551
tt1532503,Beginners,2010,105,7.2,97341
tt0981227,Nick and Norah's Infinite Playlist,2008,90,6.6,97340
tt7886848,Sadak 2,2020,133,1.2,97162
tt0113161,Get Shorty,1995,105,6.9,97156
tt0368933,The Princess Diaries 2: Royal Engagement,2004,113,5.9,97091
tt0055031,Judgment at Nuremberg,1961,179,8.3,96865
tt0119167,Funny Games,1997,108,7.5,96817
tt0899043,The Amateur,2025,122,6.5,96804
tt0286112,Shaolin Soccer,2001,87,7.3,96682
tt1467304,The Human Centipede (First Sequence),2009,92,4.4,96671
tt6472976,Five Feet Apart,2019,116,7.2,96627
tt0092007,Star Trek IV: The Voyage Home,1986,119,7.3,96612
tt0101889,The Fisher King,1991,137,7.5,96583
tt0116778,Kingpin,1996,114,6.9,96537
tt0443701,The X Files: I Want to Believe,2008,104,5.9,96535
tt0112579,The Bridges of Madison County,1995,135,7.6,96488
tt0498399,We Own the Night,2007,117,6.8,96480
tt0799934,Be Kind Rewind,2008,102,6.4,96453
tt4954522,Raw,2016,99,6.9,96364
tt5294550,All the Money in the World,2017,132,6.8,96348
tt1297919,Blitz,2011,97,6.2,96310
tt0152930,Taxi,1998,89,7.0,96194
tt1294226,The Last Song,2010,107,6.0,95987
tt1241317,Death Note,2017,101,4.5,95955
tt0810913,Jack and Jill,2011,91,3.3,95931
tt30253473,Materialists,2025,116,6.2,95916
tt1034331,Righteous Kill,2008,101,6.0,95915
tt2057392,Eye in the Sky,2015,102,7.3,95900
tt1135985,Sex Drive,2008,109,6.5,95879
tt0882977,Snitch,2013,112,6.4,95873
tt0852713,The House Bunny,2008,97,5.6,95858
tt0024216,King Kong,1933,100,7.9,95845
tt0208003,Big Momma's House,2000,99,5.3,95828
tt8155288,Happy Death Day 2U,2019,100,6.2,95792
tt2132285,The Bling Ring,2013,90,5.6,95787
tt0468489,Half Nelson,2006,106,7.1,95761
tt1562872,Zindagi Na Milegi Dobara,2011,155,8.2,95567
tt5093026,Papillon,2017,133,7.2,95564
tt0270288,Confessions of a Dangerous Mind,2002,113,7.0,95546
tt2205697,Stuck in Love.,2012,97,7.2,95488
tt5247022,Paterson,2016,118,7.3,95424
tt2370248,Short Term 12,2013,96,7.9,95414
tt0038355,The Big Sleep,1946,114,7.9,95404
tt0091790,Pretty in Pink,1986,97,6.7,95365
tt0065214,The Wild Bunch,1969,135,7.9,95290
tt0053472,Breathless,1960,90,7.6,95270
tt1667353,Mirror Mirror,2012,106,5.6,95066
tt8075192,Shoplifters,2018,121,7.9,94976
tt1371150,This Is Where I Leave You,2014,103,6.7,94889
tt0439815,Slither,2006,95,6.5,94869
tt0460740,Cashback,2006,102,7.1,94756
tt0166813,Spirit: Stallion of the Cimarron,2002,83,7.2,94732
tt0367089,The Squid and the Whale,2005,81,7.3,94635
tt3850590,Krampus,2015,98,6.2,94630
tt1289406,Harry Brown,2009,103,7.2,94627
tt4281724,Terrifier,2016,85,5.5,94619
tt14107334,The Running Man,2025,133,6.4,94596
tt10539608,The Midnight Sky,2020,118,5.7,94549
tt1023481,Step Up 2 the Streets,2008,98,6.2,94537
tt0091419,Little Shop of Horrors,1986,94,7.1,94533
tt0076666,Saturday Night Fever,1977,119,6.8,94524
tt0077928,Midnight Express,1978,121,7.5,94514
tt0427229,Failure to Launch,2006,97,5.7,94488
tt2726560,The Longest Ride,2015,123,7.0,94482
tt1191111,Enter the Void,2009,161,7.2,94429
tt1564585,Skyline,2010,92,4.5,94356
tt0181316,Blue Streak,1999,93,6.4,94329
tt1711525,Office Christmas Party,2016,105,5.9,94265
tt11464826,The Social Dilemma,2020,94,7.6,94252
tt0101700,Delicatessen,1991,99,7.5,94231
tt1456635,Goon,2011,92,6.8,94192
tt5688932,Sorry to Bother You,2018,112,6.9,94155
tt3224458,A Beautiful Day in the Neighborhood,2019,109,7.2,94120
tt2990140,The Christmas Chronicles,2018,104,7.0,94094
tt11655566,Lilo & Stitch,2025,108,6.7,94059
tt0450188,La Vie En Rose,2007,140,7.5,94031
tt0312528,The Cat in the Hat,2003,82,4.2,94008
tt0035423,Kate & Leopold,2001,118,6.4,93871
tt21942866,Dream Scenario,2023,102,6.8,93716
tt0402399,The New World,2005,135,6.7,93655
tt4560436,Mile 22,2018,94,6.1,93607
tt2082197,Barfi!,2012,151,8.1,93576
tt0101393,Backdraft,1991,137,6.7,93520
tt0290095,The Tuxedo,2002,98,5.4,93483
tt0107808,A Perfect World,1993,138,7.5,93442
tt1559547,Beautiful Creatures,2013,124,6.1,93315
tt0120885,Wag the Dog,1997,97,7.1,93303
tt0164181,Stir of Echoes,1999,99,6.9,93279
tt0056923,Charade,1963,113,7.8,93254
tt0371257,Stay,2005,99,6.7,93240
tt1859650,To Rome with Love,2012,112,6.3,93225
tt0181536,Finding Forrester,2000,136,7.3,93131
tt6513120,Fighting with My Family,2019,108,7.0,93117
tt0120832,Snake Eyes,1998,98,6.2,93081
tt0456554,Grandma's Boy,2006,94,6.9,93080
tt0451094,Lady Vengeance,2005,115,7.5,93040
tt0083511,48 Hrs.,1982,96,6.9,93019
tt1506999,Haywire,2011,93,5.8,92976
tt30988739,Black Bag,2025,93,6.7,92968
tt0463998,Freedom Writers,2007,123,7.6,92960
tt0289848,Analyze That,2002,96,5.9,92896
tt0455967,John Tucker Must Die,2006,89,5.7,92895
tt0119173,G.I. Jane,1997,125,6.1,92892
tt0089755,Out of Africa,1985,161,7.2,92881
tt1598822,New Year's Eve,2011,118,5.6,92804
tt0209475,The Wedding Planner,2001,103,5.4,92803
tt27714946,The Monkey,2025,98,5.9,92770
tt0107943,The Remains of the Day,1993,134,7.8,92742
tt0382077,Hide and Seek,2005,101,6.0,92676
tt0371246,Spanglish,2004,131,6.4,92675
tt0101862,Father of the Bride,1991,105,6.6,92624
tt0116908,The Long Kiss Goodnight,1996,121,6.8,92571
tt5657846,Daddy's Home 2,2017,100,6.1,92528
tt1637706,Our Idiot Brother,2011,90,6.4,92507
tt1385867,Cop Out,2010,107,5.5,92500
tt0077766,Jaws 2,1978,116,5.8,92433
tt13403046,Fresh,2022,114,6.7,92420
tt0112401,Assassins,1995,133,6.3,92353
tt0117802,Swingers,1996,96,7.2,92314
tt0092086,¡Three Amigos!,1986,104,6.5,92229
tt1555149,Elite Squad 2: The Enemy Within,2010,115,8.0,92138
tt0108525,Wayne's World 2,1993,95,6.2,92094
tt3387520,Scary Stories to Tell in the Dark,2019,108,6.2,92010
tt0109813,The Flintstones,1994,91,5.1,91943
tt0096734,The 'Burbs,1989,102,6.8,91916
tt1219342,Legend of the Guardians: The Owls of Ga'Hoole,2010,97,6.9,91912
tt0469641,World Trade Center,2006,129,6.0,91886
tt2531344,Blockers,2018,102,6.2,91884
tt2334649,Fruitvale Station,2013,85,7.5,91852
tt0141926,U-571,2000,116,6.6,91840
tt3850214,Dope,2015,103,7.2,91821
tt0770703,What's Your Number?,2011,106,6.1,91800
tt1528071,Horns,2013,120,6.4,91788
tt0871510,Chak De! India,2007,153,8.1,91785
tt0114508,Species,1995,108,5.9,91700
tt3829920,Only the Brave,2017,134,7.6,91682
tt0396752,Nanny McPhee,2005,97,6.6,91584
tt0113540,Kids,1995,91,7.0,91577
tt0080749,The Fog,1980,89,6.8,91509
tt1655420,My Week with Marilyn,2011,99,6.9,91464
tt1365050,Beasts of No Nation,2015,137,7.7,91339
tt0091474,Manhunter,1986,120,7.2,91332
tt2980648,The Hundred-Foot Journey,2014,122,7.3,91318
tt0111280,Star Trek: Generations,1994,118,6.6,91226
tt0272020,The Last Castle,2001,131,7.0,91209
tt1473832,Bridget Jones's Baby,2016,123,6.4,91190
tt0186566,Space Cowboys,2000,130,6.5,91117
tt0054997,The Hustler,1961,134,7.9,91106
tt0101921,Fried Green Tomatoes,1991,130,7.7,91092
tt1634106,Bloodshot,2020,109,5.7,91024
tt0097778,Look Who's Talking,1989,93,6.0,90990
tt0061811,In the Heat of the Night,1967,110,7.9,90970
tt2377322,Deliver Us from Evil,2014,118,6.2,90970
tt1341167,Four Lions,2010,97,7.3,90967
tt11555492,Farha,2021,92,8.0,90957
tt0119978,The Rainmaker,1997,135,7.2,90949
tt0963794,The Ruins,2008,90,5.9,90906
tt1716772,The Inbetweeners,2011,97,6.7,90894
tt0864761,The Duchess,2008,110,6.9,90875
tt0374546,"Spring, Summer, Fall, Winter... and Spring",2003,103,8.0,90792
tt10579952,Master,2021,179,7.4,90726
tt0056058,Harakiri,1962,133,8.6,90723
tt4575576,Christopher Robin,2018,104,7.2,90679
tt0088170,Star Trek III: The Search for Spock,1984,105,6.7,90654
tt6921996,Johnny English Strikes Again,2018,89,6.2,90602
tt0457513,Scoop,2006,96,6.6,90591
tt4273800,The Good Nurse,2022,121,6.8,90455
tt9701940,Fear Street: Part Two - 1978,2021,109,6.7,90415
tt0087078,Conan the Destroyer,1984,103,5.9,90391
tt1486192,The Raven,2012,110,6.4,90318
tt0110074,The Hudsucker Proxy,1994,111,7.2,90279
tt0346156,Sky Captain and the World of Tomorrow,2004,106,6.1,90274
tt3530002,The Night Before,2015,101,6.4,90256
tt0387898,Caché,2005,117,7.3,90162
tt6111574,The Woman in the Window,2021,100,5.7,90119
tt0120179,Speed 2: Cruise Control,1997,121,4.0,90079
tt8368406,Vivarium,2019,97,5.9,90076
tt0119190,George of the Jungle,1997,92,5.6,90032
tt1625346,Young Adult,2011,94,6.3,90032
tt0356680,The Family Stone,2005,103,6.3,90005
tt7638348,Boss Level,2020,100,6.8,89980
tt8110652,Bodies Bodies Bodies,2022,94,6.1,89965
tt28996126,Nobody 2,2025,89,6.3,89909
tt1726592,Before I Go to Sleep,2014,92,6.3,89908
tt0043456,The Day the Earth Stood Still,1951,92,7.7,89860
tt0118849,Children of Heaven,1997,89,8.2,89814
tt0084503,Pink Floyd: The Wall,1982,95,8.0,89723
tt0265349,The Mothman Prophecies,2002,119,6.4,89693
tt6977338,Good Boys,2019,90,6.7,89617
tt8359848,Climax,2018,97,6.9,89585
tt1020558,Centurion,2010,97,6.3,89573
tt15940132,War Machine,2026,106,6.3,89388
tt0839980,Semi-Pro,2008,91,5.8,89365
tt3661210,The Dig,2021,112,7.1,89356
tt0770752,Fool's Gold,2008,112,5.7,89324
tt9179430,Vikram,2022,175,8.3,89251
tt0815245,The Uninvited,2009,87,6.3,89200
tt0465551,Notes on a Scandal,2006,92,7.4,89197
tt0117333,Phenomenon,1996,123,6.5,89178
tt0307479,Solaris,2002,99,6.2,89139
tt0106965,Free Willy,1993,112,6.1,89130
tt0113409,In the Mouth of Madness,1994,95,7.1,89049
tt0088161,Splash,1984,111,6.3,89030
tt0369702,The Sea Inside,2004,126,7.9,88870
tt0043265,The African Queen,1951,105,7.7,88796
tt1093908,Confessions of a Shopaholic,2009,104,5.9,88769
tt0317648,Hidalgo,2004,136,6.7,88697
tt4540710,Miss Sloane,2016,132,7.5,88695
tt0303816,Cabin Fever,2002,93,5.6,88681
tt0369436,Four Christmases,2008,88,5.8,88635
tt0120694,Halloween H20: 20 Years Later,1998,86,5.8,88541
tt0056217,The Man Who Shot Liberty Valance,1962,123,8.1,88519
tt1261945,Sex and the City 2,2010,146,4.6,88472
tt0115734,Bottle Rocket,1996,91,6.9,88317
tt3312830,Youth,2015,124,7.3,88310
tt0130018,I Still Know What You Did Last Summer,1998,100,4.8,88301
tt3861390,Dumbo,2019,112,6.2,88292
tt2226597,The Mountain Between Us,2017,112,6.4,88276
tt0477051,Norbit,2007,102,4.3,88215
tt2436386,Project Almanac,2015,106,6.4,88080
tt6679794,Outlaw King,2018,121,6.9,88060
tt0089175,Fright Night,1985,106,7.0,88003
tt0087803,1984,1984,113,7.0,87979
tt9866072,Holidate,2020,104,6.2,87896
tt1726669,Killer Joe,2011,102,6.7,87881
tt0021884,Frankenstein,1931,70,7.7,87870
tt1117385,Felon,2008,104,7.4,87865
tt0253754,Star Trek: Nemesis,2002,116,6.4,87855
tt0427392,The Invasion,2007,99,5.9,87841
tt5613484,Mid90s,2018,85,7.4,87780
tt0120828,Six Days Seven Nights,1998,102,5.9,87755
tt29603959,Novocaine,2025,110,6.5,87741
tt2017038,All Is Lost,2013,106,6.9,87654
tt0118607,Amistad,1997,155,7.3,87642
tt3203606,Trumbo,2015,124,7.4,87543
tt0211933,Awake,2007,84,6.5,87445
tt1126618,MorningGlory,2010,107,6.5,87414
tt2179116,The Kings of Summer,2013,95,7.1,87414
tt1323045,Frozen,2010,93,6.1,87316
tt1512235,Super,2010,96,6.7,87254
tt3713166,Unfriended,2014,83,5.6,87183
tt0082418,Friday the 13th Part 2,1981,87,6.1,87180
tt6663582,The Spy Who Dumped Me,2018,117,6.1,87146
tt0059113,Doctor Zhivago,1965,197,7.9,87125
tt0497116,An Inconvenient Truth,2006,96,7.4,87123
tt1619029,Jackie,2016,100,6.6,87043
tt3083016,Beverly Hills Cop: Axel F,2024,118,6.4,87034
tt7775622,Free Solo,2018,100,8.1,87029
tt0120461,Volcano,1997,104,5.6,86994
tt32141377,28 Years Later: The Bone Temple,2026,109,7.3,86912
tt3554046,Space Jam: A New Legacy,2021,115,4.5,86874
tt0463034,"You, Me and Dupree",2006,110,5.6,86792
tt2125435,Beasts of the Southern Wild,2012,93,7.2,86787
tt2452386,The Fundamentals of Caring,2016,97,7.3,86757
tt7014006,Eighth Grade,2018,93,7.3,86738
tt10059518,Unhinged,2020,90,6.0,86665
tt0107211,Indecent Proposal,1993,117,6.0,86616
tt0075029,The Outlaw Josey Wales,1976,135,7.8,86609
tt0048728,To Catch a Thief,1955,106,7.4,86601
tt2649554,Midnight Special,2016,112,6.6,86579
tt0370032,Ultraviolet,2006,88,4.4,86478
tt6265828,A Ghost Story,2017,92,6.8,86472
tt2359024,Blue Ruin,2013,90,7.1,86429
tt14114802,The Outfit,2022,105,7.2,86385
tt4532826,Robin Hood,2018,116,5.4,86367
tt1753383,A Dog's Purpose,2017,100,7.3,86318
tt22048412,MaXXXine,2024,103,6.2,86289
tt1418377,"I, Frankenstein",2014,92,5.1,86261
tt0120631,Ever After: A Cinderella Story,1998,121,7.1,86195
tt0067185,Harold and Maude,1971,91,7.8,86167
tt0384680,The Weather Man,2005,102,6.5,86115
tt12001534,The Thursday Murder Club,2025,118,6.5,86092
tt1220198,The Fourth Kind,2009,98,5.9,86087
tt0095031,Dirty Rotten Scoundrels,1988,110,7.4,86083
tt1600195,Abduction,2011,106,5.1,86065
tt0089686,A Nightmare on Elm Street 2: Freddy's Revenge,1985,87,5.5,86051
tt0173840,Final Fantasy: The Spirits Within,2001,106,6.4,86038
tt3717252,Underworld: Blood Wars,2016,91,5.8,86017
tt29567915,Nuremberg,2025,148,7.4,85976
tt1235522,Broken City,2013,109,6.1,85923
tt0083131,Stripes,1981,106,6.8,85919
tt1280558,A Wednesday,2008,104,8.1,85861
tt0116225,Escape from L.A.,1996,101,5.7,85807
tt2387559,Delivery Man,2013,105,6.3,85782
tt0178868,The Ring,1998,96,7.2,85771
tt0185183,Battlefield Earth,2000,117,2.5,85763
tt0053779,La Dolce Vita,1960,174,8.0,85761
tt3416828,Ice Age: Collision Course,2016,94,5.7,85711
tt1674771,Entourage,2015,104,6.5,85705
tt15428134,Dunki,2023,160,6.5,85698
tt0090859,Cobra,1986,87,5.8,85685
tt7282468,Burning,2018,148,7.4,85614
tt0335119,Girl with a Pearl Earring,2003,100,6.9,85568
tt0111507,Three Colors: White,1994,92,7.6,85545
tt2002718,Machete Kills,2013,107,5.6,85515
tt0112722,Copycat,1995,123,6.6,85509
tt0477071,Premonition,2007,96,5.9,85494
tt0494238,Inkheart,2008,106,6.1,85465
tt0112870,Dilwale Dulhania Le Jayenge,1995,181,8.0,85324
tt0109446,The Client,1994,119,6.7,85291
tt0162650,Shaft,2000,99,6.0,85274
tt0419887,The Kite Runner,2007,128,7.6,85195
tt0370986,Mysterious Skin,2004,105,7.6,85116
tt0102975,Star Trek VI: The Undiscovered Country,1991,110,7.3,85103
tt0097937,My Left Foot,1989,103,7.8,85045
tt0205000,Deuce Bigalow: Male Gigolo,1999,88,5.7,85044
tt3513498,The Lego Movie 2: The Second Part,2019,107,6.5,85027
tt0114558,Strange Days,1995,145,7.2,85020
tt0101452,Bill & Ted's Bogus Journey,1991,93,6.3,84947
tt1321511,Oldboy,2013,104,5.8,84911
tt5033998,Charlie's Angels,2019,118,5.0,84911
tt0119051,The Edge,1997,117,7.0,84901
tt0884732,The Wedding Ringer,2015,101,6.6,84877
tt0316396,Peter Pan,2003,113,6.8,84876
tt1355631,The Infiltrator,2016,127,7.0,84868
tt2387433,Dark Skies,2013,97,6.3,84823
tt0377818,The Dukes of Hazzard,2005,104,5.2,84794
tt0385307,Miss Congeniality 2: Armed & Fabulous,2005,115,5.2,84793
tt1098327,Dragonball Evolution,2009,85,2.5,84755
tt1121096,Seventh Son,2014,102,5.5,84725
tt1972571,A Most Wanted Man,2014,122,6.7,84712
tt4513674,Café Society,2016,96,6.6,84705
tt0171363,The Haunting,1999,113,5.0,84637
tt0056218,The Manchurian Candidate,1962,126,7.9,84614
tt4916630,Just Mercy,2019,137,7.6,84594
tt0049833,The Ten Commandments,1956,220,7.9,84592
tt1605717,Frank,2014,95,6.9,84590
tt1840417,The Words,2012,102,7.0,84569
tt1095217,Bad Lieutenant: Port of Call New Orleans,2009,122,6.6,84565
tt1582507,House at the End of the Street,2012,101,5.5,84504
tt0085407,The Dead Zone,1983,103,7.2,84472
tt1336608,Rock of Ages,2012,123,5.9,84471
tt5719748,Cold Pursuit,2019,119,6.2,84455
tt0398712,Assault on Precinct 13,2005,109,6.3,84433
tt1486834,What If,2013,98,6.8,84430
tt0378109,Into the Blue,2005,110,5.9,84394
tt1245112,[Rec]²,2009,85,6.5,84362
tt2262227,The Book of Life,2014,95,7.2,84330
tt7766378,The Electric State,2025,128,5.9,84323
tt0316356,Open Range,2003,139,7.4,84314
tt0416315,Wolf Creek,2005,99,6.2,84252
tt0069762,Badlands,1973,94,7.7,84240
tt0061184,Who's Afraid of Virginia Woolf?,1966,131,8.0,84163
tt0864835,Mr. Peabody & Sherman,2014,92,6.8,84105
tt0094332,The Witches of Eastwick,1987,118,6.6,84098
tt0426592,Superhero Movie,2008,75,4.8,84081
tt9466114,The Idea of You,2024,115,6.3,84072
tt0061578,The Dirty Dozen,1967,150,7.7,83982
tt0795461,Scary Movie 5,2013,86,3.6,83860
tt1424432,Senna,2010,106,8.4,83839
tt1234719,Red Dawn,2012,93,5.3,83837
tt0093191,Wings of Desire,1987,128,7.9,83831
tt0481141,No Reservations,2007,104,6.3,83807
tt0389557,Black Book,2006,145,7.7,83800
tt1491044,The Iceman,2012,106,6.8,83770
tt15255288,Murder Mystery 2,2023,89,5.7,83712
tt20850406,Sita Ramam,2022,163,8.5,83538
tt0120324,A Simple Plan,1998,121,7.5,83533
tt2428170,Creep,2014,77,6.3,83433
tt0811080,Speed Racer,2008,135,6.1,83406
tt8291224,Uri: The Surgical Strike,2019,138,8.2,83380
tt1082868,Quarantine,2008,89,6.0,83362
tt0975645,Hitchcock,2012,98,6.8,83354
tt9347730,Candyman,2021,91,5.9,83277
tt1740707,Troll Hunter,2010,103,6.9,83245
tt0119925,The Postman,1997,177,6.1,83243
tt1137450,Death Wish,2018,107,6.3,83203
tt0080453,The Blue Lagoon,1980,104,5.8,83190
tt0493430,Jackass Number Two,2006,92,7.0,83111
tt0120844,Star Trek: Insurrection,1998,103,6.4,83092
tt5657856,Brawl in Cell Block 99,2017,132,7.1,83045
tt4477536,Fifty Shades Freed,2018,105,4.6,83006
tt0097815,Major League,1989,107,7.2,82989
tt1352824,Chloe,2009,96,6.2,82952
tt0113824,Whisper of the Heart,1995,111,7.8,82938
tt0078841,Being There,1979,130,7.9,82937
tt0133952,The Siege,1998,116,6.4,82925
tt8093700,The Woman King,2022,135,6.9,82925
tt1645089,Inside Job,2010,109,8.2,82914
tt0338095,High Tension,2003,91,6.7,82913
tt1655460,Wanderlust,2012,98,5.6,82865
tt0139809,The Thirteenth Floor,1999,100,7.0,82805
tt0421206,Gridiron Gang,2006,125,6.9,82785
tt10665342,Halloween Ends,2022,111,5.0,82721
tt4995790,The Square,2017,151,7.1,82715
tt0113071,First Knight,1995,134,6.0,82613
tt0066026,M*A*S*H,1970,116,7.3,82593
tt10554232,Dara of Jasenovac,2020,130,8.0,82368
tt0483607,Doomsday,2008,105,5.9,82320
tt0088286,Top Secret!,1984,90,7.2,82254
tt13186482,Mufasa: The Lion King,2024,118,6.6,82170
tt4361050,Ouija: Origin of Evil,2016,99,6.2,82136
tt0104940,The Muppet Christmas Carol,1992,85,7.8,82059
tt10403420,Terrifier 2,2022,138,6.0,82004
tt1152398,Beastly,2011,86,5.5,81987
tt9686708,The King of Staten Island,2020,136,7.1,81926
tt0062765,Bullitt,1968,114,7.4,81918
tt12536294,Spencer,2021,117,6.5,81914
tt0206314,Joy Ride,2001,97,6.6,81891
tt0114436,Showgirls,1995,131,5.2,81836
tt1893256,Redemption,2013,100,6.2,81823
tt0420294,The Texas Chainsaw Massacre: The Beginning,2006,91,5.8,81804
tt9100054,The Lost Daughter,2021,121,6.7,81759
tt6246322,Don't Breathe 2,2021,98,6.0,81715
tt0113243,Hackers,1995,105,6.2,81705
tt2937898,A Most Violent Year,2014,125,6.9,81696
tt8368512,The Courier,2020,112,7.2,81604
tt1712261,Triple 9,2016,115,6.3,81585
tt0347304,Kal Ho Naa Ho,2003,186,7.9,81560
tt0310775,Sympathy for Mr. Vengeance,2002,129,7.5,81558
tt1608290,Zoolander 2,2016,101,4.7,81556
tt0995039,Ghost Town,2008,102,6.7,81537
tt0462465,Outlander,2008,115,6.2,81529
tt0116040,Daylight,1996,114,6.0,81510
tt0100263,La Femme Nikita,1990,117,7.2,81486
tt10919380,Freaky,2020,102,6.4,81485
tt0841046,Walk Hard: The Dewey Cox Story,2007,96,6.9,81480
tt1149362,The White Ribbon,2009,144,7.8,81468
tt0091167,Hannah and Her Sisters,1986,107,7.8,81448
tt0368909,Ong-Bak: The Thai Warrior,2003,105,7.2,81439
tt21692408,Kung Fu Panda 4,2024,94,6.3,81410
tt26548265,Maharaja,2024,141,8.3,81388
tt0095963,Red Heat,1988,104,6.1,81346
tt0103786,Beethoven,1992,87,5.8,81317
tt0446059,Fearless,2006,104,7.6,81288
tt8790086,Kraven the Hunter,2024,127,5.5,81287
tt0077745,Invasion of the Body Snatchers,1978,115,7.4,81262
tt9531772,Sooryavanshi,2021,145,5.8,81258
tt0086393,Superman III,1983,125,5.0,81252
tt1185834,Star Wars: The Clone Wars,2008,98,6.0,81244
tt0120749,Mercury Rising,1998,111,6.1,81231
tt0219699,The Gift,2000,111,6.7,81227
tt0163988,Bringing Out the Dead,1999,121,6.8,81226
tt6802400,Coming 2 America,2021,110,5.3,81139
tt1972779,The Best of Me,2014,118,6.7,81101
tt10160976,The Nun II,2023,110,5.6,81081
tt14109724,Ticket to Paradise,2022,104,6.1,81070
tt0113481,Johnny Mnemonic,1995,96,5.6,81030
tt0233469,Collateral Damage,2002,108,5.5,81026
tt3007512,The Water Diviner,2014,111,7.0,80927
tt0971209,A Perfect Getaway,2009,98,6.5,80878
tt30057084,Babygirl,2024,114,5.8,80864
tt0443489,Dreamgirls,2006,130,6.6,80858
tt0098536,Turner & Hooch,1989,97,6.2,80834
tt8688634,21 Bridges,2019,99,6.7,80774
tt0254686,The Piano Teacher,2001,131,7.5,80639
tt0327679,Ella Enchanted,2004,96,6.3,80602
tt0099052,Arachnophobia,1990,109,6.5,80601
tt1846589,Hunter Killer,2018,121,6.6,80588
tt0242519,Hera Pheri,2000,156,8.2,80504
tt0970452,Solomon Kane,2009,104,6.1,80465
tt1448754,Thanksgiving,2023,106,6.2,80405
tt0411061,88 Minutes,2007,108,5.9,80370
tt1527788,The Man from Nowhere,2010,119,7.7,80360
tt0866439,Made of Honor,2008,101,5.9,80338
tt1190539,The Chaser,2008,125,7.8,80338
tt1216496,Mother,2009,129,7.7,80271
tt15326988,Ghosted,2023,117,5.8,80222
tt1433811,Disconnect,2012,115,7.5,80203
tt0111301,Street Fighter,1994,102,4.1,80160
tt0120686,Stepmom,1998,125,6.8,80129
tt0329575,Seabiscuit,2003,140,7.3,80046
tt1273235,A Serbian Film,2010,104,4.9,80042
tt1493274,Caught Stealing,2025,107,6.8,79982
tt5726086,Insidious: The Last Key,2018,103,5.7,79951
tt8912936,DC League of Super-Pets,2022,105,6.8,79949
tt3045616,Mortdecai,2015,107,5.5,79924
tt0094947,Dangerous Liaisons,1988,119,7.5,79876
tt1711425,21 & Over,2013,93,5.8,79842
tt8115900,The Bad Guys,2022,100,6.9,79824
tt0292490,Dil Chahta Hai,2001,183,8.0,79809
tt0387877,The Black Dahlia,2006,121,5.6,79808
tt18259086,Sonic the Hedgehog 3,2024,110,6.9,79788
tt0457400,Land of the Lost,2009,102,5.3,79781
tt0147612,Happiness,1998,134,7.7,79739
tt0139239,Go,1999,102,7.2,79734
tt0340377,The Station Agent,2003,89,7.6,79721
tt24268454,The Kerala Story,2023,138,6.7,79710
tt1014763,Child 44,2015,137,6.4,79698
tt0113957,The Net,1995,114,6.0,79693
tt1186367,Ninja Assassin,2009,99,6.3,79689
tt0183523,Mission to Mars,2000,114,5.7,79657
tt0089469,Legend,1985,89,6.3,79645
tt0088993,Day of the Dead,1985,101,7.1,79612
tt4877122,The Emoji Movie,2017,86,3.5,79558
tt0844479,The Collector,2009,90,6.3,79408
tt2051879,Europa Report,2013,90,6.4,79291
tt0445990,Invincible,2006,105,7.0,79278
tt0317303,Daddy Day Care,2003,92,5.7,79237
tt1178663,Whatever Works,2009,93,7.1,79206
tt14509110,No One Will Save You,2023,93,6.2,79114
tt0110989,Richie Rich,1994,95,5.5,79076
tt1937149,The Body,2012,112,7.6,79053
tt0398017,Derailed,2005,108,6.6,78948
tt0333780,"Legally Blonde 2: Red, White & Blonde",2003,95,4.8,78934
tt26932223,Bhool Bhulaiyaa 3,2024,158,4.6,78907
tt6673612,Dolittle,2020,101,5.6,78901
tt5461944,Hotel Mumbai,2018,123,7.6,78880
tt12262116,Thirteen Lives,2022,147,7.8,78873
tt0103241,What About Bob?,1991,99,7.0,78849
tt0287717,Spy Kids 2: Island of Lost Dreams,2002,100,5.3,78818
tt7510222,Despicable Me 4,2024,94,6.2,78813
tt0093565,Moonstruck,1987,102,7.2,78799
tt2401878,Anomalisa,2015,90,7.2,78732
tt2356180,Bhaag Milkha Bhaag,2013,186,8.2,78726
tt0036613,Arsenic and Old Lace,1944,118,7.9,78715
tt21192142,All of Us Strangers,2023,105,7.6,78692
tt13927994,Salaar,2023,175,6.7,78681
tt3215824,Those Who Wish Me Dead,2021,100,6.0,78610
tt0116683,James and the Giant Peach,1996,79,6.7,78556
tt13841850,Men,2022,100,6.0,78526
tt4765284,Pitch Perfect 3,2017,93,5.8,78521
tt0032904,The Philadelphia Story,1940,112,7.8,78485
tt0374536,Bewitched,2005,102,4.9,78467
tt6604188,Tron: Ares,2025,119,6.1,78466
tt0146336,Urban Legend,1998,99,5.6,78454
tt0243736,40 Days and 40 Nights,2002,96,5.6,78439
tt13521006,Beau Is Afraid,2023,179,6.6,78438
tt0089885,Re-Animator,1985,84,7.1,78421
tt6214928,1922,2017,102,6.2,78404
tt0086006,Never Say Never Again,1983,134,6.1,78347
tt1655389,Blonde,2022,167,5.4,78332
tt0386032,Sicko,2007,123,8.0,78291
tt5113040,The Secret Life of Pets 2,2019,86,6.4,78253
tt0790628,The Incredible Burt Wonderstone,2013,100,5.9,78244
tt6133466,The First Purge,2018,97,5.2,78167
tt0117887,That Thing You Do!,1996,108,7.0,78154
tt1586265,What to Expect When You're Expecting,2012,110,5.7,78109
tt0414055,Elizabeth: The Golden Age,2007,114,6.8,78084
tt0403702,Youth in Revolt,2009,90,6.4,78056
tt0110216,Junior,1994,109,4.8,77923
tt0344510,A Very Long Engagement,2004,133,7.6,77917
tt0120053,The Saint,1997,116,6.2,77905
tt8589698,Teenage Mutant Ninja Turtles: Mutant Mayhem,2023,99,7.2,77896
tt0264472,Changing Lanes,2002,98,6.5,77836
tt0804461,Death Sentence,2007,105,6.7,77825
tt1320261,Gulliver's Travels,2010,85,4.9,77803
tt1243974,Aloha,2015,105,5.4,77777
tt9731534,The Night House,2020,107,6.4,77777
tt0118972,The Devil's Own,1997,111,6.2,77727
tt0052561,Anatomy of a Murder,1959,161,8.0,77718
tt0120738,Lost in Space,1998,130,5.2,77703
tt0131325,Bowfinger,1999,97,6.5,77701
tt0110932,Quiz Show,1994,133,7.5,77698
tt0305711,Just Married,2003,95,5.5,77676
tt14992922,The Tinder Swindler,2022,114,7.1,77634
tt2039393,The Gambler,2014,111,6.0,77633
tt6902676,Guns Akimbo,2019,98,6.3,77542
tt1343097,The Girl Who Kicked the Hornet's Nest,2009,147,7.3,77532
tt0046438,Tokyo Story,1953,137,8.1,77511
tt10696784,The Harder They Fall,2021,139,6.6,77487
tt1034389,The Eagle,2011,114,6.2,77484
tt10514222,Ma Rainey's Black Bottom,2020,94,6.9,77408
tt0414852,District B13,2004,84,7.1,77405
tt0097647,The Karate Kid Part III,1989,112,5.4,77399
tt0036868,The Best Years of Our Lives,1946,170,8.1,77399
tt0478134,In the Valley of Elah,2007,121,7.1,77382
tt0124298,Blast from the Past,1999,112,6.7,77379
tt0237572,The Pledge,2001,124,6.7,77289
tt0145531,Stigmata,1999,103,6.2,77289
tt21454134,The Bikeriders,2023,116,6.6,77238
tt4901306,Perfect Strangers,2016,96,7.7,77227
tt0245562,Windtalkers,2002,134,6.1,77184
tt0861689,Blindness,2008,121,6.5,77147
tt0089907,The Return of the Living Dead,1985,91,7.3,77140
tt1758810,The Snowman,2017,119,5.2,77134
tt0165929,Romeo Must Die,2000,115,6.1,77105
tt2452244,Isn't It Romantic,2019,89,5.9,77092
tt10342730,Spiral,2021,93,5.2,77088
tt1583420,Larry Crowne,2011,98,6.1,77087
tt0125659,Open Your Eyes,1997,119,7.7,77013
tt0083791,The Dark Crystal,1982,93,7.1,76975
tt31184028,Together,2025,102,6.7,76904
tt7737528,Kate,2021,106,6.3,76848
tt2372222,Kick,2014,146,5.9,76840
tt0237534,Brotherhood of the Wolf,2001,142,7.0,76728
tt0104868,The Mighty Ducks,1992,104,6.6,76692
tt0329774,xXx: State of the Union,2005,101,4.5,76623
tt1702443,Justin Bieber: Never Say Never,2011,105,1.7,76595
tt0120177,Spawn,1997,96,5.2,76521
tt0986233,Hunger,2008,96,7.5,76490
tt14039582,Drive My Car,2021,179,7.5,76484
tt0093693,Overboard,1987,112,6.9,76482
tt2140619,Two Night Stand,2014,86,6.3,76438
tt2545118,Blackfish,2013,83,8.1,76418
tt0401711,"Paris, Je T'aime",2006,120,7.2,76413
tt9150192,A Working Man,2025,116,5.7,76408
tt0301470,Jeepers Creepers 2,2003,104,5.7,76402
tt0169858,Neon Genesis Evangelion: The End of Evangelion,1997,87,8.1,76390
tt1186830,Agora,2009,127,7.1,76309
tt2125608,Searching for Sugar Man,2012,86,8.2,76259
tt11976134,Singham Again,2024,144,4.3,76179
tt0010323,The Cabinet of Dr. Caligari,1920,67,8.0,76150
tt0089670,National Lampoon's European Vacation,1985,95,6.2,76118
tt0862846,Sunshine Cleaning,2008,91,6.8,76110
tt0049470,The Man Who Knew Too Much,1956,120,7.4,76047
tt6079516,I See You,2019,98,6.8,75898
tt0115751,Breaking the Waves,1996,153,7.8,75891
tt0082085,Blow Out,1981,108,7.4,75887
tt12735488,Kalki 2898 AD,2024,180,7.0,75875
tt4126476,After,2019,105,5.3,75833
tt4169250,M.S. Dhoni: The Untold Story,2016,184,8.0,75823
tt2273657,True Story,2015,99,6.3,75822
tt1374992,Upside Down,2012,109,6.3,75819
tt6850820,Peppermint,2018,101,6.5,75801
tt0203119,Sexy Beast,2000,89,7.3,75784
tt0315983,House of Sand and Fog,2003,126,7.5,75778
tt0047437,Sabrina,1954,113,7.6,75742
tt0120148,Sliding Doors,1998,99,6.7,75710
tt0808506,The Girl Who Leapt Through Time,2006,98,7.6,75707
tt1763303,The First Time,2012,95,6.8,75631
tt11655202,Riders of Justice,2020,116,7.5,75562
tt0058946,The Battle of Algiers,1966,121,8.1,75554
tt8637428,The Farewell,2019,100,7.5,75548
tt9701942,Fear Street: Part Three - 1666,2021,114,6.6,75541
tt8036976,Send Help,2026,113,6.8,75452
tt2105044,V/H/S,2012,116,5.8,75428
tt0256009,The Devil's Backbone,2001,106,7.3,75428
tt0805570,The Midnight Meat Train,2008,100,6.0,75400
tt0218839,Best in Show,2000,90,7.5,75370
tt0074860,Marathon Man,1976,125,7.4,75368
tt5304992,Set It Up,2018,105,6.5,75364
tt0036342,Shadow of a Doubt,1943,108,7.8,75336
tt4971344,The Sisters Brothers,2018,122,6.9,75336
tt0116231,The Bandit,1996,128,8.1,75308
tt1268799,A Very Harold & Kumar Christmas,2011,90,6.2,75266
tt0368709,Elizabethtown,2005,123,6.3,75237
tt0480669,Timecrimes,2007,92,7.1,75219
tt0070723,Soylent Green,1973,97,7.0,75176
tt0076618,The Rescuers,1977,77,6.9,75164
tt6475714,Monster Hunter,2020,103,5.2,75012
tt0377471,Be Cool,2005,119,5.6,74940
tt1366344,The Sitter,2011,81,5.6,74891
tt3014866,Criminal,2016,113,6.3,74865
tt0112682,The City of Lost Children,1995,112,7.4,74855
tt8239946,Tumbbad,2018,108,8.2,74788
tt0099365,Darkman,1990,96,6.4,74761
tt10280276,Coolie No. 1,2020,134,4.2,74716
tt5988370,Reis,2017,108,1.0,74708
tt0450345,The Wicker Man,2006,102,3.8,74685
tt0104815,El Mariachi,1992,81,6.8,74678
tt0106226,The Age of Innocence,1993,139,7.2,74654
tt4080728,A Man Called Ove,2015,116,7.7,74633
tt2025690,The Finest Hours,2016,117,6.7,74571
tt0071877,Murder on the Orient Express,1974,128,7.2,74556
tt0300051,Jersey Girl,2004,102,6.2,74541
tt3716530,Elle,2016,130,7.1,74468
tt7737800,Woman of the Hour,2023,95,6.6,74459
tt1912398,God Bless America,2011,105,7.1,74434
tt0108002,Rudy,1993,114,7.5,74422
tt0191397,The Replacements,2000,118,6.6,74403
tt0119558,Lolita,1997,137,6.8,74395
tt4680182,Colossal,2016,109,6.2,74351
tt0219965,Bandits,2001,123,6.5,74329
tt0364517,Love Me If You Dare,2003,93,7.5,74315
tt2106361,Into the Storm,2014,89,5.8,74167
tt1800302,Gold,2016,120,6.7,74162
tt27714581,Sentimental Value,2025,133,7.7,74153
tt3960412,Popstar: Never Stop Never Stopping,2016,87,6.7,74089
tt0081633,Time Bandits,1981,110,6.9,74086
tt0365376,A Tale of Two Sisters,2003,114,7.1,74022
tt1591479,Act of Valor,2012,110,6.4,73983
tt2109184,Paranormal Activity 4,2012,88,4.7,73924
tt1291570,Solace,2015,101,6.4,73903
tt1242422,Cell 211,2009,113,7.6,73868
tt1226753,The Debt,2010,113,6.8,73868
tt0132347,Mystery Men,1999,121,6.1,73862
tt6772950,Truth or Dare,2018,100,5.3,73861
tt3774694,Love,2015,135,6.1,73830
tt0096487,Young Guns,1988,107,6.8,73713
tt15654328,Leo,2023,164,7.2,73697
tt13640696,See How They Run,2022,98,6.5,73643
tt1430607,Arthur Christmas,2011,97,7.1,73626
tt0486551,Beerfest,2006,110,6.2,73619
tt0327162,The Stepford Wives,2004,93,5.4,73592
tt2870756,Magic in the Moonlight,2014,97,6.5,73552
tt0120731,The Legend of 1900,1998,169,8.0,73542
tt0111255,The Specialist,1994,110,5.6,73539
tt10168670,Bones and All,2022,131,6.8,73509
tt0053221,Rio Bravo,1959,141,7.9,73480
tt0391304,A Lot Like Love,2005,107,6.6,73475
tt10365998,Infinity Pool,2023,117,6.0,73472
tt0046268,The Wages of Fear,1953,156,8.1,73453
tt0046911,Diabolique,1955,117,8.1,73337
tt4687108,In the Tall Grass,2019,101,5.5,73290
tt0082348,Excalibur,1981,140,7.3,73260
tt1850457,Sisters,2015,118,6.0,73226
tt0088933,Cocoon,1985,117,6.7,73192
tt2402157,The November Man,2014,108,6.3,73182
tt9783600,Spiderhead,2022,106,5.5,73132
tt2223990,Draft Day,2014,110,6.8,73064
tt0285492,Cube²: Hypercube,2002,94,5.5,73000
tt0151137,The Messenger: The Story of Joan of Arc,1999,148,6.4,72990
tt0068699,High Plains Drifter,1973,105,7.4,72969
tt2053425,Rust and Bone,2012,120,7.4,72952
tt1278340,Dead Snow,2009,91,6.3,72951
tt8368368,The Apprentice,2024,122,7.1,72935
tt0970411,City of Ember,2008,90,6.4,72926
tt3099498,Tusk,2014,102,5.4,72858
tt13651794,May December,2023,117,6.7,72834
tt0130623,Dinosaur,2000,82,6.4,72780
tt0331632,Scooby-Doo 2: Monsters Unleashed,2004,93,5.3,72754
tt2121382,Force Majeure,2014,120,7.2,72737
tt0115964,Crash,1996,100,6.4,72705
tt2005374,The Frozen Ground,2013,105,6.4,72637
tt0104231,Far and Away,1992,140,6.6,72618
tt2910814,The Signal,2014,97,6.0,72597
tt0060176,Blow-Up,1966,111,7.4,72529
tt3118452,Circle,2015,87,6.0,72528
tt0073650,"Salò, or the 120 Days of Sodom",1975,117,5.8,72518
tt9052870,Chhichhore,2019,143,8.3,72497
tt0962726,High School Musical 3: Senior Year,2008,112,5.1,72431
tt3155298,Luther: The Fallen Sun,2023,129,6.4,72431
tt9198364,Three Thousand Years of Longing,2022,108,6.7,72405
tt1172233,Whip It,2009,111,6.9,72356
tt1298644,The Hustle,2019,93,5.5,72339
tt4624424,Storks,2016,87,6.8,72320
tt0453556,TMNT,2007,87,6.2,72240
tt0354899,The Science of Sleep,2006,105,7.2,72190
tt0347618,The Cat Returns,2002,75,7.1,72182
tt2112124,Chennai Express,2013,141,6.3,72170
tt4627382,Roofman,2025,126,6.9,72129
tt0267626,K-19: The Widowmaker,2002,138,6.7,72096
tt0455538,How to Lose Friends & Alienate People,2008,110,6.4,72073
tt2083383,Trouble with the Curve,2012,111,6.8,72066
tt0105151,The Player,1992,124,7.5,72056
tt1166100,Ghajini,2008,186,7.4,72055
tt0020629,All Quiet on the Western Front,1930,152,8.1,72043
tt2387499,Keeping Up with the Joneses,2016,105,5.9,71980
tt1687901,The Awakening,2011,102,6.5,71962
tt0372824,The Chorus,2004,97,7.9,71882
tt27131358,We Live in Time,2024,108,7.0,71870
tt2101341,Dead Man Down,2013,118,6.4,71868
tt4761112,The Mauritanian,2021,129,7.5,71860
tt0443536,Hoodwinked,2005,80,6.5,71798
tt6920084,Resident Evil: Welcome to Raccoon City,2021,107,5.2,71763
tt4244998,Alpha,2018,96,6.6,71727
tt0397313,Eight Below,2006,120,7.3,71703
tt0070355,Magnum Force,1973,124,7.2,71644
tt0938330,Silent Hill: Revelation,2012,95,4.9,71642
tt1436045,13 Assassins,2010,141,7.5,71641
tt10855768,Missing,2023,111,7.1,71606
tt0421082,Control,2007,122,7.6,71565
tt0384116,G.O.R.A.,2004,127,8.0,71528
tt9214832,Emma.,2020,124,6.7,71479
tt0102945,Sleeping with the Enemy,1991,99,6.3,71470
tt22408160,Kinds of Kindness,2024,164,6.4,71438
tt0421054,Domino,2005,127,5.9,71401
tt0057565,High and Low,1963,143,8.4,71336
tt1754656,The Little Prince,2015,108,7.6,71316
tt3322420,Queen,2013,146,8.1,71314
tt0083922,Fanny and Alexander,1982,188,8.1,71313
tt0313443,Out of Time,2003,105,6.5,71312
tt2180339,Deep Water,2022,115,5.5,71281
tt0338459,Spy Kids 3: Game Over,2003,84,4.4,71257
tt4614584,Purple Hearts,2022,122,6.7,71253
tt0800069,The Hills Have Eyes 2,2007,89,5.1,71223
tt1462041,Dream House,2011,92,6.0,71195
tt5672290,The First Omen,2024,119,6.5,71194
tt6908274,Mirage,2018,128,7.4,71192
tt0425413,Run Fatboy Run,2007,100,6.5,71180
tt6398184,Downton Abbey,2019,122,7.4,71168
tt1586752,Machine Gun Preacher,2011,129,6.7,71158
tt0356618,The Forgotten,2004,91,5.8,71105
tt1235124,Dorian Gray,2009,112,6.2,71086
tt12888462,My Octopus Teacher,2020,85,8.1,71070
tt2283748,OMG: Oh My God!,2012,125,8.1,71040
tt0102536,Night on Earth,1991,129,7.7,71013
tt3411444,Ferdinand,2017,108,6.7,70998
tt0120693,Half Baked,1998,82,6.6,70996
tt0280609,Dog Soldiers,2002,105,6.8,70967
tt0105265,A River Runs Through It,1992,123,7.2,70966
tt0110005,Heavenly Creatures,1994,99,7.2,70962
tt0499097,Without Remorse,2021,109,5.8,70957
tt1703199,Grave Encounters,2011,92,6.1,70953
tt1748179,Red Lights,2012,114,6.2,70944
tt1116184,Jackass 3D,2010,94,7.0,70939
tt0082158,Chariots of Fire,1981,125,7.1,70912
tt1587707,Exit Through the Gift Shop,2010,87,7.9,70871
tt0983213,5 Centimeters per Second,2007,63,7.4,70852
tt3272066,Reminiscence,2021,116,5.9,70833
tt3647498,Blood Father,2016,88,6.4,70829
tt0450314,Punisher: War Zone,2008,103,5.9,70816
tt0091530,The Mission,1986,125,7.4,70815
tt0379217,Coffee and Cigarettes,2003,95,7.0,70801
tt0433387,Harsh Times,2005,116,6.8,70797
tt0111149,Shallow Grave,1994,89,7.2,70770
tt2910904,The Dressmaker,2015,119,7.0,70745
tt0089767,Pale Rider,1985,115,7.3,70741
tt0390022,Friday Night Lights,2004,118,7.2,70706
tt1991245,Chernobyl Diaries,2012,86,5.1,70646
tt2106651,Spectral,2016,107,6.3,70604
tt0286788,What a Girl Wants,2003,105,5.8,70582
tt28075881,Do Patti,2024,126,6.3,70553
tt0091949,Short Circuit,1986,98,6.6,70551
tt7958736,Ma,2019,99,5.6,70545
tt3758172,Jungle,2017,115,6.7,70537
tt3715320,Irrational Man,2015,95,6.6,70532
tt0116409,The Ghost and the Darkness,1996,110,6.8,70521
tt0139414,Lake Placid,1999,82,5.8,70478
tt0112950,Empire Records,1995,90,6.7,70409
tt0086425,Terms of Endearment,1983,132,7.4,70405
tt0029947,Bringing Up Baby,1938,102,7.8,70380
tt6654210,Infinite,2021,106,5.5,70378
tt11214558,The Smashing Machine,2025,123,6.3,70302
tt3168230,Mr. Holmes,2015,104,6.8,70290
tt3892172,Leave No Trace,2018,109,7.1,70285
tt15574124,Peaky Blinders: The Immortal Man,2026,112,6.5,70238
tt0144120,Bride of Chucky,1998,89,5.7,70169
tt0073802,Three Days of the Condor,1975,117,7.4,70102
tt1001520,The Last Voyage of the Demeter,2023,118,6.1,70090
tt11755740,Texas Chainsaw Massacre,2022,81,4.7,70086
tt2390361,Enough Said,2013,93,7.0,70067
tt0873886,Red State,2011,88,6.1,70052
tt0107554,Menace II Society,1993,97,7.5,69985
tt0099422,Dick Tracy,1990,105,6.2,69958
tt6571548,The White Tiger,2021,125,7.1,69954
tt0047528,La Strada,1954,108,8.0,69934
tt1987680,The Upside,2017,126,7.1,69934
tt1821480,Kahaani,2012,122,8.1,69865
tt1130080,The Informant!,2009,108,6.5,69841
tt9426210,Weathering with You,2019,112,7.5,69763
tt0228786,The Crimson Rivers,2000,106,6.9,69750
tt0304669,The Santa Clause 2,2002,104,5.8,69739
tt0111438,Timecop,1994,99,6.0,69731
tt0093260,Innerspace,1987,120,6.8,69729
tt1222817,Zookeeper,2011,102,5.2,69673
tt0264395,Basic,2003,98,6.4,69654
tt0271027,Kiss of the Dragon,2001,98,6.6,69654
tt0118771,Breakdown,1997,93,7.0,69645
tt32820897,Demon Slayer: Kimetsu No Yaiba Infinity Castle,2025,155,8.4,69642
tt27719898,Kaiva,2023,138,7.6,69632
tt0111686,New Nightmare,1994,112,6.4,69606
tt0113198,A Goofy Movie,1995,78,7.0,69590
tt3332064,Pan,2015,111,5.7,69480
tt0243017,Waking Life,2001,99,7.6,69479
tt21867434,BlackBerry,2023,120,7.3,69439
tt0465624,My Super Ex-Girlfriend,2006,96,5.2,69410
tt5535276,Maestro,2023,129,6.5,69409
tt26736843,The Watchers,2024,102,5.7,69347
tt2388771,Mowgli: Legend of the Jungle,2018,104,6.5,69335
tt0300556,Timeline,2003,116,5.6,69303
tt0472160,Penelope,2006,104,6.7,69260
tt0106701,Dennis the Menace,1993,94,5.7,69224
tt7130300,The Woman in Cabin 10,2025,92,5.8,69190
tt0190865,Vertical Limit,2000,124,6.0,69178
tt2058673,Point Break,2015,114,5.3,69160
tt0962736,The Young Victoria,2009,105,7.2,69151
tt6742252,The Guilty,2018,85,7.5,69144
tt0360201,Wimbledon,2004,98,6.4,69109
tt0131857,BASEketball,1998,103,6.5,69101
tt0086197,The Right Stuff,1983,193,7.8,69090
tt0110367,Little Women,1994,115,7.3,69073
tt0185014,Wonder Boys,2000,107,7.2,69021
tt0206275,Save the Last Dance,2001,112,6.2,69017
tt1742334,Sabotage,2014,109,5.7,68997
tt0120770,A Night at the Roxbury,1998,82,6.2,68982
tt1441952,Salmon Fishing in the Yemen,2011,107,6.8,68980
tt0369735,Monster-in-Law,2005,101,5.6,68965
tt4547056,The Girl with All the Gifts,2016,111,6.6,68943
tt0460829,Inland Empire,2006,180,6.8,68908
tt7043012,Velvet Buzzsaw,2019,113,5.7,68886
tt0077405,Days of Heaven,1978,94,7.7,68874
tt0098384,Steel Magnolias,1989,117,7.3,68862
tt0462200,Black Snake Moan,2006,116,6.9,68839
tt1300851,The Boondock Saints II: All Saints Day,2009,118,6.2,68829
tt12477480,Decision to Leave,2022,139,7.3,68807
tt1210042,Brooklyn's Finest,2009,132,6.7,68806
tt0443465,Before We Go,2014,95,6.8,68803
tt14123284,Havoc,2025,107,5.6,68797
tt22375054,Strange Darling,2023,97,7.0,68763
tt0106246,Alive,1993,128,7.1,68744
tt5186714,The Salesman,2016,124,7.7,68722
tt11426232,Totally Killer,2023,106,6.5,68717
tt0087985,Red Dawn,1984,114,6.4,68665
tt10752004,Love Hard,2021,104,6.3,68635
tt0099329,Cry-Baby,1990,85,6.5,68633
tt0380389,Goal! The Dream Begins,2005,118,6.7,68554
tt8110232,The Many Saints of Newark,2021,120,6.2,68534
tt1135084,Takers,2010,107,6.2,68501
tt0079367,The Jerk,1979,94,7.1,68457
tt1024255,Wild Child,2008,98,6.1,68450
tt0069995,Don't Look Now,1973,110,7.1,68426
tt9844522,Escape Room: Tournament of Champions,2021,88,5.8,68328
tt0120877,Vampires,1998,108,6.1,68315
tt0144214,The General's Daughter,1999,116,6.4,68312
tt1232776,Fish Tank,2009,123,7.3,68303
tt5168192,"I, Daniel Blake",2016,100,7.8,68255
tt13603966,Heart of Stone,2023,122,5.7,68239
tt0403508,The Sisterhood of the Traveling Pants,2005,119,6.5,68234
tt0067800,Straw Dogs,1971,113,7.4,68200
tt0423977,Charlie Bartlett,2007,97,6.9,68194
tt10682266,Hubie Halloween,2020,103,5.3,68185
tt0416508,Becoming Jane,2007,120,7.0,68172
tt1124037,Free State of Jones,2016,139,6.9,68121
tt0019254,The Passion of Joan of Arc,1928,114,8.1,68105
tt8784956,Ava,2020,96,5.5,68104
tt0098627,Weekend at Bernie's,1989,97,6.4,68092
tt0108255,Super Mario Bros.,1993,104,4.2,68082
tt8526872,Dolemite Is My Name,2019,118,7.2,68076
tt0095497,The Last Temptation of Christ,1988,164,7.5,68075
tt0105435,Sneakers,1992,126,7.1,68037
tt12908150,The Life of Chuck,2024,111,7.3,68037
tt13357520,Heads of State,2025,116,6.4,68034
tt3262342,Loving Vincent,2017,94,7.8,68026
tt1865505,Song of the Sea,2014,93,8.0,68025
tt0800308,Appaloosa,2008,115,6.7,67940
tt2350496,The Lunchbox,2013,104,7.8,67938
tt0492044,The Haunting in Connecticut,2009,92,5.9,67923
tt0095742,A Nightmare on Elm Street 4: The Dream Master,1988,93,5.6,67921
tt0098382,Star Trek V: The Final Frontier,1989,107,5.5,67899
tt30840798,The Phoenician Scheme,2025,101,6.6,67887
tt0032599,His Girl Friday,1940,92,7.8,67874
tt0382628,Dark Water,2005,105,5.6,67870
tt0068182,"Aguirre, the Wrath of God",1972,95,7.8,67850
tt2234003,Calvary,2014,102,7.4,67846
tt0116126,Don't Be a Menace to South Central While Drinking Your Juice in the Hood,1996,89,6.6,67826
tt0096463,Working Girl,1988,113,6.8,67767
tt0758794,We Are Marshall,2006,131,7.1,67761
tt0065207,Where Eagles Dare,1968,158,7.6,67728
tt0388125,In Her Shoes,2005,130,6.5,67716
tt0085636,Halloween III: Season of the Witch,1982,98,5.2,67696
tt0083972,Friday the 13th: Part 3,1982,95,5.6,67683
tt0101587,City Slickers,1991,113,6.8,67654
tt0118789,Buffalo '66,1998,110,7.4,67612
tt0356721,I Heart Huckabees,2004,107,6.5,67609
tt0489237,The Nanny Diaries,2007,105,6.2,67594
tt0056687,What Ever Happened to Baby Jane?,1962,134,8.0,67582
tt2279373,The SpongeBob Movie: Sponge Out of Water,2015,92,6.0,67574
tt5710514,I Don't Feel at Home in This World Anymore,2017,93,6.9,67553
tt0075784,A Bridge Too Far,1977,175,7.4,67549
tt0081455,Scanners,1981,103,6.7,67528
tt6053438,First Reformed,2017,113,7.1,67513
tt2717822,Blackhat,2015,133,5.5,67511
tt8110640,In the Shadow of the Moon,2019,115,6.2,67505
tt0780511,Everybody's Fine,2009,99,7.1,67485
tt0427312,Grizzly Man,2005,103,7.7,67479
tt0255798,The Animal,2001,84,4.9,67472
tt0297284,Mindhunters,2004,106,6.3,67447
tt0491152,Something Borrowed,2011,112,5.8,67407
tt6452574,Sanju,2018,155,7.6,67383
tt1197628,Observe and Report,2009,86,5.8,67382
tt0084434,An Officer and a Gentleman,1982,124,7.1,67373
tt3758542,Ferrari,2023,130,6.4,67369
tt2869728,Ride Along 2,2016,102,5.9,67303
tt14826022,You People,2023,117,5.5,67245
tt2364841,Runner Runner,2013,88,5.6,67239
tt1990314,Robot & Frank,2012,89,7.0,67235
tt0284490,Showtime,2002,95,5.6,67212
tt0070909,Westworld,1973,88,6.9,67202
tt1704573,Bernie,2011,104,6.8,67184
tt0449089,RV,2006,99,5.6,67182
tt15255876,Emily the Criminal,2022,97,6.7,67161
tt0116669,Jack,1996,113,5.8,67142
tt1185416,When in Rome,2010,91,5.5,67125
tt2752772,Sinister 2,2015,97,5.3,67118
tt0261983,Session 9,2001,97,6.4,67094
tt4226388,Victoria,2015,138,7.6,67079
tt35291758,Melania,2026,104,1.6,67077
tt10083340,Gangubai Kathiawadi,2022,152,7.8,67062
tt0327137,Secondhand Lions,2003,109,7.5,67060
tt0102494,My Own Private Idaho,1991,104,6.9,67058
tt1439572,Perfect Sense,2011,92,7.0,67051
tt8291806,Pain and Glory,2019,113,7.5,67009
tt0452598,Cheaper by the Dozen 2,2005,94,5.6,67000
tt0115736,Bound,1996,109,7.3,66990
tt1082807,The Belko Experiment,2016,89,6.2,66927
tt0091541,The Money Pit,1986,90,6.4,66867
tt0078935,Cannibal Holocaust,1980,95,5.7,66788
tt0211443,Jason X,2001,92,4.5,66785
tt3042408,Who Am I,2014,102,7.4,66782
tt16539454,Pushpa: The Rule - Part 2,2024,201,6.0,66775
tt0787524,The Man Who Knew Infinity,2015,108,7.2,66744
tt1567437,The Voices,2014,103,6.3,66743
tt11671006,The Man from Toronto,2022,110,5.8,66714
tt0120913,Titan A.E.,2000,94,6.6,66625
tt0146309,Thirteen Days,2000,145,7.3,66617
tt11152168,IF,2024,104,6.4,66587
tt0420332,Veer-Zaara,2004,192,7.8,66539
tt0862467,Valhalla Rising,2009,93,6.0,66524
tt1588334,"Jeff, Who Lives at Home",2011,83,6.4,66496
tt21191806,Back in Action,2025,114,5.9,66473
tt1438254,Charlie St. Cloud,2010,99,6.4,66462
tt0260866,Don't Say a Word,2001,113,6.3,66460
tt7374948,Always Be My Maybe,2019,101,6.7,66455
tt0119874,The Peacemaker,1997,124,6.0,66437
tt0264935,Murder by Numbers,2002,115,6.2,66431
tt0427309,The Great Debaters,2007,126,7.5,66389
tt0087298,Friday the 13th: The Final Chapter,1984,91,6.0,66356
tt0097659,Kickboxer,1989,97,6.4,66330
tt0466909,The Omen,2006,110,5.5,66277
tt1196141,Diary of a Wimpy Kid,2010,94,6.3,66262
tt5610554,Tully,2018,95,6.9,66231
tt1075417,Race to Witch Mountain,2009,98,5.7,66203
tt0089370,The Jewel of the Nile,1985,106,6.1,66168
tt1093357,The Darkest Hour,2011,89,4.9,66152
tt0080745,Flash Gordon,1980,111,6.5,66138
tt0476964,The Brave One,2007,122,6.7,66119
tt0385887,Motherless Brooklyn,2019,144,6.8,66097
tt0026029,The 39 Steps,1935,86,7.6,66085
tt0253867,The Sweetest Thing,2002,84,5.2,66082
tt5592248,The Beguiled,2017,93,6.3,66071
tt10944760,Titane,2021,108,6.4,66056
tt6217306,Apostle,2018,130,6.3,66026
tt2404425,Woman in Gold,2015,109,7.3,65981
tt6306064,Adrift,2018,96,6.6,65945
tt0275491,Bad Education,2004,106,7.4,65889
tt2461150,Masterminds,2016,95,5.8,65887
tt0397078,Just My Luck,2006,103,5.5,65874
tt0431021,The Possession,2012,92,5.9,65858
tt4913966,The Curse of La Llorona,2019,93,5.3,65806
tt0062229,Le Samouraï,1967,101,8.0,65804
tt1032846,"4 Months, 3 Weeks and 2 Days",2007,113,7.9,65759
tt0430304,Little Man,2006,98,4.6,65697
tt0102803,The Rocketeer,1991,108,6.6,65655
tt0239395,Cats & Dogs,2001,87,5.2,65624
tt2091935,Mr. Right,2015,95,6.3,65610
tt0212712,2046,2004,129,7.4,65602
tt0015324,Sherlock Jr.,1924,45,8.1,65595
tt0090142,Teen Wolf,1985,91,6.1,65593
tt4853102,Batman: The Killing Joke,2016,76,6.4,65573
tt0482572,Pride and Glory,2008,130,6.6,65571
tt1258972,The Man with the Iron Fists,2012,95,5.4,65570
tt0266489,Duplex,2003,89,5.9,65552
tt3612616,Mommy,2014,139,8.0,65539
tt0074812,Logan's Run,1976,119,6.8,65525
tt0103939,Chaplin,1992,143,7.5,65520
tt0398375,Rumor Has It...,2005,97,5.5,65489
tt0245686,Joe Dirt,2001,91,6.0,65453
tt1270262,The Devil's Double,2011,109,7.0,65368
tt0023969,Duck Soup,1933,69,7.7,65356
tt6543652,Cold War,2018,89,7.5,65356
tt0388419,Christmas with the Kranks,2004,99,5.6,65354
tt0112346,The American President,1995,114,6.9,65318
tt0106387,Benny & Joon,1993,98,7.1,65313
tt0116253,Executive Decision,1996,133,6.5,65308
tt0278488,How High,2001,93,6.2,65295
tt2932536,47 Meters Down,2017,89,5.6,65273
tt9288046,The Sea Beast,2022,115,7.0,65161
tt1093370,Jab We Met,2007,138,7.9,65139
tt1179891,My Bloody Valentine,2009,101,5.4,65136
tt13664684,Karthikeya 2,2022,150,7.8,65116
tt30955489,Until Dawn,2025,103,5.7,65094
tt0328589,Under the Tuscan Sun,2003,113,6.8,65079
tt3203616,The Cobbler,2014,99,5.8,65078
tt0093692,Over the Top,1987,93,5.9,65074
tt0015648,Battleship Potemkin,1925,66,7.9,65068
tt3169706,Pride,2014,119,7.8,65025
tt0119715,Mousehunt,1997,98,6.5,64969
tt6738136,Revenge,2017,108,6.4,64966
tt1661382,Grudge Match,2013,113,6.4,64956
tt0118548,Absolute Power,1997,121,6.7,64949
tt10172266,"Red, White & Royal Blue",2023,118,7.0,64888
tt0787474,The Boxtrolls,2014,96,6.8,64883
tt0063462,The Producers,1967,88,7.5,64882
tt8864596,Transformers One,2024,104,7.6,64836
tt2614684,'71,2014,99,7.2,64832
tt1772264,Stonehearst Asylum,2014,112,6.8,64794
tt7347846,The Lodge,2019,108,6.0,64765
tt0021814,Dracula,1931,74,7.3,64709
tt19847976,Wicked: For Good,2025,137,6.6,64699
tt5073642,Color Out of Space,2019,111,6.1,64662
tt1075747,Jonah Hex,2010,81,4.7,64654
tt0068327,Cabaret,1972,124,7.8,64652
tt0103060,Teenage Mutant Ninja Turtles II: The Secret of the Ooze,1991,88,6.0,64631
tt1758692,Like Crazy,2011,86,6.6,64606
tt0349825,Miracle,2004,135,7.5,64581
tt2888046,Ip Man 3,2015,105,7.0,64556
tt2231253,Wild Card,2015,92,5.6,64555
tt0095271,Halloween 4: The Return of Michael Myers,1988,88,5.8,64512
tt1029360,Poltergeist,2015,93,4.9,64502
tt0096933,Black Rain,1989,125,6.6,64462
tt0102070,Hudson Hawk,1991,100,5.7,64456
tt0098724,"Sex, Lies, and Videotape",1989,100,7.2,64409
tt0111742,Wolf,1994,125,6.3,64390
tt1374989,Pride and Prejudice and Zombies,2016,108,5.8,64376
tt0092493,Crocodile Dundee II,1988,111,5.7,64360
tt2788732,Pete's Dragon,2016,102,6.7,64346
tt0466342,Date Movie,2006,83,2.8,64337
tt0817538,Drillbit Taylor,2008,110,5.7,64322
tt0831887,The Spirit,2008,103,4.8,64281
tt0258153,S1m0ne,2002,117,6.1,64213
tt0099253,Child's Play 2,1990,84,6.0,64202
tt1226774,In the Loop,2009,106,7.4,64192
tt0238546,Queen of the Damned,2002,101,5.3,64178
tt3086442,Goodnight Mommy,2014,99,6.7,64171
tt2937696,Everybody Wants Some!!,2016,117,6.9,64168
tt0114787,Underground,1995,167,8.0,64144
tt0165982,Sinbad: Legend of the Seven Seas,2003,86,6.8,64131
tt7504726,The Call of the Wild,2020,100,6.7,64118
tt13669038,Women Talking,2022,104,6.9,64118
tt0094812,Bull Durham,1988,108,7.0,64062
tt1311067,Halloween II,2009,105,4.8,64024
tt0085549,Flashdance,1983,95,6.2,64007
tt0108333,The Three Musketeers,1993,105,6.4,63968
tt10696896,Stillwater,2021,139,6.6,63884
tt16431870,The Family Plan,2023,118,6.3,63878
tt19637052,Love Lies Bleeding,2024,104,6.6,63876
tt0401997,Breach,2007,110,7.0,63874
tt0412080,The World's Fastest Indian,2005,127,7.7,63852
tt0296042,Ichi the Killer,2001,129,6.9,63831
tt14253846,Speak No Evil,2022,97,6.7,63777
tt0377981,Gnomeo & Juliet,2011,84,5.9,63772
tt0109836,Frankenstein,1994,123,6.3,63760
tt0243655,Wet Hot American Summer,2001,97,6.5,63724
tt1850397,The Loft,2014,108,6.3,63720
tt1175709,All Good Things,2010,101,6.2,63695
tt0983946,Fantasy Island,2020,109,4.9,63688
tt0108147,Sister Act 2: Back in the Habit,1993,107,5.8,63676
tt0119349,The Ice Storm,1997,112,7.3,63663
tt0116830,Last Man Standing,1996,101,6.4,63645
tt0089791,Pee-wee's Big Adventure,1985,91,7.1,63644
tt0087553,The Killing Fields,1984,141,7.8,63622
tt4622512,Battle of the Sexes,2017,121,6.7,63615
tt1976009,Victor Frankenstein,2015,110,6.0,63588
tt23137904,Rebel Moon - Part Two: The Scargiver,2024,122,5.3,63584
tt2268016,Magic Mike XXL,2015,115,5.6,63581
tt0115956,Courage Under Fire,1996,116,6.6,63547
tt2076822,Chaos Walking,2021,109,5.7,63541
tt0185371,House on Haunted Hill,1999,93,5.6,63507
tt0106364,Batman: Mask of the Phantasm,1993,76,7.8,63505
tt1838556,Honest Thief,2020,99,6.0,63464
tt0368794,I'm Not There,2007,135,6.8,63458
tt0098282,"See No Evil, Hear No Evil",1989,103,6.8,63449
tt13405778,Insidious: The Red Door,2023,107,5.5,63438
tt0104036,The Crying Game,1992,112,7.2,63435
tt0091129,The Golden Child,1986,94,6.0,63431
tt5246700,How It Ends,2018,113,5.1,63421
tt0218922,Original Sin,2001,116,6.0,63413
tt0108330,This Boy's Life,1993,115,7.3,63404
tt4712810,Now You See Me: Now You Don't,2025,113,5.9,63384
tt1313092,Animal Kingdom,2010,113,7.2,63358
tt6820256,Arctic,2018,98,6.8,63345
tt0089822,Police Academy 2: Their First Assignment,1985,87,5.8,63343
tt0097123,Crimes and Misdemeanors,1989,104,7.8,63254
tt3848892,Baby,2015,159,7.9,63166
tt0073707,Sholay,1975,162,8.1,63119
tt0489049,Fanboys,2009,90,6.5,63105
tt2718492,Ida,2013,82,7.4,63057
tt0419677,Dead Man's Shoes,2004,90,7.5,63047
tt2547584,The Light Between Oceans,2016,133,7.2,63030
tt0271367,Eight Legged Freaks,2002,99,5.5,63017
tt0080801,The Gods Must Be Crazy,1980,109,7.3,62986
tt0250223,Asterix & Obelix: Mission Cleopatra,2002,107,6.7,62930
tt0183869,Taxi 2,2000,88,6.5,62894
tt0115641,Beavis and Butt-Head Do America,1996,81,6.8,62874
tt0248126,Kabhi Khushi Kabhie Gham...,2001,210,7.5,62849
tt0265029,America's Sweethearts,2001,102,5.7,62848
tt0120157,Soldier,1998,99,6.1,62795
tt13957560,Dumb Money,2023,105,6.8,62784
tt0098621,The War of the Roses,1989,116,6.9,62752
tt0056197,The Longest Day,1962,179,7.7,62715
tt0172684,Kuch Kuch Hota Hai,1998,185,7.5,62660
tt2176013,Jab Tak Hai Jaan,2012,176,6.7,62642
tt0087050,Children of the Corn,1984,92,5.6,62641
tt5814534,Spies in Disguise,2019,102,6.8,62635
tt0247586,Nine Queens,2000,114,7.9,62620
tt14107554,Dasvi,2022,125,7.3,62614
tt1185616,Waltz with Bashir,2008,90,8.0,62611
tt0116287,Fear,1996,97,6.2,62607
tt16428256,Suzume,2022,122,7.6,62550
tt0070849,Last Tango in Paris,1972,129,6.8,62506
tt2265398,Drinking Buddies,2013,90,6.1,62479
tt10431500,Miracle in Cell No. 7,2019,132,8.2,62473
tt0076729,Smokey and the Bandit,1977,96,7.0,62453
tt0199753,Red Planet,2000,106,5.7,62436
tt0107302,Kalifornia,1993,117,6.7,62418
tt27911000,Terrifier 3,2024,125,6.2,62405
tt6359956,A Bad Moms Christmas,2017,104,5.6,62399
tt1193631,Step Up 3D,2010,107,6.2,62381
tt0362165,Son of the Mask,2005,94,2.3,62342
tt5834262,Hotel Artemis,2018,94,6.1,62339
tt2377938,Special 26,2013,144,8.0,62305
tt2361317,Live by Night,2016,129,6.4,62280
tt1645080,The Art of Getting By,2011,83,6.5,62264
tt0146984,The Legend of Bagger Vance,2000,126,6.7,62256
tt4136084,Florence Foster Jenkins,2016,111,6.8,62241
tt0428803,March of the Penguins,2005,80,7.5,62223
tt5116302,Togo,2019,113,7.9,62198
tt14331144,Jujutsu Kaisen 0,2021,112,7.8,62188
tt4463894,Shaft,2019,111,6.4,62186
tt0088000,Revenge of the Nerds,1984,90,6.6,62157
tt0427470,The Lookout,2007,99,6.9,62136
tt0125022,Heartbreakers,2001,123,6.3,62077
tt0106598,Coneheads,1993,88,5.5,62069
tt9263550,Rocketry: The Nambi Effect,2022,157,8.6,62046
tt6491178,Dragged Across Concrete,2018,159,6.9,62043
tt3201640,Extinction,2018,95,5.8,62014
tt1285241,Don 2,2011,148,7.1,61981
tt1767354,Odd Thomas,2013,97,6.8,61964
tt26625693,The Order,2024,116,6.8,61918
tt0762125,Planet 51,2009,91,6.0,61888
tt0081283,Ordinary People,1980,124,7.7,61873
tt19500164,Nimona,2023,101,7.5,61848
tt0243585,Stuart Little 2,2002,77,5.5,61835
tt1204977,Ouija,2014,89,4.5,61828
tt1660648,Ricky Stanicky,2024,113,6.2,61810
tt2576852,The Tale of The Princess Kaguya,2013,137,8.0,61762
tt1971325,Automata,2014,109,6.0,61719
tt2884018,Macbeth,2015,113,6.6,61718
tt0228333,Ghosts of Mars,2001,98,4.9,61716
tt0119707,Mortal Kombat: Annihilation,1997,95,3.6,61696
tt0095174,Frantic,1988,120,6.8,61612
tt0057413,The Pink Panther,1963,115,7.0,61565
tt0094137,Three Men and a Baby,1987,102,6.1,61527
tt0090633,An American Tail,1986,80,6.9,61524
tt32430579,Crime 101,2026,140,6.8,61520
tt4387040,Airlift,2016,130,7.9,61484
tt0046359,Stalag 17,1953,120,7.9,61454
tt0404030,Everything Is Illuminated,2005,106,7.4,61384
tt0030341,The Lady Vanishes,1938,96,7.7,61353
tt0089155,Fletch,1985,98,6.9,61342
tt5500218,Samaritan,2022,102,5.7,61314
tt2574698,Gunday,2014,152,2.8,61314
tt12004038,Watcher,2022,96,6.3,61302
tt0109045,"The Adventures of Priscilla, Queen of the Desert",1994,104,7.5,61291
tt0408345,Firewall,2006,105,5.8,61288
tt0423866,3-Iron,2004,88,7.9,61269
tt0059646,Repulsion,1965,105,7.5,61260
tt1322312,Going the Distance,2010,102,6.3,61238
tt0112792,Dangerous Minds,1995,99,6.5,61233
tt0110366,The Little Rascals,1994,82,6.3,61225
tt0362225,Tell No One,2006,131,7.5,61212
tt0338094,The Haunted Mansion,2003,88,5.2,61166
tt2850386,The Croods: A New Age,2020,95,6.9,61155
tt0815241,Religulous,2008,101,7.6,61108
tt0086837,2010: The Year We Make Contact,1984,116,6.7,61105
tt0349710,Ladder 49,2004,115,6.5,61090
tt0324554,Wicker Park,2004,114,6.9,61083
tt1155592,Man on Wire,2008,94,7.7,61074
tt6772802,Hillbilly Elegy,2020,116,6.7,61061
tt7057496,Forgotten,2017,108,7.4,61040
tt0039628,Miracle on 34th Street,1947,96,7.9,61024
tt0123964,Life,1999,108,6.8,61015
tt0107076,Hard Target,1993,97,6.2,61012
tt0042546,Harvey,1950,104,7.9,60996
tt16300962,When Evil Lurks,2023,99,6.9,60988
tt3390572,Haider,2014,160,8.0,60982
tt1360860,About Elly,2009,119,7.9,60972
tt0228750,Proof of Life,2000,135,6.3,60939
tt1727776,Scouts Guide to the Zombie Apocalypse,2015,93,6.3,60892
tt0355702,Lords of Dogtown,2005,107,7.1,60881
tt0988047,Traitor,2008,114,6.9,60877
tt0074156,Assault on Precinct 13,1976,91,7.3,60870
tt1231580,Alvin and the Chipmunks: The Squeakquel,2009,88,4.6,60855
tt0083530,Airplane II: The Sequel,1982,85,6.2,60840
tt0102511,Naked Lunch,1991,115,6.9,60794
tt0347048,Head-On,2004,121,7.8,60791
tt0268995,The Majestic,2001,152,6.9,60786
tt0095294,Hellbound: Hellraiser II,1988,97,6.4,60778
tt0119256,Hard Eight,1996,101,7.1,60735
tt0327247,The Whole Ten Yards,2004,98,5.5,60658
tt23137390,Immaculate,2024,89,5.8,60642
tt2328900,Mary Queen of Scots,2018,124,6.3,60627
tt5691670,Under the Silver Lake,2018,139,6.5,60561
tt5431890,Official Secrets,2019,112,7.3,60543
tt0109190,Baby's Day Out,1994,99,6.2,60542
tt0112913,Fallen Angels,1995,99,7.5,60525
tt1572315,Texas Chainsaw,2013,92,4.8,60504
tt1691916,Before I Fall,2017,98,6.4,60500
tt0402910,Chaos,2005,106,6.4,60494
tt0060107,Andrei Rublev,1966,205,8.0,60494
tt0800325,The Dirt,2019,107,7.0,60492
tt6791096,I Feel Pretty,2018,110,5.7,60489
tt6402468,Blood Red Sky,2021,121,6.1,60474
tt5968394,Captive State,2019,109,6.0,60446
tt8663516,Child's Play,2019,90,5.7,60442
tt2591814,The Garden of Words,2013,46,7.4,60250
tt0106673,Dave,1993,110,6.9,60247
tt0119223,Great Expectations,1998,111,6.8,60239
tt1772240,Apollo 18,2011,86,5.2,60210
tt11161474,Pieces of a Woman,2020,126,7.0,60141
tt4595186,Luckiest Girl Alive,2022,113,6.4,60128
tt0181984,Boiler Room,2000,120,7.0,60123
tt0116313,The First Wives Club,1996,103,6.5,60116
tt0050613,Throne of Blood,1957,110,8.0,60090
tt4044364,Citizenfour,2014,114,8.0,59988
tt36463894,Predator: Killer of Killers,2025,85,7.4,59984
tt1800741,Step Up: Revolution,2012,99,6.4,59951
tt1783232,Conquest 1453,2012,162,6.4,59909
tt1592873,LOL,2012,97,4.4,59902
tt0096764,The Adventures of Baron Munchausen,1988,126,7.1,59882
tt2802154,Leviathan,2014,140,7.6,59869
tt0804522,Rendition,2007,122,6.8,59855
tt11024272,The Babysitter: Killer Queen,2020,101,5.8,59800
tt0997152,The Experiment,2010,96,6.4,59786
tt2119543,The House with a Clock in Its Walls,2018,105,6.1,59756
tt10350922,Laxmii,2020,141,2.6,59756
tt0119675,Mimic,1997,105,6.0,59749
tt0109068,Airheads,1994,92,6.2,59724
tt21626284,Lost Ladies,2023,122,8.3,59719
tt0115857,Chain Reaction,1996,107,5.7,59688
tt0477139,Wristcutters: A Love Story,2006,88,7.2,59684
tt14856980,Atlas,2024,118,5.7,59673
tt0385700,Final Fantasy VII: Advent Children,2005,101,7.1,59673
tt4005402,Colonia,2015,110,7.0,59656
tt1389096,Stand Up Guys,2012,95,6.4,59645
tt0814022,Bangkok Dangerous,2008,99,5.3,59634
tt0049366,Invasion of the Body Snatchers,1956,80,7.7,59631
tt7060344,Ratsasan,2018,146,8.3,59618
tt0054953,The Guns of Navarone,1961,158,7.5,59598
tt10999120,Spirited,2022,127,6.6,59545
tt3064298,Man Up,2015,88,6.8,59498
tt0947802,Lakeview Terrace,2008,110,6.2,59488
tt1182937,Rab Ne Bana Di Jodi,2008,167,7.2,59448
tt0286244,The Triplets of Belleville,2003,80,7.7,59413
tt0111756,Wyatt Earp,1994,191,6.7,59395
tt0114681,To Die For,1995,106,6.8,59343
tt0104684,Hard Boiled,1992,128,7.7,59340
tt0100944,The Witches,1990,91,6.8,59259
tt2463288,Walk of Shame,2014,95,6.0,59238
tt1798188,From Up on Poppy Hill,2011,91,7.4,59210
tt0372532,The Wedding Date,2005,90,6.1,59195
tt11909878,Hocus Pocus 2,2022,103,6.0,59178
tt5541240,To the Bone,2017,107,6.7,59162
tt0418455,Adam's Apples,2005,94,7.7,59113
tt5697572,Cats,2019,110,2.8,59084
tt4190530,Anthropoid,2016,120,7.2,59074
tt1837709,Winter's Tale,2014,118,6.1,59073
tt0089853,The Purple Rose of Cairo,1985,82,7.6,59073
tt0180073,Quills,2000,124,7.2,59066
tt0374102,Open Water,2003,79,5.8,59063
tt0082517,History of the World: Part I,1981,92,6.8,59015
tt4832640,Sultan,2016,170,7.1,59005
tt0138304,The Astronaut's Wife,1999,109,5.4,59004
tt3553442,Whiskey Tango Foxtrot,2016,112,6.6,59001
tt0026138,Bride of Frankenstein,1935,75,7.8,58975
tt0377062,Flight of the Phoenix,2004,113,6.1,58969
tt0117631,Shine,1996,105,7.6,58959
tt5390504,Detroit,2017,143,7.3,58924
tt0406759,The Eye,2008,98,5.4,58915
tt0091209,The Hitcher,1986,97,7.2,58902
tt0460989,The Wind That Shakes the Barley,2006,127,7.5,58883
tt0094964,Dead Ringers,1988,116,7.2,58847
tt2758880,Winter Sleep,2014,196,8.0,58834
tt0091149,The Great Mouse Detective,1986,74,7.1,58823
tt4799050,Rough Night,2017,101,5.3,58800
tt11116912,Troll,2022,101,5.8,58794
tt1578275,The Dilemma,2011,111,5.3,58778
tt0031971,Stagecoach,1939,96,7.8,58761
tt0098067,Parenthood,1989,124,7.1,58750
tt3922818,The Space Between Us,2017,120,6.4,58714
tt0881320,Sanctum,2011,108,5.9,58711
tt0095250,The Big Blue,1988,168,7.5,58701
tt0118843,"Black Cat, White Cat",1998,127,8.0,58691
tt4595882,Can You Ever Forgive Me?,2018,106,7.1,58685
tt1441326,Martha Marcy May Marlene,2011,102,6.8,58681
tt0765120,My Blueberry Nights,2007,95,6.6,58664
tt31050594,Mercy,2026,99,6.2,58638
tt0090967,Down by Law,1986,107,7.6,58627
tt1896747,Fly Me to the Moon,2024,132,6.6,58597
tt9115530,The Eyes of Tammy Faye,2021,126,6.6,58586
tt32897959,Wuthering Heights,2026,136,6.1,58579
tt1686821,Vampire Academy,2014,104,5.4,58564
tt29644189,Black Phone 2,2025,114,6.1,58557
tt2479478,The Ridiculous 6,2015,119,4.9,58495
tt0382992,Stealth,2005,121,5.1,58469
tt7549996,Judy,2019,118,6.8,58433
tt28037987,Saiyaara,2025,150,6.3,58424
tt19864802,Land of Bad,2024,113,6.6,58394
tt0065938,Kelly's Heroes,1970,144,7.6,58373
tt0094074,Superman IV: The Quest for Peace,1987,90,3.8,58362
tt1410063,The Flowers of War,2011,146,7.5,58321
tt0437863,The Benchwarmers,2006,85,5.6,58315
tt0443632,The Sentinel,2006,108,6.1,58295
tt7139936,A Rainy Day in New York,2019,92,6.4,58264
tt0107978,RoboCop 3,1993,104,4.2,58256
tt0402894,Casanova,2005,112,6.5,58192
tt0047673,White Christmas,1954,120,7.6,58182
tt0109635,Disclosure,1994,128,6.2,58161
tt1527793,No Other Choice,2025,139,7.5,58117
tt12610390,The Union,2024,107,5.5,58109
tt2170299,Bad Words,2013,89,6.7,58100
tt6333060,Icarus,2017,120,7.9,58100
tt0294870,Rent,2005,135,6.8,58088
tt5865326,The Laundromat,2019,96,6.3,57984
tt0150662,Show Me Love,1998,89,7.5,57969
tt31176520,Eddington,2025,148,6.6,57965
tt0385267,In Good Company,2004,109,6.4,57962
tt0421238,The Proposition,2005,104,7.3,57910
tt0251114,Hart's War,2002,125,6.4,57855
tt2870648,Amy,2015,128,7.8,57852
tt0109117,Andaz Apna Apna,1994,160,8.0,57852
tt0120032,Romy and Michele's High School Reunion,1997,92,6.4,57846
tt2967224,Hot Pursuit,2015,87,5.2,57843
tt6259380,Code 8,2019,98,6.1,57835
tt1289403,The Guernsey Literary and Potato Peel Pie Society,2018,124,7.3,57813
tt4978420,Borderlands,2024,101,4.7,57800
tt2178470,Yeh Jawaani Hai Deewani,2013,160,7.3,57786
tt1764183,Arbitrage,2012,107,6.6,57743
tt0029843,The Adventures of Robin Hood,1938,102,7.9,57737
tt8426926,Shamshera,2022,178,4.7,57718
tt0191754,28 Days,2000,103,6.1,57704
tt1043726,The Legend of Hercules,2014,99,4.3,57682
tt17527468,Bottoms,2023,91,6.7,57680
tt0810922,Take Me Home Tonight,2011,97,6.3,57677
tt1748227,The Collection,2012,82,6.1,57672
tt0271668,National Security,2003,88,5.6,57617
tt0065462,Beneath the Planet of the Apes,1970,95,6.0,57611
tt0058329,Marnie,1964,130,7.1,57610
tt0083767,Creepshow,1982,120,6.8,57585
tt0087781,The Natural,1984,138,7.4,57555
tt0120399,U Turn,1997,125,6.7,57544
tt0072443,The Mirror,1975,107,7.9,57537
tt9777644,Da 5 Bloods,2020,154,6.5,57524
tt2935476,Far from the Madding Crowd,2015,119,7.1,57505
tt0066434,THX 1138,1971,86,6.6,57504
tt2396589,Mudbound,2017,134,7.4,57490
tt0107050,Grumpy Old Men,1993,103,7.0,57486
tt0210070,Ginger Snaps,2000,108,6.8,57481
tt1341188,How Do You Know,2010,121,5.4,57460
tt0110950,Reality Bites,1994,99,6.6,57426
tt1069238,Departures,2008,130,8.0,57423
tt0070510,Paper Moon,1973,102,8.1,57401
tt33244668,Anaconda,2025,99,5.6,57377
tt0127723,Can't Hardly Wait,1998,100,6.5,57308
tt0091080,Friday the 13th Part VI: Jason Lives,1986,86,6.0,57290
tt0275277,Cowboy Bebop: The Movie - Knockin' on Heaven's Door,2001,115,7.8,57261
tt0088172,Starman,1984,115,7.0,57200
tt2118624,The Final Girls,2015,91,6.5,57157
tt26470109,Oddity,2024,98,6.7,57110
tt5783956,When We First Met,2018,97,6.4,57101
tt0049223,Forbidden Planet,1956,98,7.5,57092
tt0050783,Nights of Cabiria,1957,110,8.1,57050
tt1321509,Death at a Funeral,2010,92,5.7,57044
tt0403358,Night Watch,2004,114,6.4,57012
tt0095776,Oliver & Company,1988,74,6.6,57006
tt4769836,The Do-Over,2016,108,5.7,56995
tt0095253,The Great Outdoors,1988,91,6.6,56983
tt0091217,Hoosiers,1986,114,7.4,56957
tt0101765,The Double Life of Véronique,1991,98,7.6,56932
tt13327038,Do Revenge,2022,118,6.3,56916
tt2103254,Tammy,2014,97,4.9,56906
tt0051459,Cat on a Hot Tin Roof,1958,108,7.9,56901
tt0811138,The Love Guru,2008,87,3.8,56895
tt0067328,The Last Picture Show,1971,118,8.0,56872
tt7825208,Marighella,2019,155,7.1,56871
tt0084707,Sophie's Choice,1982,150,7.5,56869
tt3758814,The Ice Road,2021,109,5.7,56816
tt1414382,You Again,2010,105,5.8,56785
tt3986820,The Endless,2017,111,6.5,56769
tt10275534,To Catch a Killer,2023,119,6.6,56760
tt0821642,The Soloist,2009,117,6.7,56756
tt7668842,Enes Batur: Imagination or Reality?,2018,110,2.0,56755
tt9203694,Stowaway,2021,116,5.7,56745
tt2771372,Veronica Mars,2014,107,6.7,56713
tt5536736,The Meyerowitz Stories,2017,112,6.9,56704
tt0338466,Stuck on You,2003,118,5.8,56694
tt0018455,Sunrise,1927,94,8.1,56685
tt0891527,Lions for Lambs,2007,92,6.2,56678
tt0082933,Possession,1981,124,7.2,56662
tt1176740,Away We Go,2009,98,7.0,56660
tt8236336,The Report,2019,119,7.2,56650
tt0113117,French Kiss,1995,111,6.6,56611
tt1086064,Bill & Ted Face the Music,2020,91,5.9,56608
tt8544498,The Way Back,2020,108,6.7,56579
tt0375173,Alfie,2004,103,6.2,56570
tt0800241,Transsiberian,2008,111,6.6,56560
tt0038109,Spellbound,1945,111,7.5,56462
tt18411490,Tiger 3,2023,155,5.6,56459
tt22297828,Chor Nikal Ke Bhaga,2023,110,7.2,56388
tt0080661,Dressed to Kill,1980,104,7.0,56373
tt1967545,Labor Day,2013,111,6.9,56329
tt0120434,Vegas Vacation,1997,93,5.9,56305
tt27744786,Shaitaan,2024,132,6.5,56274
tt1606392,Win Win,2011,106,7.1,56271
tt1024943,Om Shanti Om,2007,162,6.8,56232
tt0367652,Deuce Bigalow: European Gigolo,2005,83,4.7,56203
tt0071222,Black Christmas,1974,98,7.1,56180
tt0375154,Tristan + Isolde,2006,125,6.8,56142
tt3174376,Before I Wake,2016,97,6.2,56126
tt11127680,Boiling Point,2021,92,7.5,56104
tt0117918,Tin Cup,1996,135,6.4,56077
tt26439764,Kantara: A Legend - Chapter 1,2025,165,8.1,56028
tt0090056,Spies Like Us,1985,102,6.4,56008
tt0443473,The Condemned,2007,113,6.0,55982
tt31973693,The Roses,2025,105,6.6,55974
tt1791682,While We're Young,2014,97,6.3,55893
tt0037008,Laura,1944,88,7.9,55884
tt0097981,A Nightmare on Elm Street: The Dream Child,1989,89,5.0,55862
tt7315484,The Silence,2019,90,5.4,55811
tt32149847,Drop,2025,95,6.1,55757
tt1321510,In the Heights,2021,143,7.2,55751
tt0101917,Freddy's Dead: The Final Nightmare,1991,89,4.7,55710
tt8368408,Gunpowder Milkshake,2021,114,6.1,55702
tt27459160,Teri Baaton Mein Aisa Uljha Jiya,2024,141,6.2,55665
tt1403177,Hesher,2010,106,6.9,55659
tt0085382,Cujo,1983,93,6.1,55653
tt1073105,The Descent: Part 2,2009,94,5.7,55653
tt7557108,Saint Maud,2019,84,6.6,55650
tt1596346,Soul Surfer,2011,112,7.0,55649
tt0292644,The Rules of Attraction,2002,110,6.6,55627
tt0144528,Nutty Professor II: The Klumps,2000,106,4.5,55587
tt24950660,Eternity,2025,114,6.9,55581
tt0107616,Much Ado About Nothing,1993,111,7.3,55581
tt3291150,The Expendables 4,2023,103,4.8,55547
tt1172994,The House of the Devil,2009,95,6.3,55521
tt0887261,Hellraiser,2022,121,5.9,55504
tt1825157,The Double,2013,93,6.4,55487
tt0073341,The Man Who Would Be King,1975,129,7.7,55480
tt0297181,I Spy,2002,97,5.4,55470
tt5177088,The Girl in the Spider's Web,2018,115,6.1,55456
tt1068242,Footloose,2011,113,5.9,55454
tt0093777,Prince of Darkness,1987,102,6.6,55435
tt0107131,Homeward Bound: The Incredible Journey,1993,84,7.0,55430
tt0795493,Cassandra's Dream,2007,108,6.6,55388
tt0300140,Lilya 4-Ever,2002,109,7.8,55370
tt6148156,Vikram Vedha,2017,147,8.2,55347
tt0097202,The Killer,1989,111,7.7,55293
tt0112883,Don Juan DeMarco,1994,97,6.7,55284
tt0091059,Flight of the Navigator,1986,90,6.9,55275
tt0093640,No Way Out,1987,114,7.1,55270
tt1531663,Everything Must Go,2010,97,6.4,55257
tt0089457,Ladyhawke,1985,121,6.9,55183
tt15257160,Pain Hustlers,2023,123,6.6,55115
tt2368619,The Take,2016,92,6.4,55075
tt4048272,Toni Erdmann,2016,162,7.3,55068
tt0065126,True Grit,1969,128,7.4,55064
tt7125860,If Beale Street Could Talk,2018,119,7.1,55048
tt11657662,The Witcher: Nightmare of the Wolf,2021,83,7.2,55043
tt0096163,The Vanishing,1988,107,7.6,55034
tt3398268,When Marnie Was There,2014,103,7.6,55027
tt0104389,The Hand That Rocks the Cradle,1992,110,6.7,55019
tt0762073,Thirst,2009,134,7.1,55004
tt4139124,Keanu,2016,100,6.2,54977
tt1839596,Rockstar,2011,159,7.8,54964
tt0062803,Chitty Chitty Bang Bang,1968,144,7.0,54960
tt0475944,The Covenant,2006,97,5.2,54954
tt5932728,The Professor and the Madman,2019,124,7.2,54950
tt0269347,The Hunted,2003,94,6.1,54895
tt1666186,Vampires Suck,2010,82,3.5,54895
tt0388473,Tokyo Godfathers,2003,92,7.8,54892
tt1741273,Secret in Their Eyes,2015,111,6.3,54874
tt0089092,Enemy Mine,1985,108,6.9,54828
tt3405236,Raees,2017,143,6.6,54809
tt0124718,He Got Game,1998,136,6.9,54789
tt11466222,Jackass Forever,2022,96,6.8,54776
tt1212436,The Back-up Plan,2010,104,5.3,54746
tt10620868,"#Alive",2020,98,6.3,54743
tt1139668,The Unborn,2009,88,4.7,54742
tt2140203,Wolf Children,2012,117,8.1,54737
tt0880578,Untraceable,2008,101,6.2,54722
tt0417217,Two for the Money,2005,122,6.2,54712
tt2243537,A Haunted House,2013,86,5.1,54701
tt0305206,American Splendor,2003,101,7.4,54691
tt2403021,The Green Inferno,2013,100,5.4,54680
tt15552142,Caddo Lake,2024,103,6.8,54672
tt0022913,Freaks,1932,64,7.8,54659
tt0815244,Sydney White,2007,108,6.2,54656
tt22041854,Priscilla,2023,113,6.4,54602
tt1416801,Kill the Irishman,2011,106,7.0,54593
tt8508734,His House,2020,93,6.4,54592
tt9412098,Fyre,2019,97,7.2,54569
tt0091225,Howard the Duck,1986,110,4.8,54512
tt1181791,Black Death,2010,102,6.4,54508
tt1613750,Kon-Tiki,2012,118,7.1,54483
tt7734218,Stuber,2019,93,6.2,54476
tt3808342,Son of Saul,2015,107,7.4,54442
tt2345737,The Rover,2014,103,6.4,54391
tt1727770,Absolutely Anything,2015,85,6.0,54386
tt0171433,Keeping the Faith,2000,128,6.4,54384
tt1190536,Black Dynamite,2009,84,7.4,54378
tt5563334,The Good Liar,2019,109,6.7,54328
tt0387575,Seed of Chucky,2004,87,4.9,54320
tt1320244,The Last Exorcism,2010,87,5.7,54319
tt1308729,Bullet to the Head,2012,92,5.7,54318
tt0400497,Herbie: Fully Loaded,2005,101,5.0,54316
tt0430308,Get Rich or Die Tryin',2005,117,5.6,54288
tt1430626,The Pirates! Band of Misfits,2012,88,6.7,54271
tt0064505,The Italian Job,1969,99,7.2,54248
tt12680684,The Hand of God,2021,130,7.3,54230
tt0045793,From Here to Eternity,1953,118,7.6,54220
tt0107659,Loaded Weapon 1,1993,84,6.2,54191
tt0364751,Without a Paddle,2004,95,5.9,54185
tt0090022,Silverado,1985,133,7.2,54177
tt0281686,Bubba Ho-Tep,2002,92,6.9,54153
tt0240515,Freddy Got Fingered,2001,87,4.7,54138
tt2039338,Flatliners,2017,109,5.2,54130
tt1596345,Pawn Sacrifice,2014,115,7.0,54130
tt5208252,Operation Finale,2018,122,6.6,54091
tt13818368,Fighter,2024,166,6.2,54081
tt0844286,The Brothers Bloom,2008,114,6.7,54081
tt0457433,Perfect Stranger,2007,109,5.7,54069
tt0493405,CHIPS,2017,100,6.0,54057
tt1869716,The East,2013,116,6.8,54045
tt1276419,A Royal Affair,2012,137,7.5,54004
tt0092513,Adventures in Babysitting,1987,102,6.9,53980
tt0273923,Orange County,2002,82,6.2,53977
tt0110997,The River Wild,1994,111,6.5,53956
tt9637132,Samrat Prithviraj,2022,135,5.5,53945
tt11851548,Orphan: First Kill,2022,99,5.9,53938
tt0116277,The Fan,1996,116,5.9,53937
tt0245803,Bulletproof Monk,2003,104,5.5,53933
tt4176826,Look Who's Back,2015,116,7.0,53916
tt0220506,Halloween: Resurrection,2002,90,3.9,53916
tt0074896,The Message,1976,177,8.1,53911
tt1334512,Arthur,2011,110,5.7,53871
tt0069113,The Poseidon Adventure,1972,117,7.1,53864
tt3881784,Stronger,2017,119,6.9,53846
tt0141369,Inspector Gadget,1999,78,4.2,53846
tt1135487,Duplicity,2009,125,6.1,53826
tt1827487,Once Upon a Time in Anatolia,2011,157,7.8,53777
tt7153766,Unsane,2018,98,6.4,53752
tt1931435,The Big Wedding,2013,89,5.6,53737
tt0440803,Shutter,2004,97,7.0,53726
tt0088794,Better Off Dead,1985,97,7.1,53723
tt0103893,Buffy the Vampire Slayer,1992,86,5.7,53716
tt31712434,Sikandar,2025,148,3.6,53704
tt5918982,Possessor,2020,103,6.5,53639
tt4781612,Imperium,2016,109,6.5,53634
tt3495026,Fan,2016,142,6.8,53625
tt33996113,Param Sundari,2025,152,5.0,53605
tt7772580,The Perfection,2018,90,6.2,53575
tt9354842,To All the Boys: P.S. I Still Love You,2020,101,6.1,53570
tt0433386,The Grudge 2,2006,102,5.1,53551
tt15979666,The Archies,2023,141,4.2,53538
tt0179626,15 Minutes,2001,120,6.1,53536
tt0105104,Passenger 57,1992,84,5.9,53527
tt3427252,The Boogeyman,2023,98,5.9,53505
tt0093300,Jaws: The Revenge,1987,89,3.1,53498
tt2382396,Joe,2013,117,6.8,53471
tt0083564,Annie,1982,127,6.6,53436
tt1540011,Blair Witch,2016,89,5.0,53416
tt2452042,The Peanuts Movie,2015,88,7.0,53390
tt0139699,Varsity Blues,1999,106,6.6,53381
tt4158096,Free Fire,2016,91,6.3,53373
tt1833673,Dhoom 3,2013,172,5.4,53370
tt1084950,Rachel Getting Married,2008,113,6.7,53368
tt0456144,Lage Raho Munna Bhai,2006,144,8.0,53350
tt0436339,G-Force,2009,88,5.1,53336
tt0061395,Belle de Jour,1967,100,7.6,53318
tt0068611,Frenzy,1972,116,7.4,53313
tt5862312,Veronica,2017,105,6.2,53289
tt0363226,The Blind Swordsman: Zatoichi,2003,116,7.4,53268
tt8522006,Happiest Season,2020,102,6.6,53266
tt0114781,Under Siege 2: Dark Territory,1995,100,5.6,53265
tt1286537,"Food, Inc.",2008,94,7.8,53249
tt11045422,Toofaan,2021,163,6.1,53245
tt0808510,Tooth Fairy,2010,101,5.1,53228
tt0109642,Dolores Claiborne,1995,132,7.4,53200
tt0929425,Gomorrah,2008,137,7.0,53172
tt0460780,In the Name of the King: A Dungeon Siege Tale,2007,127,3.8,53147
tt1313104,The Cove,2009,92,8.4,53144
tt0806203,Carriers,2009,84,5.9,53131
tt5117670,Peter Rabbit,2018,95,6.6,53050
tt4758646,War Machine,2017,122,6.0,53047
tt30472557,Chainsaw Man - The Movie: Reze Arc,2025,100,8.3,53029
tt0367479,After the Sunset,2004,97,6.3,53018
tt0375210,White Noise,2005,101,5.5,53012
tt0263757,Uptown Girls,2003,92,6.3,52995
tt0074483,The Enforcer,1976,96,6.7,52992
tt10039344,Countdown,2019,90,5.4,52972
tt0424993,Employee of the Month,2006,103,5.6,52961
tt0293715,My Sassy Girl,2001,137,7.9,52932
tt0069281,Sleuth,1972,138,7.9,52916
tt6212478,American Animals,2018,116,7.0,52907
tt2669336,Time Lapse,2014,104,6.5,52900
tt1966604,The Imposter,2012,99,7.4,52872
tt0977855,Fair Game,2010,108,6.8,52832
tt0155975,Psycho,1998,105,4.6,52826
tt0069947,The Day of the Jackal,1973,143,7.8,52806
tt10530176,The Call,2020,112,7.1,52802
tt0935075,Rabbit Hole,2010,91,6.9,52783
tt1225822,Extract,2009,92,6.1,52776
tt1621045,Think Like a Man,2012,122,6.5,52768
tt0061735,Guess Who's Coming to Dinner,1967,108,7.8,52732
tt6968614,The Mother,2023,115,5.6,52731
tt1626146,Hector and the Search for Happiness,2014,114,6.9,52728
tt0085750,Jaws 3-D,1983,99,3.8,52722
tt0104291,Forever Young,1992,102,6.4,52720
tt0160797,Rules of Engagement,2000,128,6.4,52703
tt0227984,Formula 51,2001,93,6.3,52662
tt4443658,Better Watch Out,2016,89,6.5,52656
tt0100404,Presumed Innocent,1990,127,6.9,52651
tt1294688,Last Night,2010,93,6.5,52625
tt2837574,The Old Man & the Gun,2018,93,6.7,52610
tt1017451,The Runaways,2010,106,6.5,52604
tt0362269,Kinsey,2004,118,7.0,52588
tt1691917,Planes,2013,91,5.7,52557
tt0072308,The Towering Inferno,1974,165,7.0,52544
tt14371878,Lift,2024,107,5.6,52542
tt0112715,Congo,1995,109,5.3,52484
tt0331811,11:14,2003,86,7.1,52470
tt0358135,Shall We Dance?,2004,106,6.2,52470
tt0103759,Bad Lieutenant,1992,96,7.0,52447
tt28443655,Death of a Unicorn,2025,107,5.8,52418
tt2404461,The Past,2013,130,7.7,52414
tt1205535,The Rebound,2009,95,6.3,52380
tt0095444,Killer Klowns from Outer Space,1988,88,6.2,52374
tt0071615,The Holy Mountain,1973,114,7.7,52363
tt3860916,Cargo,2017,105,6.3,52345
tt0094963,The Dead Pool,1988,91,6.3,52323
tt1067774,Monte Carlo,2011,109,5.8,52294
tt0091867,A Room with a View,1986,117,7.2,52284
tt0086383,Sudden Impact,1983,117,6.6,52279
tt11252248,Dog,2022,101,6.5,52275
tt0119807,Nothing to Lose,1997,98,6.7,52271
tt0091187,Heartbreak Ridge,1986,130,6.8,52270
tt4385888,20th Century Women,2016,119,7.3,52261
tt0490086,Big Stan,2007,105,6.2,52251
tt2737050,"Two Days, One Night",2014,95,7.3,52241
tt1270761,Don't Be Afraid of the Dark,2010,99,5.5,52230
tt1321860,The Beaver,2011,91,6.6,52204
tt27075958,Fountain of Youth,2025,125,5.7,52156
tt0364385,Ju-on: The Grudge,2002,92,6.7,52130
tt1480656,Cosmopolis,2012,109,5.1,52127
tt5571734,Pink,2016,136,8.0,52124
tt27847051,The Secret Agent,2025,161,7.2,52123
tt0067093,Fiddler on the Roof,1971,181,8.0,52086
tt27989067,Lust Stories 2,2023,132,5.7,52074
tt0238936,Devdas,2002,185,7.6,52065
tt0280486,Bad Company,2002,116,5.6,52026
tt0299930,Gigli,2003,121,2.7,52026
tt0094336,Withnail and I,1987,107,7.5,52025
tt7533152,The Boy Who Harnessed the Wind,2019,113,7.6,52005
tt0097474,Halloween 5: The Revenge of Michael Myers,1989,96,4.9,51971
tt21103218,The Lost Bus,2025,130,6.8,51949
tt0091777,Police Academy 3: Back in Training,1986,83,5.4,51896
tt26342662,M3GAN 2.0,2025,120,6.0,51895
tt1213648,London Boulevard,2010,103,6.2,51873
tt5397194,Anon,2018,100,6.1,51867
tt0112453,Balto,1995,78,7.1,51833
tt15501640,Drishyam 2,2022,140,8.2,51833
tt1562871,Ra.One,2011,156,5.0,51809
tt0455857,When a Stranger Calls,2006,87,5.1,51801
tt0048028,East of Eden,1955,118,7.8,51771
tt0097027,Casualties of War,1989,113,7.1,51750
tt2333804,The Zero Theorem,2013,107,6.0,51720
tt0838232,The Pink Panther 2,2009,92,5.6,51710
tt0090060,St. Elmo's Fire,1985,108,6.4,51677
tt2991224,Tangerines,2013,87,8.1,51668
tt5962210,Ingrid Goes West,2017,98,6.6,51649
tt0111512,Drunken Master II,1994,102,7.5,51615
tt0257756,High Crimes,2002,115,6.4,51605
tt0297884,Far from Heaven,2002,107,7.3,51582
tt9900782,Kaithi,2019,145,8.4,51541
tt3165612,Sleeping with Other People,2015,101,6.5,51500
tt0117407,Pusher,1996,110,7.3,51494
tt0117765,Striptease,1996,115,4.6,51480
tt1175491,W.,2008,129,6.3,51477
tt27028399,Murder Mubarak,2024,140,5.8,51474
tt2567712,Starred Up,2013,106,7.3,51454
tt0071129,Amarcord,1973,123,7.8,51405
tt0117589,Secrets & Lies,1996,136,8.0,51395
tt5774450,Summer of 84,2018,105,6.7,51394
tt0416044,Mongol: The Rise of Genghis Khan,2007,126,7.2,51388
tt0092610,Bad Taste,1987,91,6.5,51362
tt0324133,Swimming Pool,2003,102,6.7,51353
tt0805647,The Witches,2020,106,5.4,51292
tt0278435,Enough,2002,115,5.8,51288
tt6857376,Palmer,2021,110,7.3,51280
tt14577874,It's What's Inside,2024,103,6.6,51272
tt0105046,Of Mice and Men,1992,115,7.4,51269
tt0074811,The Tenant,1976,126,7.5,51267
tt0179116,But I'm a Cheerleader,1999,85,6.9,51251
tt2076220,Holy Motors,2012,115,7.0,51251
tt3361792,Tolkien,2019,112,6.8,51240
tt0082186,Clash of the Titans,1981,118,6.9,51238
tt0385726,Glory Road,2006,118,7.2,51216
tt0473308,Waitress,2007,108,7.0,51180
tt0103956,Child's Play 3,1991,90,5.2,51173
tt0266465,A Man Apart,2003,109,6.0,51162
tt0100477,The Rescuers Down Under,1990,77,6.8,51143
tt0233142,3000 Miles to Graceland,2001,125,6.0,51098
tt0486583,Fred Claus,2007,116,5.7,51071
tt0848557,Diary of the Dead,2007,95,5.5,51066
tt0124198,Very Bad Things,1998,100,6.3,51058
tt0100050,Look Who's Talking Too,1990,81,4.7,51057
tt0058182,A Hard Day's Night,1964,87,7.5,51054
tt0332375,Saved!,2004,92,6.7,51034
tt0110527,Miracle on 34th Street,1994,114,6.7,50952
tt1172991,The Company Men,2010,104,6.7,50918
tt0057193,"It's a Mad, Mad, Mad, Mad World",1963,210,7.5,50899
tt0455499,Garfield: A Tail of Two Kitties,2006,82,5.0,50897
tt0117247,One Fine Day,1996,108,6.5,50865
tt14993250,Rocky Aur Rani Kii Prem Kahaani,2023,168,6.5,50846
tt3513500,Chip 'n Dale: Rescue Rangers,2022,97,6.9,50839
tt1402488,Happy Feet Two,2011,100,5.8,50830
tt1053810,The Big Year,2011,100,6.2,50828
tt0099141,Bird on a Wire,1990,110,6.0,50823
tt0240468,Kung Pow: Enter the Fist,2002,81,6.2,50778
tt0309377,Blood Work,2002,110,6.4,50729
tt0096787,All Dogs Go to Heaven,1989,84,6.8,50661
tt10280296,Sardar Udham,2021,164,8.3,50658
tt2702724,The Boss,2016,99,5.4,50641
tt0140888,Central Station,1998,110,8.0,50633
tt10298840,Strange World,2022,102,5.7,50583
tt0084855,The Verdict,1982,129,7.7,50563
tt0283509,No Man's Land,2001,98,7.9,50558
tt2017020,The Smurfs 2,2013,105,5.3,50555
tt9619798,The Wrong Missy,2020,90,5.8,50549
tt12921446,The Exorcist: Believer,2023,111,4.8,50542
tt0095675,Women on the Verge of a Nervous Breakdown,1988,88,7.5,50535
tt0118954,Deconstructing Harry,1997,96,7.3,50533
tt1640459,Hobo with a Shotgun,2011,86,6.1,50512
tt0068361,The Discreet Charm of the Bourgeoisie,1972,102,7.7,50510
tt0102034,Highlander II: The Quickening,1991,91,4.2,50451
tt2235695,Rebecca,2020,123,6.1,50359
tt0425637,Red Cliff,2008,148,7.3,50356
tt12749596,Host,2020,57,6.5,50329
tt4481514,The House,2017,88,5.6,50314
tt10155932,Cinderella,2021,112,4.4,50311
tt1920849,Bachelorette,2012,87,5.3,50306
tt0107969,Rising Sun,1993,129,6.3,50282
tt1462769,The Odd Life of Timothy Green,2012,105,6.6,50265
tt7431594,Race 3,2018,160,1.9,50252
tt11304740,Wish,2023,95,5.5,50227
tt1216491,Kill the Messenger,2014,112,6.9,50208
tt0138510,Idle Hands,1999,92,6.3,50180
tt0808399,"New York, I Love You",2008,103,6.2,50123
tt1470023,MacGruber,2010,90,5.6,50110
tt5525650,The Goat Life,2024,173,7.1,50103
tt1695843,Haunted Mansion,2023,123,6.0,50074
tt3205376,Slow West,2015,84,6.9,50002
